YR,Height,Player,Team,Conf,GP,Position,Min%,PRPG!,D-PRPG,BPM,OBPM,DBPM,ORtg,D-Rtg,Usg,eFG,TS,OR,DR,Ast,TO,A/TO,Blk,Stl,FTR,FC/40,Rim%,FT%,2PT%,3PR,3P/100,3PT%
Fr,6-9,Cameron Boozer,Duke,ACC,12,F,76.8,7.3,5.5,18.4,12.8,5.7,134.6,80.9,31.1,61.4,65.3,12.2,22.1,26.8,11.3,2.1,3.4,3.1,52.6,2.4,0.704,0.767,0.659,28.1,7.3,0.333
Sr,6-2,Bruce Thornton,Ohio St.,B10,11,G,88.4,7.1,4.2,12.5,9.5,3,143.5,98.8,21.7,67.6,71.1,1.6,13.2,23.3,8.6,3.7,1.1,2.2,38.8,1.9,0.758,0.852,0.663,40.3,8.1,0.464
Sr,6-9,Yaxel Lendeborg,Michigan,B10,10,F,69.1,6.4,5.1,20,12.3,7.6,150.7,79.5,20.1,70.8,74.6,6.7,18.4,20.4,10.4,3.4,5.2,3,49.4,1.9,0.857,0.864,0.825,55.1,9.3,0.408
So,6-3,Christian Anderson,Texas Tech,B12,12,G,95.3,6.3,4.2,9.4,7.9,1.5,126.5,101.2,24.8,61.3,63.5,2.1,8,33.6,18,2.4,0,2.9,32.5,1.7,0.71,0.736,0.563,56.4,11.4,0.435
Sr,6-7,Keyshawn Hall,Auburn,SEC,11,F,75.4,6.3,3.4,8.1,8.3,-0.2,127.7,103.2,26.2,54.3,64.6,8.4,19.9,12.4,16.1,0.9,1.8,1.1,73.4,2.4,0.554,0.894,0.506,36.7,7.4,0.404
So,6-4,Labaron Philon,Alabama,SEC,11,G,72.2,6.2,3,11.7,10.5,1.2,126.7,102.5,30.9,64.1,65.9,2,9.8,37.6,16.4,2,1.1,2.1,35,2.9,0.724,0.732,0.637,36.3,9.5,0.431
Fr,6-9,AJ Dybantsa,BYU,B12,12,F,77.3,6.2,4.6,12.5,9.5,3,125.9,90.1,31.1,59.8,64.3,6.2,17.5,21.3,13.8,1.4,1.8,2.5,57.7,1.2,0.746,0.766,0.632,18.4,4.6,0.3
Sr,6-7,Cade Tyson,Minnesota,B10,11,G,88.5,6.1,3.6,8.4,8.2,0.3,130.8,103.5,25.8,61.2,67.9,7.3,10,14.7,11.9,1.2,0,1.7,77.6,2.9,0.755,0.817,0.613,44,9.1,0.407
Sr,5-11,Tavari Johnson,Akron,MAC,11,G,74.8,6,2.2,9.7,10,-0.3,139.6,112.1,26.2,65.7,68.5,1.9,4.1,28.5,11.4,3.2,1,2.3,23.5,1.6,0.727,0.889,0.649,36.6,9.3,0.446
So,6-5,Cameron Carr,Baylor,B12,11,F,78.7,6,3.2,9.3,8.5,0.8,135.7,104,23.3,64.2,68.2,3.3,15.8,8.5,12.2,0.9,5.1,1.1,45.8,2.2,0.706,0.818,0.655,41.7,9.5,0.417
Sr,6-1,Tamin Lipsey,Iowa St.,B12,8,G,57.6,5.8,5.1,14.2,7.9,6.3,137.5,86.5,22,54.1,57.2,4.9,8,27.7,5,9,0.5,5.6,24.7,1.7,0.649,0.792,0.591,32,6.9,0.29
Sr,6-11,Oscar Cluff,Purdue,B10,12,C,57.6,5.8,3.3,13,9.9,3.1,159.8,91.5,19.8,73.4,75.4,24.2,22,13.2,7.7,3,4.3,0.9,40.5,4.8,0.807,0.813,0.734,0,0,0
Fr,6-2,Ebuka Okorie,Stanford,ACC,10,G,68.1,5.8,3.6,10.2,7.9,2.3,126.8,100.9,27.8,50,58.3,2.4,11.3,19.6,7.4,2.5,1,3.1,63,2,0.557,0.815,0.511,38.4,9.6,0.321
Sr,6-5,Richie Saunders,BYU,B12,12,G,78.3,5.7,4.8,12.2,8.1,4,134.3,89,22.7,62.1,66,5.2,12.5,12.3,10,1.7,1.2,4.1,40,2.3,0.667,0.821,0.627,52.1,11,0.411
Sr,6-4,MJ Collins,Utah St.,MWC,10,G,76.6,5.7,3.4,9.6,8.7,0.9,140.8,100.9,21.9,66,70,1.6,6.5,12.1,9.4,1.9,0.4,1.9,39.5,1.8,0.727,0.872,0.613,47.9,10.7,0.474
Sr,6-7,Nick Martinelli,Northwestern,B10,11,F,73.4,5.7,3.4,7.8,7.9,-0.1,131.2,101.9,26.5,64.3,67.6,10.1,13.6,10.8,10,1.1,1.6,1.2,51.7,3.3,0.75,0.77,0.592,16.1,3.8,0.609
Sr,6-7,Nick Townsend,Yale,Ivy,10,F,84.7,5.7,2.4,6.6,7.8,-1.1,132.2,112.1,25.5,59.8,63.8,7.9,19.4,27.2,13.9,2.2,0,0.5,41.9,2.4,0.56,0.796,0.518,29.1,6,0.529
Sr,6-4,Bennett Stirtz,Iowa,B10,12,G,90.9,5.6,4.9,9.6,6.6,3,130.8,94.4,21.8,59.6,63,1.3,7.9,25,11.7,3.3,0.6,3,35.3,2.1,0.641,0.792,0.557,48.5,9.3,0.424
Sr,6-2,Kylan Boswell,Illinois,B10,11,G,81,5.6,3.6,6.8,5.4,1.4,132.5,100.6,21.8,54.7,60.6,5.5,8.7,17.8,10.3,2.7,0,1.1,54.3,3.4,0.692,0.794,0.594,44.8,8.3,0.327
Fr,6-6,Keaton Wagler,Illinois,B10,11,G,78.2,5.6,3.6,7.8,6.4,1.4,133.9,99.8,21.8,53.7,61,8.4,8.4,16.9,11.4,2.4,0.9,1.3,57,2.8,0.69,0.836,0.491,50.5,9,0.389
Sr,6-0,Boopie Miller,SMU,ACC,11,G,85.4,5.6,4,9.1,6.6,2.5,126.1,98.7,25.8,53.3,63.1,2,9.5,31.2,16.4,2.4,0.3,3.4,61.8,2.7,0.5,0.917,0.477,36.8,7,0.42
Jr,6-1,Aden Holloway,Alabama,SEC,8,G,51.8,5.6,3,7.5,8.1,-0.6,133.1,102.8,21.5,60.9,63.9,1.4,7,23,10.6,3.1,0,1.1,17.7,3.2,0.556,0.941,0.553,60.4,13.3,0.431
Sr,6-9,Joshua Jefferson,Iowa St.,B12,11,C,73.1,5.5,4.7,13.2,8.4,4.7,130.3,86.8,27.4,59.4,62.8,7.4,20.3,27.9,14,2.5,3.4,2.6,42.2,3,0.667,0.759,0.58,21.9,4.9,0.429
Fr,6-10,Caleb Wilson,North Carolina,ACC,12,C,75,5.3,5,13.4,8.6,4.8,123.3,84.4,29.6,56.2,60.8,11.7,25.3,17.1,11.5,1.4,4.3,2.6,67.1,3,0.662,0.714,0.576,9.6,2.3,0.286
Fr,6-3,Darius Acuff Jr.,Arkansas,SEC,12,G,81.9,5.3,3.4,8.3,7.7,0.7,124.6,102.7,25.9,57.2,59.7,2.1,8.4,33.7,12.8,3.1,1.4,1.5,30.7,2,0.66,0.725,0.52,38.6,8.9,0.438
Jr,6-3,Dior Johnson,Tarleton St.,WAC,8,G,54.8,5.3,2.2,11.2,10.6,0.6,134.2,107.6,31.1,66.3,71.3,2.6,11.9,23.2,13.5,1.1,0.7,2.8,56.8,2,0.808,0.852,0.608,22.1,5.9,0.571
Jr,6-8,Milan Momcilovic,Iowa St.,B12,11,F,68.8,5.2,4,11.7,9.4,2.3,144.2,91,18.9,70.8,72.3,0,13.8,6.6,7.9,1.5,0,2.6,14.4,2,0.833,0.889,0.574,62.4,14.5,0.526
Jr,6-2,Kory Mincy,George Mason,A10,10,G,87.1,5.1,4,8.3,6.1,2.3,136.8,100.1,20.3,61.8,67.4,2.2,9.9,23.6,12.4,2,0,1.7,33.6,2.5,0.632,0.973,0.52,54.5,10.1,0.467
Fr,6-11,Hannes Steinbach,Washington,B10,8,C,57.2,5.1,4.1,9.9,8.3,1.7,132.3,95.9,23.5,63.8,66,16.4,24,15.6,14,1.3,2.9,1.1,46,3.1,0.65,0.725,0.615,10.3,2,0.556
Sr,6-2,Duke Miles,Vanderbilt,SEC,12,G,73.3,5.1,4.1,11.8,6.8,5,131.1,92.9,23.9,56.5,64,1.3,9,24.9,12.7,2.8,1.6,5.2,61.3,3.5,0.778,0.855,0.588,45.2,8.5,0.357
Sr,6-7,Chad Baker-Mazara,USC,B10,12,F,81.9,5.1,3.8,8.3,6.7,1.5,124.2,99.6,25.9,54.6,62.8,2.8,14.6,17.9,13.5,1.4,4.9,1.3,53,3.4,0.593,0.908,0.541,48.2,10.6,0.367
So,6-3,Bryce Lindsay,Villanova,BE,11,G,71.5,5.1,2.9,8,7.6,0.3,137.3,104,22.4,61,63.8,2.1,5.9,16.5,7.7,3,0,1.3,28.3,2.9,0.636,0.806,0.521,62.2,15.2,0.443
So,6-7,Pryce Sandfort,Nebraska,B10,11,G,76,5,4.1,11.5,8.6,2.9,135.6,93.6,20.7,62.9,64.8,3.2,13.9,16.5,4.1,6,0.8,2.2,14,2,0.853,0.895,0.702,65.4,15.1,0.393
Jr,6-8,Paulius Murauskas,Saint Mary's,WCC,11,F,82.5,5,4.6,7.6,4.6,3,122.4,92.7,26,50.4,59.9,7.2,19.2,14.5,13.7,1.1,1.7,1.4,73.8,3.1,0.625,0.828,0.564,25.4,5.2,0.219
Sr,6-3,Cruz Davis,Hofstra,CAA,11,G,96.2,4.9,3.3,5.4,5.5,0,117,108.5,27.7,56.2,57.9,1.7,6.3,29.9,15.2,1.9,1.4,1.3,21,2.6,0.558,0.718,0.5,34.4,9,0.453
Sr,6-8,Alex Karaban,Connecticut,BE,12,F,82.3,4.9,4.9,9.6,6,3.6,135.1,90.2,16.1,61.4,63.4,7,11.6,10.8,7.4,3.1,3.8,1.8,16.7,3,0.694,0.842,0.587,44.7,7.7,0.431
So,6-5,Nolan Minessale,St. Thomas,Sum,12,G,80.7,4.9,3.1,7.7,6.5,1.2,118.8,105.4,32.6,58.9,63.1,2,13.1,26.9,12.2,2,2.7,2.9,49.7,2.7,0.699,0.77,0.656,28.6,7.4,0.28
Jr,6-9,JT Toppin,Texas Tech,B12,11,C,77.9,4.9,4.4,5.3,4.8,0.5,113.2,95.2,30.5,57.7,56.3,14.6,19.9,11.5,13.4,0.7,4.8,2,34.1,3.7,0.762,0.452,0.615,11.5,3.2,0.19
Jr,6-0,Colby Garland,San Jose St.,MWC,11,G,87.2,4.9,2.4,5.6,5.6,0,119.7,112.7,27.8,56.4,60.5,2.4,11.3,29.5,16.2,1.7,0.3,2.2,31.2,1.9,0.563,0.837,0.543,19.1,4.7,0.433
Sr,6-3,Emanuel Sharp,Houston,B12,12,G,72,4.9,4,12.2,9.3,2.9,131.9,92.4,23.8,58.8,62.5,3.5,8,13.2,8.8,2,1.1,2.4,29.7,3.1,0.679,0.841,0.536,62.2,16,0.413
Sr,6-0,Braden Smith,Purdue,B10,12,G,80.3,4.9,4.5,11.1,7.1,4.1,122.5,92.5,26,50.4,54.1,2.7,11.4,45.7,21.1,3.3,1.2,3.4,34.2,1.6,0.571,0.732,0.414,41.7,7.8,0.42
Jr,7-0,Henri Veesaar,North Carolina,ACC,12,C,77.6,4.9,4.7,11.2,7.2,4,129.5,89.5,21.6,69.3,69.4,7.9,22.3,13.3,14.5,1.2,4.1,0.9,41.8,3.1,0.765,0.667,0.699,23.8,4.5,0.448
Sr,6-9,Tyler Bilodeau,UCLA,B10,10,F,62.2,4.9,3.5,6.7,5.8,0.9,130.4,99.4,22.7,61.4,68,4.7,15.7,7.2,12.2,0.8,1.3,2,47.6,3.9,0.765,0.92,0.582,36.2,7.5,0.447
Sr,6-2,Miles Barnstable,Tulsa,Amer,10,G,72.8,4.9,2.1,6.1,7.4,-1.3,141.5,112.1,17.9,64,68.1,5.6,11.3,12.5,7.7,2.3,1.6,0.8,32.6,2.1,0.643,0.897,0.6,66.3,11.7,0.441
Sr,6-3,Obi Agbim,Baylor,B12,11,G,80.8,4.8,2.6,4.3,4.2,0.1,141.4,109.3,14.1,57.7,60.5,1.9,6.2,16.7,8.7,5.1,0.5,1.7,18.4,2.4,0.714,0.889,0.433,69.4,10.5,0.426
Sr,6-7,Tre White,Kansas,B12,12,F,74.7,4.8,4.4,9.8,6.4,3.4,125,90,22.7,59,67.2,8.1,15.6,15.5,17.5,1.2,1.9,1.2,74.5,3,0.659,0.857,0.6,41.5,6.4,0.385
Fr,6-1,Isaiah Johnson,Colorado,B12,12,G,62.9,4.8,2.1,8.8,8.4,0.4,141.6,108.6,22.2,64,69.8,5.4,6.7,15.6,8.4,2.8,0,2.6,91,2,0.674,0.79,0.623,40.4,6.7,0.444
Fr,6-4,Kingston Flemings,Houston,B12,12,G,73.3,4.8,4.7,13.9,7.8,6.1,130.5,87,23.4,65.1,67.4,1.9,11.3,31.9,17.5,2.5,1.1,4.3,31.1,2.3,0.731,0.784,0.625,26.1,5.3,0.484
Jr,6-10,Braden Huff,Gonzaga,WCC,12,C,61.9,4.8,3.8,10.8,8.4,2.4,134.1,88.6,25.1,69.1,68.2,10.3,12,9.4,9.3,1.2,2.5,0.9,21.1,4.3,0.797,0.563,0.723,9.9,2.7,0.267
So,6-2,Daniel Freitag,Buffalo,MAC,11,G,83.6,4.7,2.5,6.3,6.8,-0.5,124.4,111.2,27.4,54.4,61.8,2.8,15.1,19,10.7,1.8,1.7,2.6,64,2.5,0.353,0.816,0.439,51.5,11.4,0.429
So,6-0,Tyler Tanner,Vanderbilt,SEC,12,G,70.8,4.7,4.1,13.1,7.5,5.6,132.6,91.4,21.8,62.4,65.8,1.4,12.1,26.5,13.7,2.9,2.7,5,33.9,3.6,0.708,0.829,0.603,43.8,8.3,0.434
Sr,6-7,Tyler Nickel,Vanderbilt,SEC,12,G,72.7,4.7,3.4,10.3,9.1,1.2,142,99.6,16,71,72.1,3.3,9.4,7.2,8.6,1.8,2.7,1.8,15.1,1.9,0.846,0.833,0.68,79,14.4,0.479
Sr,6-3,Jalen Quinn,Drake,MVC,10,G,85.3,4.7,2.8,4.5,4.6,-0.2,119.1,109.3,28.3,51.8,59.7,2.6,11.2,20.3,11.5,2.1,0.3,2.1,55.1,2.7,0.55,0.853,0.5,25,5.8,0.382
Sr,6-9,Graham Ike,Gonzaga,WCC,11,C,61.6,4.7,4.7,11.2,7,4.2,126.8,82.8,26,53.8,59,8,22.8,16.5,9.7,2.3,2.9,1.3,44.3,4.1,0.567,0.793,0.536,14.5,3.4,0.368
Jr,6-4,PJ Haggerty,Kansas St.,B12,12,G,81,4.7,3.2,3.7,4.3,-0.6,113.2,104.3,32.7,56.1,59.9,4.1,12.4,26.3,19.6,1.2,0.3,1.5,47.1,2.9,0.681,0.727,0.551,21.4,5.6,0.4
Sr,6-10,Rienk Mast,Nebraska,B10,11,F,72.2,4.6,3.8,9.3,8,1.3,124.4,95.3,27.3,62.3,64.8,9.6,14.6,20,14.4,1.5,0.8,1.2,28.4,2,0.829,0.789,0.613,40.3,9.6,0.426
Jr,6-3,Terrence Brown,Utah,B12,12,G,78.5,4.6,2.5,4.2,4.5,-0.3,118.3,109.9,31,50,56.8,0.9,5.9,25.5,9.5,2.3,0.2,3.3,56.4,2.2,0.598,0.782,0.508,26.3,6.9,0.319
So,6-8,DeSean Goode,Robert Morris,Horz,12,C,75.6,4.6,2.6,4.9,6.1,-1.2,139.6,108.5,19,67.6,70.6,13.1,20.3,4.4,11.2,0.9,1.2,1.1,43.5,3.6,0.687,0.809,0.618,17.6,3.1,0.632
Sr,6-3,Jaden Bradley,Arizona,B12,11,G,70.2,4.6,4.5,11.4,5.5,5.9,133.6,86.3,20.2,57.5,64.9,2.3,11.7,22.3,14.2,2.8,0,3.6,69,2.8,0.594,0.833,0.535,18.4,2.9,0.5
So,6-9,Kyle Jorgensen,Colorado St.,MWC,11,F,62.9,4.6,2.1,9.1,7.8,1.3,142.1,108.2,22.6,73.8,76.8,7.4,18.7,19.8,15.9,1.7,2.3,1.6,50,4,0.676,0.85,0.729,40,7.2,0.5
Sr,6-6,Quadir Copeland,N.C. State,ACC,13,G,64.8,4.6,3.1,9.7,6.4,3.3,128.3,98.1,26,65.8,69.1,2.4,12.6,38.4,20.2,2.3,0.4,2.8,65.3,4.6,0.661,0.758,0.61,23.8,3.9,0.542
Sr,6-9,Trey Kaufman-Renn,Purdue,B10,10,C,55.9,4.6,3.9,7.6,6,1.6,128,90.7,24.6,60.1,61,19.7,23.4,14.8,14.6,1.4,0.9,1.3,20.2,3.6,0.675,0.667,0.604,2.9,0.7,0.333
Jr,6-0,Markus Burton,Notre Dame,ACC,10,G,62.1,4.6,3.6,8,5.3,2.8,116.7,98.2,30.8,53,59.4,2.5,8.4,26.7,16.8,1.4,0.4,3.2,36.1,3.9,0.627,0.917,0.557,27.1,7.2,0.306
Jr,6-5,Rodney Rice,USC,B10,6,G,41.2,4.6,3.3,5.3,5.5,-0.2,117.3,103.2,28.5,48.9,53.7,1.9,8.8,35.1,10.3,3.3,0.5,1.9,41.1,2,0.5,0.744,0.429,41.1,10.4,0.385
So,6-9,Gus Yalden,Vermont,AE,11,C,49.1,4.6,1.3,9,11,-2,125.4,115.4,36,63.8,65.2,13.7,13.4,20.8,11.3,1.1,2.1,0.8,31.5,4.8,0.738,0.707,0.648,30,9.9,0.41
Sr,6-3,Ryan Conwell,Louisville,ACC,12,G,70.1,4.6,3.9,9.1,7.1,1.9,123.7,92.9,26.4,55.4,60.9,3,13.7,15,12.2,1.4,0.6,2.6,42.7,4.5,0.576,0.836,0.467,71.3,18,0.393
Sr,6-3,Quinn Denker,Northern Colorado,BSky,7,G,60.7,4.6,1.9,5.9,6.2,-0.3,124.4,115.4,28.2,59.4,63.8,1.1,10.8,33.2,14.2,2.8,0.4,1,44.4,3.3,0.643,0.8,0.63,40,9,0.361
Sr,6-3,Derrian Ford,Temple,Amer,11,G,87.3,4.6,1.9,2,4.9,-2.9,120.3,117.3,24.3,51.5,59.8,2.9,13,9.9,9,1.4,0.3,1.1,59.4,1.7,0.556,0.848,0.494,39.1,8.1,0.365
Sr,6-1,Ja'Kobi Gillespie,Tennessee,SEC,11,G,80.5,4.6,4.1,7.2,5.7,1.5,117.7,95.9,26.8,50.6,54.6,2.3,6.6,31.2,18.3,2,1.4,2.3,22.8,3.3,0.563,0.865,0.493,53.7,14.2,0.345
Jr,6-9,Malik Reneau,Miami FL,ACC,12,C,65.5,4.5,3.4,9.7,7.8,1.9,124.4,94.9,31.4,60.3,63.7,13.2,15.6,17.2,15.5,1,4.7,1.2,35.8,3.9,0.636,0.797,0.614,15.2,4.4,0.36
Jr,7-0,Nolan Winter,Wisconsin,B10,11,C,71.6,4.5,3.5,8,5.8,2.3,135.1,97.4,19,62.9,66.2,10.3,27.3,11,10.2,1.6,4.7,1.6,37.1,4,0.83,0.806,0.731,30.9,5.3,0.267
Fr,6-5,Tounde Yessoufou,Baylor,B12,11,G,73.5,4.5,3.2,6.3,5.3,1,122.1,101.1,26.3,53.9,57.7,9.3,12.4,11.2,13.5,1,2.3,3.7,31.2,3.2,0.73,0.792,0.571,36.4,9.5,0.321
Jr,6-5,Blue Cain,Georgia,SEC,11,G,64,4.5,3.6,11.1,7.9,3.2,139.1,92.1,21.4,57.8,63,7.1,14.7,15,7.5,3,0.7,4,37.1,2.4,0.761,0.884,0.714,51.7,10.7,0.3
So,6-1,Robert Wright III,BYU,B12,12,G,81.5,4.5,4.5,7.4,5.5,2,118.7,93.4,25.3,54.6,57.2,3.1,9.1,29,16.1,2.3,0.3,3.1,24.5,1.4,0.525,0.757,0.49,31.1,6.8,0.447
Sr,6-8,Jacob Crews,Missouri,SEC,12,F,59.8,4.5,2.2,10.2,11.2,-1,152.1,106.1,18.5,75.5,76.5,8.5,14.9,2.4,9.5,0.4,0.9,1.2,25,2.8,0.808,0.808,0.676,67.3,13.7,0.529
So,6-4,Christian Hammond,Santa Clara,WCC,11,G,67.4,4.5,2.7,7.2,6.6,0.5,125.9,106.4,23.5,58.2,62,1,11.7,16.1,12.9,1.4,0.4,1.8,36.6,2.5,0.469,0.796,0.512,38.8,9.2,0.462
Sr,6-5,Nasir Mann,Queens,ASun,11,G,77.7,4.5,1.2,3.7,6.1,-2.3,132.1,121.5,21,62.2,65.1,8.8,10.1,14.1,11.7,1.8,0.6,2.1,28.6,2.1,0.717,0.824,0.639,30.3,5.9,0.389
Jr,6-1,Dedan Thomas Jr.,LSU,SEC,11,G,73.9,4.5,3.2,7.4,6.1,1.3,124.8,101.5,26.2,50,56.8,1.2,8.7,38,12.5,3.8,1,2.3,47.5,2.1,0.674,0.825,0.545,26.7,5.5,0.25
So,5-9,Jaquan Johnson,Bradley,MVC,11,G,69.8,4.5,3.8,13.1,7.3,5.8,124.2,93.2,29.4,55.2,61.3,4,13.5,26.3,10,2.5,0.4,6.6,69.4,3.3,0.62,0.756,0.544,36.3,8.2,0.378
Sr,6-4,Davion Bailey,Incarnate Word,Slnd,8,G,89.9,4.5,1.6,2.8,6.6,-3.7,112.9,119.8,28.8,51.8,55.6,1.6,12.5,10.3,10,1.2,0.4,0.6,32.6,2.6,0.524,0.761,0.4,61,17.8,0.395
Sr,6-0,Brayden Maldonado,Seattle,WCC,10,G,77.9,4.4,4,9.1,6.2,2.9,129.8,96.2,22.8,61.2,66.9,2.5,14.4,16.4,12,1.6,0.4,4,33.9,2.4,0.541,0.974,0.586,48.2,9.9,0.426
Sr,6-8,Chandler Cuthrell,Elon,CAA,11,F,67.9,4.4,1.9,4.6,6.5,-1.9,119.5,112.8,33.5,55.9,59.7,10.2,19.3,11.5,12.5,0.7,1.7,2.3,59.9,3.1,0.617,0.692,0.598,23,6.6,0.286
Sr,6-8,John Camden,California,ACC,11,F,75.9,4.4,3.5,7.8,6.9,0.9,137.8,99.9,18.8,65.1,68.2,4.5,12.6,12.3,8.2,2.4,1,1.2,27.5,2.5,0.783,0.867,0.622,66.1,12.4,0.444
So,6-5,De'Undrae Perteete,UC Riverside,BW,11,G,75.2,4.4,1.7,3.1,3.4,-0.4,151.2,116.7,10.3,84,81.9,4.1,11,14.7,13.3,3.9,0.9,1.4,38.3,3,0.786,0.667,0.636,53.2,4.3,0.68
Sr,5-10,Kenyon Giles,Wichita St.,Amer,11,G,82.8,4.4,3.7,8.5,6,2.5,124.6,101.1,22.4,55.2,58.1,0.3,7.6,9.5,9.5,1.4,0.3,3.1,21.9,2,0.435,0.824,0.471,54.8,14,0.412
Jr,6-7,Jack Karasinski,Bellarmine,ASun,9,F,77.5,4.4,1.8,3.9,6.4,-2.5,123.3,116,26.9,65.8,68.4,4,20.4,5.1,10.9,0.4,1,1.9,48.6,2.3,0.765,0.759,0.742,44.1,10.3,0.367
Sr,5-10,Nijel Pack,Oklahoma,SEC,11,G,74.7,4.4,2.5,7.9,7.9,0,128.7,108.7,22,64.7,65.9,2.3,9.3,18.8,14.8,1.7,1.6,1.4,10.3,3.4,0.615,0.857,0.532,65.4,15.2,0.472
Sr,6-3,Nick Boyd,Wisconsin,B10,11,G,72.4,4.4,3,6.7,5.9,0.9,116.3,103.3,30.6,53.6,57.5,2.4,10.1,26.4,12.5,1.7,0,2.6,30.4,2.5,0.627,0.804,0.571,37.5,11,0.317
Sr,5-11,Brody Robinson,Oakland,Horz,12,G,88.1,4.4,1.8,2.3,4.6,-2.3,117.2,117.8,22.6,53.8,60,0.8,7.1,29.6,16,2.9,0.2,1.8,76.1,1.6,0.512,0.73,0.48,57.3,8.7,0.388
So,6-6,Isaac Celiscar,Yale,Ivy,10,G,76.9,4.3,2.4,4.1,4.2,-0.1,133.8,110.5,19.9,61,67.6,6.1,15.3,16.4,14.7,2.2,0.4,1.7,62.3,3.2,0.704,0.854,0.672,20.8,3.1,0.25
Sr,6-8,Ven-Allen Lubin,N.C. State,ACC,13,F,64.6,4.3,3.1,7.2,6,1.2,135.8,98.4,19.6,70.5,71,12.1,17.5,7.5,12.6,0.9,2.5,1.5,43,4,0.739,0.698,0.71,7,1.2,0.429
Jr,6-8,Amani Hansberry,Virginia Tech,ACC,12,F,69.2,4.3,4,9.2,6.3,2.9,123.6,94.8,25.5,54.8,57.3,11.3,19.6,20.2,9.8,2.4,3.4,3.1,33.3,4.1,0.675,0.694,0.598,27.2,6.2,0.275
Sr,6-8,Ethan Potter,Utah Tech,WAC,10,C,76.4,4.3,2.4,3.8,4.9,-1.1,123.6,110.1,25.5,56.6,61.3,11,16.6,11,10.1,1.2,3.7,0.9,40.2,2.8,0.632,0.816,0.6,5.7,1.3,0
So,6-7,Juke Harris,Wake Forest,ACC,13,F,75.7,4.3,3.8,7,5.9,1.1,119.9,96.8,27,55.2,61.4,6,19.4,9.7,13.9,0.7,1,2.6,63.6,3,0.593,0.777,0.597,52.5,11.8,0.341
Jr,6-9,Thomas Haugh,Florida,SEC,12,F,84.1,4.3,4.4,8.2,5.8,2.4,121.5,95.1,21.5,56.4,60.4,6.8,12.4,12.5,16.9,1,2.2,0.9,48.6,2.6,0.667,0.735,0.613,46.4,8.8,0.338
So,6-5,Teagan Moore,Western Kentucky,CUSA,9,G,73.4,4.3,2.9,7.6,6.5,1.1,122.5,104,26.7,53.4,62,8.5,13.1,17.4,13.5,1.6,2.8,2.2,65.7,3.6,0.702,0.851,0.588,16.7,3.4,0.176
Sr,6-9,Jaxon Kohler,Michigan St.,B10,12,C,72.3,4.3,4.6,11.7,8.3,3.4,130.5,86.5,20.1,60.7,63.3,15.6,24.2,10.2,13.6,1.1,5.2,1.4,19,2,0.738,0.87,0.563,33.9,7,0.463
Jr,6-0,Tahj Staveskie,Incarnate Word,Slnd,8,G,92.7,4.3,2,3.8,4.7,-0.9,115.4,117.2,24.9,55.6,59.1,3.1,8.7,25.3,16.9,2,0,2.4,28.7,2.8,0.556,0.806,0.574,37,8,0.35
Sr,6-9,Pharrel Payne,Maryland,B10,10,C,55.4,4.3,2.5,7.9,6.7,1.2,119.7,106,29.1,62.4,67,12.8,17.3,13.3,19.3,0.5,4.7,0.8,112.9,3.3,0.65,0.719,0.624,0,0,0
Jr,6-2,Jeremy Fears Jr.,Michigan St.,B10,12,G,77.3,4.3,4.4,8.3,4.4,3.9,124,91.7,22.3,44,54.6,1.5,9.4,49.7,19.4,4.1,0,2.7,59.8,2.9,0.542,0.873,0.429,31.5,4.6,0.31
Sr,6-7,Nolan Hodge,UNC Wilmington,CAA,11,G,78.9,4.2,2.7,6.8,6.5,0.3,131.3,108.2,20.2,56.1,61.3,5.9,10.9,9.9,10.4,1.6,1.1,1.4,41.2,1.8,0.733,0.83,0.556,60.5,12,0.377
Jr,6-5,Ryan Prather Jr.,Robert Morris,Horz,12,G,83.3,4.2,2.2,5.4,5.9,-0.5,131.9,113.5,19,53.3,56,7.4,7.5,19.5,6.3,5.1,0.3,1.6,22.2,1.6,0.577,0.767,0.526,57.8,11.6,0.359
Sr,6-6,Darrion Williams,N.C. State,ACC,12,G,66.1,4.2,3.2,6.4,5.5,0.9,123.5,100.2,23.4,56.6,59.1,6.1,14.9,21,11.7,2.4,0.8,1.1,21.3,3.8,0.611,0.793,0.526,42.6,9.4,0.414
Sr,6-1,Don McHenry,Utah,B12,12,G,76.6,4.2,2.1,5.2,7,-1.8,124.9,112.9,24.2,59.4,63.3,2.2,9.4,12,10,1.4,0,1.4,36.1,0.9,0.608,0.821,0.557,49,11.5,0.421
Jr,6-6,Ty Pence,Illinois St.,MVC,11,G,61.3,4.2,2.7,9.1,7.8,1.3,143.3,100.9,19.4,70.2,69.9,7.5,15.1,15.3,6.6,3.1,1.2,1.1,40.5,3.4,0.703,0.647,0.683,28.6,5.1,0.5
Jr,6-0,Josh Hubbard,Mississippi St.,SEC,12,G,78.6,4.2,2.8,5,5.5,-0.5,111.1,106.9,31.5,50.5,55.6,0.6,7.5,24.9,13.8,1.5,0.5,2.2,35.7,2,0.588,0.814,0.485,49.5,14,0.351
So,6-5,"Paul McNeil, Jr.",N.C. State,ACC,13,G,64.1,4.2,3,7.9,7.7,0.2,134.5,99.6,19.7,60.4,64.2,3.8,15.7,6.6,4.2,2.6,0.8,1.7,33.6,2.3,0.706,0.833,0.5,77.6,16.1,0.423
Jr,6-8,Tyler Tejada,Towson,CAA,10,F,87.7,4.2,3.1,4.1,4.5,-0.4,115.6,107.8,25.2,49.3,54.1,3.3,15.3,12.8,12.1,1.3,1.8,0.9,22.3,1.7,0.75,0.939,0.565,37.8,10,0.25
So,6-6,Ruben Dominguez,Texas A&M,SEC,11,G,59.4,4.2,2.1,9,9.1,-0.1,152.3,107.6,16.4,68.9,72.2,2.5,8.8,12.6,3.7,6.3,0.9,1,27.4,2.4,0.75,0.923,0.7,89.5,17.1,0.459
Jr,6-5,Michael McNair,Boston University,Pat,12,G,82.6,4.2,1.2,3.6,6.1,-2.5,128,122.8,20.5,62.3,63.3,4.8,13.2,15.3,10.5,2,0.6,2.5,31,2.7,0.469,0.667,0.444,64.3,12.5,0.481
Sr,5-10,Dominique Daniels Jr.,Cal Baptist,WAC,12,G,82.9,4.2,3.5,4.9,4.3,0.6,115.3,104.5,27.7,48,54.2,2.9,10.6,23,15,1.5,0.3,1.9,32.7,2.1,0.532,0.892,0.508,33.7,9,0.284
Sr,6-3,Skyy Clark,UCLA,B10,12,G,73.6,4.2,3.2,6.8,5.1,1.6,130.6,101.4,19.1,62.8,65.7,2.2,10.2,14.1,11.4,2.1,0.7,2.5,22.2,4.2,0.667,0.885,0.453,54.7,10.7,0.516
Sr,6-8,Danilo Jovanovich,Milwaukee,Horz,10,F,78.8,4.2,1.9,5.4,4.9,0.4,134,115.1,17.1,64.8,65.8,7.3,15.2,15.4,10.5,2.7,1.4,1.8,29.5,2.5,0.703,0.692,0.622,6.8,1.1,0.667
Sr,6-4,Kenny Noland,Columbia,Ivy,10,G,77.7,4.2,2.8,4,4.9,-0.9,125.3,106.7,25.3,57.5,63.2,0.8,7.6,22.4,18.6,1.6,0.3,1.7,28.6,1.7,0.596,1,0.518,55.6,13.2,0.414
Sr,6-6,Jakobi Heady,Bethune Cookman,SWAC,10,G,80.3,4.2,1.8,5.4,6,-0.6,122.5,116.4,21.9,58.1,62.6,4.5,13.1,11.1,10.6,1.2,0,2.9,50.5,1.5,0.571,0.774,0.521,32.4,6.1,0.471
Sr,6-5,Jaylin Sellers,Providence,BE,13,G,67.6,4.2,1.9,4.7,6.4,-1.7,130.6,112.1,21.5,57.3,62.6,5.1,11.8,8.7,6.9,1.8,0.6,1.5,33.3,3.3,0.577,0.917,0.506,46.5,10,0.433
Sr,6-3,Kashie Natt,Sam Houston St.,CUSA,8,G,62.2,4.1,3,10.9,7.6,3.3,133.6,98.1,23,58.5,63.5,11.6,17.3,15.7,10.9,1.7,3.8,4.4,67.7,4.6,0.594,0.75,0.52,23.1,4.2,0.533
Jr,6-10,Carey Booth,Colorado St.,MWC,11,F,64.3,4.1,2.3,7.3,7.8,-0.5,141.2,107.2,19.4,68.3,73.5,6.8,24.5,7.3,11.3,1.1,2.3,1.3,71.8,0.7,0.75,0.843,0.659,38,5.9,0.481
So,6-9,Flory Bidunga,Kansas,B12,12,C,75.6,4.1,5,9.5,4.7,4.8,118.1,84.7,23.1,61.3,62.9,11.3,20.1,12.1,16.3,0.9,9,1,32.8,3.1,0.726,0.692,0.619,0.8,0.2,0
Sr,6-1,Jason Edwards,Providence,BE,13,G,65.9,4.1,2,6.4,7.1,-0.6,121.4,111.1,28.5,54.4,59,0.7,9.9,24.2,10.2,2.4,0.3,2.5,38.4,2.4,0.568,0.803,0.54,49.4,13.1,0.365
Sr,6-9,Mark Mitchell,Missouri,SEC,12,F,76.7,4.1,2.9,5.7,5.9,-0.1,122.6,105.3,26.9,61,64,8.7,14.7,16.8,17.6,1.2,1.4,1.6,71.7,1.5,0.744,0.692,0.652,11.8,2.3,0.2
Sr,6-5,Donovan Atwell,Texas Tech,B12,12,G,77.7,4.1,3.3,5.6,4,1.5,141.1,102,11.4,64.5,65.7,2.6,8.6,2.6,4,2,0,2.3,11.8,3.2,1,0.818,0.857,92.5,13.1,0.419
Sr,6-7,Amani Lyles,Akron,MAC,11,F,56,4.1,2.4,9.3,7.4,1.9,133.4,102.3,27,67.6,70.4,6.5,23,19.6,15.6,1.6,3.6,2.2,40,5,0.683,0.81,0.662,32.4,7.6,0.471
Sr,6-6,Corey Stephenson,FIU,CUSA,8,G,74.8,4.1,2.7,8.8,8.7,0.1,122.1,107.1,25.5,60.8,63.4,9.3,13.1,18.4,15.1,1,1.8,3.2,30.4,2.7,0.571,0.774,0.537,47.1,10.9,0.458
Jr,6-4,John Blackwell,Wisconsin,B10,11,G,78,4.1,3.4,5.5,4.9,0.6,115.9,101.8,26.8,49,56.4,5,12.7,9.8,10.8,1,0,2.9,52.3,3,0.441,0.821,0.352,52.3,12.6,0.41
Jr,6-10,Kwame Evans Jr.,Oregon,B10,10,F,62.6,4.1,3.3,10,6.8,3.2,127.2,98.2,21.6,62.2,67.9,8.7,23,18.6,19.1,1.3,4.4,2.3,74.3,2.6,0.694,0.8,0.689,39.2,6,0.345
Jr,6-3,Josh Pascarelli,Colorado St.,MWC,11,G,75.1,4.1,2,4.3,5.7,-1.4,138.6,113.5,16.8,71.2,72.1,0.9,8.9,10.7,10.1,2.3,0,1.5,5.7,2.3,0.778,1,0.548,70.8,14.1,0.52
Jr,6-6,LeJuan Watts,Texas Tech,B12,11,F,63.4,4,3.2,5.3,4.6,0.7,121.6,99.5,24.3,55.6,61.2,6.7,17.3,16.9,16.1,1.4,1,1.3,46.7,3.3,0.639,0.82,0.544,26.2,5.2,0.393
Sr,6-2,Jackson Paveletzke,Ohio,MAC,11,G,87.9,4,2.2,2.5,3.8,-1.3,114.3,115.2,24,58.1,62.8,1.4,5.6,21,19.2,1.5,0,1.6,46.2,1.5,0.621,0.8,0.596,27.7,5.2,0.361
Fr,6-6,Lewis Walker,North Carolina A&T,CAA,9,G,76.9,4,2.2,3.1,4,-0.9,128.5,112.5,23.3,54.1,66.1,5,14.5,10.7,13.1,1,0.4,1.2,83.7,3.6,0.75,0.917,0.59,29.1,5.1,0.28
Jr,6-0,Evan Ipsaro,Miami OH,MAC,10,G,73.3,4,2.2,4,4.3,-0.3,132.7,111.1,20.9,62.4,67.4,2.2,7.4,21.1,11.8,2.6,0,2.1,54.1,2,0.684,0.826,0.648,36.5,5.9,0.387
Jr,6-1,Jackson Shelstad,Oregon,B10,10,G,79,4,3.5,4.5,4,0.5,117.5,103.5,22.5,49.6,52.8,1.3,9.6,30.8,13.8,2.7,0.3,2.5,18.4,1.8,0.652,0.846,0.509,61,14.1,0.326
Jr,6-4,Braeden Shrewsberry,Notre Dame,ACC,12,G,73.9,4,2.9,6.4,5.9,0.6,137.9,104.2,14.6,69.6,70,0,10,8.8,10.3,1.9,0.4,0.7,14.4,1.5,0.429,0.714,0.474,80.4,13,0.5
Fr,6-3,Michael Cooper,Wright St.,Horz,10,G,72.5,4,2.5,6.6,6.8,-0.2,124.5,107.7,24.8,60.6,62.5,1.2,11.3,19,10.4,2.2,1.1,1.8,18.9,2.9,0.645,0.792,0.577,44.1,11.1,0.429
Jr,6-3,Tylen Riley,Tulsa,Amer,10,G,63.8,4,2,3.3,4.6,-1.2,121.9,110.7,28.7,55.3,64.9,3.5,6.5,28.3,19.7,1.6,0,2.5,77.6,3.1,0.479,0.864,0.468,27.1,5.2,0.522
Fr,6-4,Larry Johnson,McNeese St.,Slnd,10,G,54.8,4,2.4,6.5,7.4,-0.9,132.1,101.8,27.8,56.7,62.3,10.8,13.5,15.5,8.7,2,0,1.9,40.2,3.1,0.667,0.872,0.59,19.6,5.1,0.316
Fr,5-10,Chance Mallory,Virginia,ACC,11,G,60.1,4,3.4,12.6,6.3,6.2,137.7,92.3,21.2,55.8,64,5.6,14.8,23.8,13.5,3,0.8,6,82.6,4.8,0.484,0.807,0.444,47.8,7.3,0.455
Fr,6-5,Mikel Brown Jr.,Louisville,ACC,10,G,56.6,4,3.3,4.6,4.5,0.1,115.9,97.7,29.5,46.2,55.2,0,11.1,32.1,16.2,2.1,0.4,1.6,57.6,1.8,0.767,0.838,0.553,60.2,14.1,0.268
Fr,6-9,David Mirkovic,Illinois,B10,11,F,68.3,4,3.6,7.2,5.6,1.6,121.4,94.6,24.5,53.8,59.1,10.8,23.7,14.7,17.1,1.2,1,1,41.5,2.3,0.674,0.818,0.545,37.7,7.6,0.35
Sr,6-1,Benny Gealer,Stanford,ACC,12,G,73.5,4,3.1,6.5,4,2.6,138.4,102,14.3,59.7,65.2,1.9,8.7,12.2,10,2.7,0.3,3.3,35.2,2.7,0.467,0.935,0.391,73.9,10.3,0.446
Sr,5-10,Tre Beard,Cleveland St.,Horz,8,G,57.7,4,0.5,3.2,5.9,-2.7,133.3,127.7,20.1,63.3,67.3,3.1,6.8,27.4,13.1,2.3,0,1.9,33.3,3.3,0.333,0.88,0.318,70.7,12.7,0.509
Jr,6-9,Jordan Burks,UCF,B12,11,F,61,4,2.6,8.2,7.2,0.9,138,102.4,19.7,59.2,63.6,7.3,13.7,4.9,8.5,1,3.7,1.5,32,2.2,0.614,0.879,0.574,47.6,10.2,0.408
So,6-5,Jadis Jones,Lindenwood,OVC,8,F,72.7,4,2.7,5.1,4.8,0.3,125.4,109.2,21.3,63.3,65.4,9.1,16.9,19.6,14.3,1.5,2,1.6,64.6,3.5,0.672,0.686,0.649,2.5,0.4,0
Sr,6-6,Lamar Wilkerson,Indiana,B10,12,G,75.8,4,4.2,7.8,5,2.8,122.2,93.2,24.1,59.5,62,0.4,8.9,17.4,9.7,2.1,0.6,3,22.7,3.3,0.644,0.811,0.523,60.1,15.3,0.429
Jr,6-3,Corey Hadnot II,Purdue Fort Wayne,Horz,10,G,83.7,4,2.4,5.5,4.9,0.6,117.2,112.5,26,59.4,61.3,1,12.7,17.2,10.9,1.8,1.4,4.5,34,2.2,0.711,0.694,0.625,33.3,8,0.354
Jr,6-3,Jalen Cox,Colgate,Pat,10,G,82.9,4,3.1,5.4,3.8,1.6,113.2,105.9,26.6,57.1,60.5,1.8,14.9,31.4,18.6,2.2,0.9,3.7,25.8,2.5,0.732,0.839,0.569,15,3.2,0.389
Fr,6-4,Gavin Sykes,Long Beach St.,BW,11,G,75,4,1.4,3,6.8,-3.8,121.2,119.6,24.7,54,56.9,2,13.2,9,4.2,2.2,0.4,0.3,19.1,0.9,0.741,0.839,0.532,42,11.9,0.368
Sr,6-3,Dashon Gittens,Sacred Heart,MAAC,10,G,74,4,1.9,5.3,5.2,0.1,130.9,116.3,19.9,61.2,65.6,7.1,9.4,12.1,11.3,1.4,3.4,2.9,53.1,2.4,0.72,0.788,0.65,38.8,6.6,0.368
Jr,6-1,Sonny Wilson,Toledo,MAC,10,G,89.6,3.9,2.4,3.2,4.3,-1,117.4,113.9,22.7,57.4,59.9,2.5,8,20.2,13.8,2.4,0.3,2.5,35.2,1.2,0.488,0.711,0.548,27.3,5.5,0.429
Jr,6-11,Arrinten Page,Northwestern,B10,12,C,69.9,3.9,3.7,10.2,6.6,3.6,126.2,95.1,23,61.2,63,7.2,19.7,19.8,10.6,2.4,4.7,2.1,43.1,2.9,0.783,0.68,0.667,19.8,4,0.261
Sr,6-11,Rafael Castro,George Washington,A10,12,C,58.7,3.9,3.1,10.9,7.2,3.7,131,94.4,24.7,65.3,67,8.2,27,14,10.9,1.4,5.8,3.9,90.5,3.4,0.7,0.674,0.653,0,0,0
Jr,6-0,Conrad Martinez,High Point,BSth,11,G,58.9,3.9,1.7,7.4,7.1,0.3,140.1,112.5,20.8,60.1,68.2,1.7,5.8,27,11.3,3.8,0,3.2,64.9,2,0.739,0.896,0.633,59.5,9.4,0.386
So,6-0,Trey Green,Saint Louis,A10,11,G,59.9,3.9,3.1,9.7,7.5,2.2,143.7,95.6,17.1,69,71.1,3.8,9.7,13.2,11.8,2.2,0,2,13,2.3,0.684,1,0.609,75,14,0.478
So,6-1,Jeremiah Wilkinson,Georgia,SEC,11,G,55.3,3.9,2.9,10.7,7.6,3.1,129.5,94.5,27.5,56.9,61.8,2.7,5.7,12.5,9,1.5,1.6,4.8,45.8,2.6,0.702,0.8,0.578,51.1,13.9,0.373
Sr,6-8,Frank Mitchell,St. Bonaventure,A10,12,C,83.8,3.9,3.5,3.6,4.2,-0.6,115.8,102.6,26.5,56,57.4,18.4,21.6,15.2,17.4,1.1,3.3,2,27,3.1,0.59,0.651,0.56,0,0,0
Sr,6-2,Maurice Odum,Arizona St.,B12,12,G,82.9,3.9,3.3,4,4.3,-0.3,111.3,104.1,27.3,49.7,56.4,1.5,9.6,36,19.7,2,0,2.7,39.3,2.5,0.5,0.877,0.387,57.2,11.8,0.386
Fr,6-4,Jordan Ellerbee,Florida Gulf Coast,ASun,11,G,65.7,3.9,1.5,4.5,6.3,-1.8,128,116.4,24.1,61.1,65.3,7,11.1,16.1,14.1,1.3,0,1.9,33.3,3.9,0.676,0.872,0.652,43.6,9.6,0.373
So,6-6,Chance Westry,UAB,Amer,11,G,67.9,3.8,2.7,8.3,6.2,2.2,123.3,103.9,26.9,54.2,58.8,4.5,10.6,28.2,11.8,2.5,2.7,2.8,56.7,2.7,0.636,0.721,0.589,25,5.6,0.267
Jr,6-7,Sean Craig,Toledo,MAC,10,F,80,3.8,2,1.1,3.6,-2.5,123.1,114.5,20.6,56.9,61.1,11.6,16,11.5,13.6,1.4,0.7,0.7,29.4,3.2,0.679,0.867,0.566,25.5,4.6,0.385
Sr,6-5,Corey Camper Jr.,Nevada,MWC,9,G,52.9,3.8,2.6,7.2,6.9,0.3,120,106.3,24.9,51.9,57.5,4.3,10,17.6,9.3,2,1,2.3,41.3,1.7,0.586,0.814,0.492,41.3,9.9,0.372
Sr,6-5,Tyler Lundblade,Belmont,MVC,12,G,81.4,3.8,2.7,3.6,5,-1.3,128.2,109.2,18.6,61.4,65.6,1,5,9.6,10.6,1.7,0,0.7,28.8,1.2,0.5,0.921,0.577,80.3,14.9,0.415
So,6-4,Peter Bandelj,Cal Poly,BW,10,G,71.7,3.8,2.3,4.7,4.9,-0.2,124,111.7,21.6,58.3,64.2,3.4,10.4,21.9,17.2,1.5,1.1,2.1,44.4,3,0.5,0.875,0.436,49.1,8.6,0.491
So,6-7,Jackson Holcombe,Utah Valley,WAC,10,G,73.5,3.8,4.2,8.7,4.1,4.6,118.6,91.3,25,57.1,60.3,7.9,19,23.2,16.2,1.9,4.7,4.4,55.6,4.8,0.707,0.691,0.625,11.1,2.1,0.091
Jr,6-4,Money Williams,Montana,BSky,9,G,77.1,3.8,2,0.9,3.1,-2.2,106,113.7,35.7,54.8,60.7,3.1,10.7,42.5,23.8,1.4,0.3,1,46.8,3.7,0.553,0.831,0.523,31.7,7.7,0.4
So,6-3,Mikey Lewis,Saint Mary's,WCC,11,G,67,3.8,3.3,6.4,5.1,1.3,121,97.1,25.1,51.1,56,1.7,10.8,20.1,11.1,2.1,0.4,1.4,23.9,2.3,0.413,0.938,0.384,45.5,12.2,0.443
Sr,6-8,RJ Godfrey,Clemson,ACC,12,C,57.6,3.8,3.1,9.7,6,3.8,133.9,93.7,21.6,65,68.2,10.6,18.6,17.6,13.8,1.7,4,1.7,53.8,4.4,0.714,0.767,0.667,2.5,0.4,0
Fr,7-1,Massamba Diop,Arizona St.,B12,12,C,67.8,3.8,3,7.1,5,2.1,128.3,101,19.5,65.1,67.2,7.8,15.7,8.9,12.4,1,6.6,1.7,50.5,2.8,0.738,0.723,0.644,6.5,1,0.5
Sr,6-10,Logan Duncomb,Winthrop,BSth,11,C,55,3.8,1.7,4.2,5.4,-1.2,127.3,111.2,28.6,61.1,65.3,15.3,17.9,7.8,12.7,0.6,5.4,1.4,74.7,6.7,0.694,0.732,0.617,1.1,0.2,0
Sr,6-9,Ezra Ausar,USC,B10,12,C,66.8,3.8,3.1,4.4,3.5,0.9,119,99.5,27.2,62.6,64.6,9.5,15.1,13.5,15.8,0.8,1,2,104.7,5.1,0.697,0.652,0.626,0,0,0
Jr,6-0,Barrington Hargress,Colorado,B12,12,G,72.9,3.8,2.4,3.9,4.3,-0.3,128.2,109.5,19.8,65.3,65.8,0.7,5.8,29.3,16.3,2.9,0.3,2.3,20.4,2.9,0.6,0.682,0.571,22.2,3.9,0.625
Jr,6-4,Rowan Brumbaugh,Tulane,Amer,12,G,87,3.8,2.4,3.4,4.1,-0.7,110.9,112.6,27.4,48.9,58.1,3.4,11.5,20.3,14.4,1.5,1.2,3.4,67.6,3.1,0.569,0.823,0.443,44.4,8.9,0.365
So,6-5,Aiden Tobiason,Temple,Amer,11,G,86.3,3.8,1.9,2,3.9,-1.8,120.4,117.2,20,58.6,62.9,1.9,9.5,11.9,12.6,1.3,0.9,1.6,43.6,2.3,0.697,0.792,0.579,48.2,8.4,0.396
Sr,6-1,Keon Thompson,Stephen F. Austin,Slnd,9,G,78.7,3.8,3.1,3.4,3.5,-0.1,111.5,104.2,30.8,50.4,54.1,5.1,16.5,30,15.4,2.1,0.7,1.5,38.4,3.7,0.574,0.708,0.51,20,5.1,0.32
Sr,6-3,Tre Donaldson,Miami FL,ACC,12,G,79.5,3.8,3.8,6.3,5,1.3,120.3,98.1,23.9,51.4,54.3,3.4,8.8,33,15.6,3.2,0.9,2.2,29.4,1.6,0.56,0.714,0.529,40.6,8.3,0.328
Sr,6-10,Trevon Brazile,Arkansas,SEC,11,F,61.6,3.7,3.8,8.8,5.9,2.9,127.8,91.6,19.7,63.2,67,6.3,21.2,5.7,13.1,0.7,5.4,2.8,47.4,2.4,0.829,0.8,0.6,36.8,6.4,0.457
Sr,6-5,Kody Clouet,Winthrop,BSth,11,G,64.2,3.7,1.5,5,7,-2,136.9,116.2,18,62.1,64.4,5.5,10.9,10.7,6.5,2.3,1.3,1.4,37.4,2.8,0.5,0.735,0.619,76.9,13.6,0.414
Sr,6-10,Duke Brennan,Villanova,BE,10,C,61.8,3.7,3.8,6.6,5.5,1.1,122.9,92.8,24.5,63.6,62.9,21.8,27.1,13.9,19.1,1,2.1,2,54.5,3.3,0.701,0.571,0.636,0,0,0
Sr,6-8,Jamichael Stillwell,UCF,B12,11,C,64.7,3.7,3.2,8.7,6.5,2.1,128.4,96.8,22.3,58.4,61.9,18.6,21.2,11.2,15.9,1.1,1.3,3.1,49.4,3.1,0.686,0.727,0.59,12.4,2.2,0.364
So,6-9,Morez Johnson Jr.,Michigan,B10,10,C,55.8,3.7,4,10.5,5.7,4.9,131.6,81.8,20.8,67.5,69.5,12.2,17.6,8.1,14.7,0.8,6.9,1.7,33.8,3.5,0.746,0.778,0.689,7.5,1.4,0.333
Jr,6-10,Samson Aletan,Yale,Ivy,10,C,62.5,3.7,2.5,6.4,4.3,2.1,144.5,104.6,15.7,65.2,68.9,14.4,14.4,7.3,9.2,1.8,9.7,2.4,78.3,4,0.8,0.75,0.652,0,0,0
Sr,6-2,Cooper Noard,Cornell,Ivy,9,G,70.9,3.7,1.5,2.9,6.1,-3.3,120.9,117.7,26.5,60.3,64.5,1.8,12.9,10.6,11.7,1,0.4,1.2,34.1,1.7,0.714,0.86,0.673,56.3,14.6,0.366
Sr,5-11,David Coit,Maryland,B10,12,G,72.5,3.7,2.4,5.5,5.5,0,122.8,108.8,21.3,58.1,62.9,0.6,9.6,22.8,17.1,1.5,0,1.9,29.8,1.9,0.407,0.919,0.391,62.9,12.4,0.462
Jr,6-5,Freddie Dilione V,Penn St.,B10,12,G,66.2,3.7,2.1,7.2,6.9,0.3,124.7,109.5,24.8,58,61.2,4.6,12.7,16.5,9.7,2,0.4,2.9,22.7,1.6,0.605,0.867,0.586,34.1,8.3,0.378
So,6-8,Dailyn Swain,Texas,SEC,11,F,71.8,3.7,3.7,9.1,5.6,3.4,120.9,96,24.3,58.4,61.3,6.2,18.3,23,17.7,1.5,1,2.9,37.2,3.3,0.69,0.738,0.628,23.9,4.8,0.296
Sr,6-9,Marquel Sutton,LSU,SEC,11,C,74.2,3.7,3.6,5,5.4,-0.4,128.4,98.1,18.8,59.7,62.9,9.8,22.7,2.1,10,0.4,1.7,0.7,29.6,1.8,0.718,0.813,0.672,46.3,8.5,0.34
Sr,6-3,Javohn Garcia,McNeese St.,Slnd,10,G,73,3.7,3.3,7.3,5,2.3,133.1,100.5,17.4,56,61.4,2.1,9,12.1,7,3.7,3.5,3.2,40.5,1.9,0.553,0.853,0.537,35.7,6.1,0.4
Sr,6-4,Fletcher Loyer,Purdue,B10,12,G,69.3,3.7,3.3,6,4.6,1.4,126.5,98.4,19.6,58.3,64.2,0.4,7.7,8.9,16.6,1.1,0.4,1.6,37,1.6,0.846,0.925,0.469,70.4,13.8,0.421
Jr,6-4,Mason Falslev,Utah St.,MWC,10,G,75.3,3.7,4.6,10.2,5.5,4.7,119.9,88.3,23.8,57.6,60.2,6.6,15.5,14.7,15.2,1.5,1.4,5.7,29.7,2.5,0.681,0.743,0.595,28.8,6.5,0.353
Sr,6-4,Tavarus Webb,Georgia Southern,SB,13,G,75.1,3.7,2.1,5,4.7,0.3,123.1,112.5,23.4,54.6,60.6,3.7,11.4,17.8,11.2,2.2,2.2,3,51.4,3.8,0.566,0.808,0.573,32.4,6.4,0.326
So,6-3,Terrence Hill Jr.,VCU,A10,12,G,46,3.7,1.8,11,10.3,0.7,140.4,104.2,24.2,69.1,72.3,3,9.5,23,13.4,1.8,0.5,1.3,34,3.8,0.625,0.875,0.654,72.3,16.9,0.471
Sr,6-5,Peter Suder,Miami OH,MAC,9,G,63.8,3.7,2.4,3.7,3.3,0.5,132.1,108.8,19.8,66.4,68.1,5,10.3,22.7,14.3,2.7,0.9,2.2,28.8,3.7,0.69,0.762,0.636,24.7,3.9,0.5
Jr,6-10,Blake Buchanan,Iowa St.,B12,11,C,62,3.7,3.9,9,4.7,4.3,137.8,87.7,16.2,70.3,68,14.6,13.5,9.9,12.8,1.8,7.5,2.5,31.3,4.4,0.813,0.5,0.703,0,0,0
So,6-11,Patrick Ngongba,Duke,ACC,12,C,59.7,3.7,4,9.7,4.4,5.3,128.4,85.1,21.1,67.6,68.7,11.8,17.1,16.8,18.7,1.4,7.1,1.4,64.9,4.7,0.759,0.688,0.746,20.3,3,0.267
Sr,6-9,Shilo Jackson,Le Moyne,NEC,11,C,71.7,3.6,1.9,4.1,3.4,0.7,122.6,113.7,24.6,64,68.8,13.1,22.2,16.6,19.9,0.8,9,1.6,62.4,5.3,0.746,0.81,0.63,1.1,0.2,1
Jr,6-8,Isaac Garrett,Oakland,Horz,12,F,80,3.6,2.2,3.5,3.3,0.2,114.1,112.6,22.9,54.3,58.5,8.3,15.7,16.9,15.5,1.4,3.2,2,40.2,4.2,0.64,0.765,0.579,10.2,1.8,0.154
Sr,6-4,Larry Hughes II,Cal St. Northridge,BW,10,G,75.6,3.6,2.1,6.2,5.5,0.7,119,113.1,23.7,58.3,61.8,0.7,9.6,7.6,12.1,0.8,0.4,3.4,29,3.7,0.444,0.825,0.483,58,14.3,0.438
Sr,6-5,Houston Mallette,Alabama,SEC,11,G,61.2,3.6,2.5,5.3,5.1,0.2,136,103.7,14.6,52.2,59.5,7.9,8,8,6.6,3,0,2.3,40.6,2.4,0.667,0.929,0.6,85.5,11.4,0.339
Jr,6-2,Ryan Sabol,Buffalo,MAC,11,G,87.4,3.6,1.5,0.3,4.1,-3.8,120.8,120.3,22.5,52.8,57.8,1.3,6.9,16.6,9,2.7,0,0.6,28.4,1,0.481,0.9,0.44,64.5,14.2,0.385
Jr,6-11,Alex Condon,Florida,SEC,11,C,69.8,3.6,4.5,10.7,5.7,5,116.8,89.9,22.7,56.4,59.6,9.4,20.7,22.4,20.7,1.4,4.7,1.5,60.4,3.2,0.645,0.672,0.654,22.8,3.7,0.174
So,6-6,Jelani Hamilton,Georgia St.,SB,8,G,41.5,3.6,1.4,5.4,6,-0.5,117.5,117.1,30.3,51.9,64.2,2,10.4,19.2,16.1,0.8,1.1,1.4,75.9,3.8,0.545,0.933,0.488,48.1,10.9,0.368
Jr,6-3,Solo Ball,Connecticut,BE,12,G,72.2,3.6,4,5.3,4.2,1.1,115.4,92.7,24.1,51.1,56.3,3.3,10.7,9.2,10.7,1.2,1.3,1.4,34.8,2.5,0.647,0.837,0.59,56.7,13.7,0.3
Fr,6-2,Acaden Lewis,Villanova,BE,11,G,67.8,3.6,3.3,7.6,4.7,2.9,122,97.7,24.5,52.5,54.6,3.4,12.2,35.7,14.1,3.4,0,3.3,39.6,2.1,0.688,0.625,0.612,33.7,6.9,0.235
Sr,6-6,Evan Mahaffey,Akron,MAC,11,G,71.7,3.6,2.6,5.8,4.1,1.7,133.1,106.3,17.4,59.8,58.5,9.4,11,19.8,10,4.5,1.8,3.3,32.9,3.6,0.672,0.481,0.614,14.6,2.1,0.333
So,6-6,Tyrone Riley IV,San Francisco,WCC,11,G,76.8,3.6,2.9,5.4,4.5,0.9,128.1,105.2,17.2,63.7,65.7,5.8,12.5,9,12.6,1.2,1.5,2,22.1,3,0.645,0.81,0.552,38.9,6.7,0.514
Fr,6-8,Koa Peat,Arizona,B12,11,C,65.8,3.6,4.1,7.4,4,3.5,120,88.4,24.2,55.7,58.1,9.1,11.4,17.7,14.2,1.7,2.5,1.9,52.8,4.1,0.733,0.643,0.584,4.7,1,0
Jr,6-11,Cooper Bowser,Furman,SC,9,C,78.8,3.6,2.7,3.9,2.5,1.4,131.3,107.9,16.4,79,77.4,7.7,14.1,9.8,19.9,1.1,4.7,0.6,48.4,3.4,0.825,0.667,0.79,0,0,0
Sr,5-11,Kaden Metheny,Liberty,CUSA,8,G,82.4,3.6,2.4,2.7,4.4,-1.7,121.9,111.5,20.8,61.2,62,1,7.4,16.3,7.8,4.9,0,1.2,14.6,1.5,0.625,0.692,0.625,64,13.2,0.404
Jr,6-10,Taylor Bol Bowen,Alabama,SEC,10,C,51.8,3.6,2.7,6.6,4.9,1.7,134.5,98.1,16,61.1,67.7,6,14.9,4,11.4,0.8,6.2,1.1,46,4.9,0.833,0.931,0.826,63.5,9.1,0.325
So,7-0,Matas Vokietaitis,Texas,SEC,11,C,58.4,3.6,2.9,4.8,3.8,1,123.7,97.7,27,62.8,65.7,10.7,20.3,3.1,13.9,0.2,3.6,0.9,102.3,5.8,0.71,0.682,0.628,0,0,0
Sr,6-7,Peyton Law,South Alabama,SB,9,C,48.4,3.6,2.1,2.6,3.1,-0.5,132.9,110.1,21.2,64.9,66.7,10.4,13.7,8.9,8.3,1.1,4.9,1.3,31.2,3.9,0.73,0.75,0.658,1.3,0.3,0
So,6-3,Brett Decker Jr.,Liberty,CUSA,8,G,78.6,3.6,2.2,3.7,6.7,-3.1,120.9,112.3,22.4,65.2,65.3,1,9.2,4.1,5.4,1.7,0.9,0.2,10.5,1.9,0.517,0.636,0.463,61,15.6,0.516
Sr,6-10,Reed Bailey,Indiana,B10,12,C,48.4,3.6,2.6,8.1,5.2,2.9,139.5,93.6,22.3,61.1,68.5,8.8,16.3,16.4,8.8,2.6,1.7,1,101.6,4.3,0.667,0.797,0.617,4.8,0.7,0.333
Sr,5-10,Honor Huff,West Virginia,B12,12,G,81.9,3.6,4,6.7,4.9,1.8,120.9,97.7,21.9,58.9,63.3,0.6,5,7.4,13,0.7,0,2.7,43.6,2.6,0.3,0.803,0.391,83.6,17.6,0.419
Jr,6-7,Camden Heide,Texas,SEC,10,F,42.6,3.6,2.1,7,5.3,1.6,162.9,101.1,11.1,78,77.5,6.1,9.3,6.5,5.4,2,1.1,1.5,14.6,5.1,0.636,0.667,0.667,70.7,8.8,0.552
Jr,6-10,Izaiyah Nelson,South Florida,Amer,11,C,60.7,3.5,3.2,8.3,6,2.3,128.3,94.7,22.9,59.2,64.3,16.5,22.8,7.1,13.6,0.6,8.1,2.9,79.3,5.8,0.676,0.739,0.641,10.3,1.8,0.111
Sr,6-6,Barry Dunning Jr.,Pittsburgh,ACC,13,F,65.6,3.5,2.7,6.8,6.6,0.2,129.3,103.1,19.4,61.9,65,8.3,14.1,5.4,12.8,0.6,5.5,1.1,25.7,2.5,0.711,0.857,0.667,58.7,11.4,0.391
Sr,6-1,Tayshawn Comer,Nevada,MWC,12,G,68.6,3.5,2.5,5.3,5,0.3,113.3,106.2,28.6,49.3,55.7,1,8.1,29.4,13.1,2,0.4,2.7,51.8,3.1,0.429,0.778,0.465,28.8,7.1,0.375
So,6-1,David Castillo,Kansas St.,B12,12,G,59.1,3.5,2.1,5.8,6.7,-1,128.5,107.7,22.1,61.3,63.9,3,7.9,18,13,2,0.4,0.8,24.3,2.4,0.7,0.821,0.588,55.7,12.2,0.422
So,6-4,De'Shayne Montgomery,Dayton,A10,13,G,75.8,3.5,4.1,9.3,5.2,4.1,122.4,93.9,20.8,64.5,67,3.6,13.5,17.9,16.3,1.4,2.4,4.8,31.3,2.4,0.667,0.8,0.649,42.2,7.6,0.426
Jr,7-2,Motiejus Krivas,Arizona,B12,11,C,59.7,3.5,4.2,10.5,5.3,5.2,132.4,82.6,18.3,62.9,65.8,16.5,21.4,9.6,14.9,1.2,7.5,1.5,56.1,4.1,0.714,0.73,0.635,4.5,0.6,0.333
Sr,6-3,Nate Johnson,Kansas St.,B12,12,G,76.7,3.5,3.8,7.3,3.7,3.6,126.4,97.6,17.5,61.8,63.6,3.6,15.1,19.9,17.7,2.2,0.9,3.9,18.9,3,0.674,0.8,0.596,50.9,7.9,0.426
Sr,6-8,Dillon Mitchell,St. John's,BE,11,C,61,3.5,3.8,11.4,6.4,5,133.3,88.4,16.5,64.2,63.1,11.2,15.2,18.9,10.9,3.1,3.8,3.6,43.3,2.5,0.75,0.552,0.694,7.5,1,0
Sr,6-7,Michael Ajayi,Butler,BE,12,C,80,3.5,4.4,5.8,4.1,1.7,112.1,93.1,26.4,49,52.4,12.3,27,17,13.9,1.4,3,2,58.7,2.7,0.595,0.614,0.521,19.3,4.1,0.241
Jr,6-6,Myles Rigsby,Tulsa,Amer,8,G,45.5,3.5,2.2,6.3,3.4,2.9,134.9,105.4,19.3,55.3,69.6,3.5,10.4,19.6,16.5,1.9,0.6,3.8,100,3.7,0.737,0.947,0.72,34.2,4.1,0.154
Jr,6-1,Jaylen Curry,Oklahoma St.,B12,9,G,55,3.5,3.1,6.2,4.1,2,122.4,99.7,22.5,50.6,56.3,0.5,14.9,32,11.2,4,0.5,2.1,46.6,2,0.644,0.78,0.561,25,4.6,0.227
Jr,6-7,Andrija Bukumirović,Tennessee Martin,OVC,10,F,77.8,3.5,3.1,4.3,5.1,-0.8,123.7,104.3,20.6,63.3,62.8,11.4,17.7,5.7,10.7,0.6,2.6,2.2,28.3,3,0.696,0.563,0.672,43.4,9,0.388
Sr,6-0,C.J. Anthony,Iona,MAAC,12,G,67.8,3.5,2.7,5.1,4,1.1,114.1,106.8,28.4,53.3,58.6,1.3,9.7,36.2,17.3,2.2,0.3,3.2,50.4,3,0.561,0.765,0.5,37.8,7.8,0.392
So,6-4,Devin Vanterpool,Florida Atlantic,Amer,10,G,77.1,3.5,3.1,6,4.6,1.4,115.4,103.8,23.7,55.3,59.1,3.9,21.8,17.3,17.1,1.3,2.1,2.8,31.6,4,0.487,0.806,0.517,49.1,10.3,0.393
Sr,6-6,Jaron Pierre Jr.,SMU,ACC,11,G,80,3.5,3.7,3.6,3.5,0,115.1,99.7,23.5,53.4,56.3,2.5,15.3,8.1,9.6,1.1,1.5,1.5,29.9,2.8,0.712,0.735,0.56,39,9.6,0.328
So,6-7,Justin McBride,James Madison,SB,12,F,67.5,3.5,1.6,4.7,6.4,-1.7,121.3,115.9,27.1,62.7,65.3,6.9,16.1,10.4,14.5,0.7,3.4,1.1,37,4.6,0.678,0.765,0.565,33.3,8.2,0.5
Jr,6-7,Tylik Weeks,Southern Miss,SB,11,F,84,3.5,2.8,1.6,2.3,-0.7,112.5,108.8,26.7,51,57.7,6.1,17.1,11.2,15.2,0.8,1,2.3,52.4,3.2,0.618,0.8,0.551,11.2,2.5,0.125
Sr,6-2,Jayden Epps,Mississippi St.,SEC,10,G,56.9,3.5,2.3,5.6,5.3,0.3,118.5,108.5,24.1,58.9,61.4,0,7.5,12,11.6,1.1,1.5,1.6,25.2,2.9,0.679,0.774,0.603,52.8,13,0.385
Fr,6-9,Thijs De Ridder,Virginia,ACC,11,C,65.6,3.5,2.9,4,4.3,-0.3,122.5,101.5,24.9,57,58.6,10.3,13.6,8.5,11.4,0.9,2.2,1.8,48.7,4.6,0.667,0.625,0.563,24.3,5.7,0.393
Sr,6-6,Corey Washington,SMU,ACC,11,F,73.9,3.5,3.5,4.1,3,1.1,126.6,98.6,17.5,60,66.2,10.2,13.2,4.3,15.8,0.5,2,2.3,55.3,4,0.75,0.851,0.643,34.1,4.7,0.345
So,6-7,Ian Scott,Indiana St.,MVC,10,G,72.9,3.5,3.5,7.9,4.4,3.6,127.2,98.2,18.5,68.8,70.9,5.6,21.9,18.3,16.4,1.4,2.4,2.6,59.7,3,0.667,0.744,0.661,18.1,2.5,0.538
Jr,6-8,Elijah Jones,UTEP,CUSA,6,F,63.3,3.5,2.2,6.8,5.6,1.2,119.9,107.7,22.1,65.5,66.3,2.9,16.1,5.9,12.5,0.3,4.1,1.6,13.8,4.7,1,0.75,0.703,36.2,8.3,0.381
Sr,6-5,Jake Heidbreder,Fresno St.,MWC,11,G,93.5,3.5,3.3,1.9,2.2,-0.3,115.4,107.3,21.6,53.7,58.6,1.1,7.7,13.2,13.3,1.6,0,2,30,1.8,0.683,0.889,0.623,54,11.1,0.309
Jr,6-2,Xzayvier Brown,Oklahoma,SEC,11,G,77.2,3.5,2.8,3.3,2.7,0.7,120.3,106.9,21.1,52.9,58.4,1.3,7.7,19,14.1,2.1,0.3,2.8,30,2.2,0.711,0.917,0.612,44.2,8.8,0.283
Jr,6-7,Rich Rolf,Youngstown St.,Horz,11,G,69.1,3.4,2.6,6.5,5.2,1.3,138.9,105.2,15,67.7,69.9,5.8,11.3,11.1,11.3,1.8,1.3,2.1,16.5,2.6,0.727,0.923,0.676,53.2,7.9,0.452
So,6-3,Joshua Dent,Saint Mary's,WCC,11,G,86.5,3.4,4.4,4.8,1.9,2.9,116.6,96.6,19.9,49.5,59,1.3,6.9,26.3,21.7,2,0.6,2.3,50.5,2.5,0.75,0.938,0.582,42.1,6.2,0.25
Sr,6-5,Adam Hinton,Cornell,Ivy,9,G,66.4,3.4,1.6,4.6,6,-1.4,125.3,115.7,22.9,63.8,66.8,5.8,8.2,15,14.4,1.4,2.5,2.2,30.9,3.6,0.639,0.828,0.529,45.7,9.4,0.512
Sr,6-4,Bryce Harris,Howard,MEAC,11,G,88.9,3.4,3.6,5.1,4.4,0.7,113.1,103.7,25.8,50.3,57.5,7.6,17.3,15,14.4,1.1,3.6,3.1,51.4,2.7,0.513,0.824,0.48,31.9,6.8,0.37
Sr,6-9,Brock Wisne,Northern Colorado,BSky,9,C,79.7,3.4,2.4,2.9,3.8,-0.9,118.1,111.3,25.1,63.3,64.4,9.8,14.5,16.1,18.3,1.3,0.7,1,19.5,3.5,0.662,0.727,0.644,20.4,4.4,0.391
So,6-3,Brandin Cummings,Pittsburgh,ACC,10,G,52.2,3.4,2.3,2.5,2.8,-0.3,124,108,21.5,52.8,59.1,2.2,5.3,15.8,11.4,2,0.4,1.6,46.6,3.4,0.5,0.829,0.525,54.5,10.7,0.354
Sr,6-1,Jordan Pope,Texas,SEC,11,G,69.1,3.4,2.6,3,4,-1,127.1,106.3,19.2,50,54.1,2.3,5.7,16.3,5.8,5.1,0.3,0.4,27.9,2.8,0.5,0.806,0.45,64,13.2,0.352
Fr,6-10,Nate Ament,Tennessee,SEC,11,F,69.9,3.4,4.3,5.2,3,2.2,109.4,88.5,29.7,43.7,52,7.7,19.2,18.1,19,1,0.4,3,55.2,3.1,0.5,0.797,0.424,36.6,9.2,0.306
Jr,6-3,Miro Little,UC Santa Barbara,BW,7,G,53,3.4,2.8,7.2,4.4,2.9,120.6,105.9,22.5,50,61.6,1.2,20.6,27.9,18.6,2.2,2.3,4.5,68.4,2.4,0.609,0.923,0.583,36.8,5.9,0.238
Sr,6-5,Josh Omojafo,South Florida,Amer,11,G,65.6,3.4,2.7,5.5,4.6,0.9,126.6,102.8,20.9,52.2,61.2,6.6,12.9,13.9,12.9,1.5,1.1,2.5,80,3.6,0.574,0.806,0.516,31.1,5,0.357
Jr,6-10,Michael Nwoko,LSU,SEC,11,C,50,3.4,2.5,7.8,5.4,2.4,125.5,96.6,28.9,72.6,72.7,12.2,16.8,7.1,18.4,0.3,5.9,1.3,48.4,6.1,0.824,0.696,0.75,3.2,0.8,0
Sr,6-9,Mike Sharavjamts,South Carolina,SEC,11,F,70.8,3.4,3.5,7.3,4.5,2.8,129,97.3,18.5,58.8,64.1,6.4,20.1,16,12,2.2,2.8,1.3,38.8,3.3,0.789,0.879,0.673,38.8,6.1,0.303
Jr,6-1,Tariq Francis,Rutgers,B10,12,G,63.2,3.4,2.1,4.7,4.1,0.6,120,109.2,24,52.7,59.1,1.4,9.8,21.4,12.3,1.8,0,2.2,45.5,3.6,0.682,0.84,0.548,43.6,9.4,0.333
Sr,7-0,Christoph Tilly,Ohio St.,B10,11,F,66.5,3.4,3.1,3.7,2.2,1.5,117.2,98.8,26.1,47,56.7,8.3,18,18.1,14,1.6,2.3,1,68,4.3,0.689,0.824,0.621,34,6.5,0.118
So,6-8,MJ Thomas,New Orleans,Slnd,11,C,62.6,3.4,2,3.6,3.8,-0.1,126.3,110,19.8,62.9,68.1,14,19.1,15.1,18.5,1.1,2,2,68.2,5.6,0.66,0.8,0.625,3,0.4,0.5
Jr,6-9,Keanu Dawes,Utah,B12,12,F,72.5,3.4,2.7,4.7,4,0.7,125.3,105.6,19.7,64.4,67.3,9.1,25.4,19.3,19.5,1.5,1.6,1.1,44.8,3,0.828,0.769,0.82,29.9,4.2,0.154
Sr,6-0,Damarco Minor,Pittsburgh,ACC,13,G,79.1,3.4,3.4,6.3,3.5,2.8,126.3,101.5,16.4,59.2,64,2,13.1,20.3,18.9,2.2,1.4,3,32.6,2.7,0.636,0.9,0.531,65.2,8.8,0.417
Sr,6-5,Javon Cooley,Pepperdine,WCC,11,G,75,3.4,3,4.1,3.1,1,126.5,104.4,19.2,58.8,66.8,3.3,17.4,5.5,13,0.7,0.7,2.1,49.5,2.6,0.692,0.958,0.574,51.5,8.9,0.4
Sr,6-4,Zane Nelson,Denver,Sum,11,G,45.4,3.3,0.7,6.6,7.8,-1.2,129.2,121.3,28.3,66.3,69.7,3,13,23.8,16.1,1.3,0.5,2.9,46.3,5,0.556,0.811,0.435,42.5,9.7,0.647
Sr,6-10,KeShawn Murphy,Auburn,SEC,10,C,47.3,3.3,2.5,6.6,5.3,1.3,128.9,100.6,17.6,66.7,65.5,7.9,19.4,11.8,14.2,1.4,3.4,1.7,25.8,3.3,0.781,0.529,0.673,21.2,3.5,0.429
So,6-5,Kevin Overton,Auburn,SEC,12,G,68.3,3.3,2.7,4.3,3.5,0.8,123.3,104.7,17.9,49.5,55.7,3.4,10.3,7.9,8.7,1.7,0.3,3.1,44.7,2.3,0.652,0.804,0.477,57.3,10.2,0.339
So,6-4,Nyle Ralph-Beyer,Sacred Heart,MAAC,9,G,52.4,3.3,1,4.5,7.2,-2.7,131.3,121,19.5,65.2,67.8,4.3,9.4,4.7,10.1,0.8,1.1,1,18,1.7,0.444,0.938,0.433,66.3,14.5,0.508
Jr,6-7,Andrej Stojakovic,Illinois,B10,10,F,59.3,3.3,3.2,4.5,3.8,0.7,113.8,97,26.1,56.1,57.7,5.8,11.1,8.4,15.1,0.6,2.8,1.1,19.5,1.7,0.7,0.708,0.632,22.8,6.1,0.214
Jr,6-2,BJ Davis,San Diego St.,MWC,10,G,51.6,3.3,2.5,10.1,6.9,3.2,125,98.2,25,51.2,59.9,2.3,12.5,19.1,9.8,2.2,1.9,3.5,48.8,3.4,0.476,0.927,0.373,39.3,9,0.485
Sr,6-7,Tucker DeVries,Indiana,B10,12,G,81,3.3,4.5,7.2,4.5,2.7,115.8,93,23.2,53,57.5,2.3,14,18.4,13.2,1.9,2.3,1.6,25.8,3.1,0.577,0.897,0.511,70.2,15.4,0.358
Sr,6-5,TJ Hurley,Vermont,AE,12,G,72.3,3.3,1.7,1.5,3,-1.5,124.3,115.8,19.4,56,62.1,0.7,14,9.9,8.9,1.8,0,1.6,34.3,2.6,0.667,0.946,0.511,58.3,10.9,0.397
So,6-8,Hamad Mousa,Cal Poly,BW,10,F,65.7,3.3,2.2,3.4,4.4,-1,113.6,110.8,27.5,54.1,61.6,3.4,16.3,13.5,18.6,0.8,0.8,1.8,57.7,3.6,0.489,0.845,0.468,49.6,10.8,0.41
Sr,6-7,Bryce Hopkins,St. John's,BE,11,G,60.8,3.3,3.3,8.2,6,2.3,117.1,93.2,25.5,54.5,59.6,7.9,11,17.7,16.5,1.2,1.1,2.8,62.6,2.4,0.62,0.726,0.565,30.3,6,0.333
Sr,6-7,Brian Waddell,Bellarmine,ASun,9,G,82.1,3.3,1.5,0.6,3.1,-2.5,119.2,119.6,21.9,66.1,67.9,5.7,12.4,12.8,17.2,0.9,0.9,1.6,44,2.2,0.672,0.73,0.646,22.6,3.8,0.474
Sr,5-10,Daeshun Ruffin,Jackson St.,SWAC,11,G,64.8,3.3,1.2,3.5,4.6,-1.1,103.9,120.8,33,49.7,56.2,1,6.9,39.5,17.6,1.2,0.4,2.7,41.4,2.6,0.547,0.85,0.495,33.1,8.7,0.333
Sr,6-0,Braden Sparks,Fairfield,MAAC,12,G,80,3.3,2,3.4,4.6,-1.2,118.4,115.2,24.3,53.7,57.2,1.3,12.3,16.1,12.4,1.5,0,1.6,25,2.4,0.405,0.829,0.42,50.6,12.5,0.434
Jr,6-1,Dai Dai Ames,California,ACC,11,G,77.3,3.3,3.3,2.5,2.4,0,118.6,101.9,24,60.4,62.8,0.7,5.9,15.7,14,1.5,0.3,1.9,22.9,3.3,0.531,0.813,0.522,35.7,8.4,0.5
Sr,6-3,Dion Brown,Saint Louis,A10,11,G,58.1,3.3,3.3,7.2,4.8,2.4,128.7,91.3,22,69.5,71.5,10.7,20,16.1,20.9,1.1,1.3,1.5,29.9,4.4,0.778,0.808,0.746,18.4,3.3,0.313
Sr,6-8,Cam Morris III,East Tennessee St.,SC,11,C,63,3.3,2.4,4.8,4,0.8,120.8,106,25.4,61.9,64.2,6.7,11.8,11.2,13.3,1,9,2.3,59.8,4.3,0.656,0.69,0.607,13.4,2.8,0.462
Jr,6-0,DeAndre Craig,Purdue Fort Wayne,Horz,10,G,74.5,3.3,1.7,2,3.1,-1.1,118.2,116.3,23.7,50.4,55.6,2.6,13,20.8,7.1,2.6,0,3,36.5,3.6,0.476,0.81,0.463,41.7,9,0.375
Sr,6-0,Sam Hoiberg,Nebraska,B10,11,G,71.2,3.3,4.2,7.8,2.3,5.5,134.5,90.4,13.6,62.3,63.1,1.9,14.5,22.1,10.6,5.5,0.8,3.4,32.8,2.8,0.722,0.65,0.619,31.1,3.4,0.421
Jr,6-7,Andrew Meadow,Boise St.,MWC,10,G,71.6,3.3,3.3,6.3,4.4,2,123.2,99.2,17.2,62.8,63.9,2.5,9.5,8.4,11.8,1,0,1.2,44.9,1.7,0.676,0.657,0.595,46.2,7.3,0.444
Sr,7-0,Nate Bittle,Oregon,B10,9,C,53.1,3.3,2.9,7.6,5.2,2.4,118.6,101,24.1,50,57.3,9.4,17.7,12.5,14.1,1,8.1,1.2,58.3,1.9,0.667,0.796,0.509,36.9,7.6,0.323
So,6-5,Robert Hinton,Harvard,Ivy,11,G,79.5,3.3,2.8,1.5,1.9,-0.5,111.8,107.7,28.2,50.7,56.2,4.2,17.5,14.2,11.3,1.3,0.4,3.2,35.4,2.2,0.571,0.846,0.533,18.4,4.8,0.259
Sr,6-6,Dan Skillings Jr.,Baylor,B12,11,F,72.3,3.3,3,3.5,3.5,0,119,103.2,20.7,51.9,55,10.9,16.6,15.8,17.5,1.6,0.6,2.4,31.1,2.9,0.59,0.719,0.544,34,6,0.314
Sr,5-9,Kareem Rozier,Winthrop,BSth,11,G,73.8,3.3,1.9,4,4.9,-1,121.5,114.5,21.2,50.4,52.7,0.6,8.8,24.9,7.2,4.7,0,2.7,13.9,2.1,0.357,0.842,0.313,65,15.1,0.404
So,7-0,Julius Halaifonua,Georgetown,BE,12,C,61.1,3.3,2.2,4.3,3.7,0.6,130.6,107.4,19.2,64,66,7.3,15.1,12.1,9.1,1.9,4.3,0.8,54.7,4.9,0.704,0.702,0.69,17.4,2.9,0.267
Jr,6-11,Sananda Fru,Louisville,ACC,12,C,57.1,3.3,3.1,7.4,5.3,2.1,129.4,94,19.1,80.3,78.4,16.6,12.5,9.8,24.8,0.6,5.9,1.2,50,3.4,0.8,0.667,0.794,4.5,0.6,0.667
Sr,6-8,Delrecco Gillespie,Kent St.,MAC,10,C,83.9,3.3,3.6,4.1,3.6,0.5,112.4,102.2,26.8,59,62.5,14,30.5,11.5,22.4,0.5,6.9,1.5,44.8,2.7,0.712,0.75,0.598,12.7,2.6,0.353
Sr,6-6,Cris Carroll,Youngstown St.,Horz,11,G,72.6,3.3,3,7.3,6.5,0.9,117.3,103.3,26.1,67.2,68.2,4.3,15.4,15,21.3,0.8,1.2,2.2,30.4,3.2,0.683,0.711,0.611,56.8,12.8,0.479
Jr,5-11,Ryan Beasley,San Francisco,WCC,10,G,76.5,3.3,2.9,1.6,1.6,0,114.5,108.1,21.4,50.9,56,1.8,7.5,18,13.6,1.9,0.3,1.8,37.4,3.6,0.609,0.8,0.553,56.1,10.9,0.317
So,6-1,Isaac Williams,Baylor,B12,11,G,53.4,3.3,1.9,3.9,3.1,0.8,129.3,106.9,21.1,62,65.4,1.5,9,24.5,17.6,2.3,1.6,1.9,42.7,5.3,0.636,0.781,0.59,18.7,3.3,0.5
Sr,6-2,Simeon Cottle,Kennesaw St.,CUSA,8,G,70.8,3.3,1.8,2.9,4.4,-1.5,115.5,114.3,28,52.5,61.3,1.3,5.7,18.2,20.7,1.3,0.9,1.8,61.6,4.8,0.52,0.869,0.432,55.6,12.2,0.4
Fr,6-3,Ace Glass lll,Washington St.,WCC,12,G,59.8,3.3,2,4.4,5.4,-1,115.8,108.8,28.9,58.9,63.3,2.2,13.6,17.9,17.5,0.9,0.8,1.8,32.3,3.2,0.593,0.875,0.607,54.8,13.8,0.382
Sr,6-9,Zuby Ejiofor,St. John's,BE,11,C,71,3.3,4.1,8.6,4.2,4.4,113,90.7,24.2,52.7,59.1,11.4,14.6,16.6,20.6,1,9,1.6,78.5,3.3,0.525,0.726,0.558,17.2,2.7,0.25
So,6-7,David Punch,TCU,B12,11,C,75.2,3.2,4.9,9.5,4.2,5.4,117.9,85.9,21.3,58.8,61.2,7.1,24.6,12.1,14.6,1.1,9.6,2.7,51,2.7,0.727,0.673,0.621,14.7,2.6,0.267
Sr,5-10,Rob Martin,High Point,BSth,11,G,65.7,3.2,2,4,4.4,-0.4,116.8,111,28.5,53.2,57.5,3,5.6,30.4,14.8,2.2,0,3.9,38.4,3.1,0.636,0.771,0.53,33.6,8.1,0.357
So,6-6,Riley Fox,Yale,Ivy,10,G,47.4,3.2,1.2,5.1,7.9,-2.8,135.7,114.4,23.9,61.1,64,3.5,8.5,7.7,4,3,0,1.3,23.3,2.1,0.64,0.857,0.56,44.4,12.7,0.45
Jr,6-8,Adam Olsen,South Alabama,SB,12,F,89.2,3.2,2.2,1.6,3.4,-1.8,120.2,115.2,20.3,55.6,60.9,1.4,7.7,6,9.5,0.9,0,1.9,33.6,1.1,0.429,0.896,0.457,67.8,13.3,0.402
So,6-5,Vyctorius Miller,Oklahoma St.,B12,10,G,58.6,3.2,2.5,6.4,5.5,0.9,123.1,104.5,22.3,62.4,67.7,3.5,7.2,12.8,18.7,1,2.3,1.8,45.2,3.7,0.655,0.881,0.56,46.2,8.5,0.465
Sr,6-5,Roddy Gayle Jr.,Michigan,B10,10,G,55,3.2,3.6,9.3,4.6,4.7,129.2,85.3,19,59.7,63.7,3.9,11.8,15,12.5,2.2,1.4,2.6,37.5,2.7,0.643,0.815,0.642,26.4,4.5,0.316
Fr,6-3,Kayden Mingo,Penn St.,B10,12,G,76.5,3.2,2.8,3.6,2.6,0.9,114,106.5,25.9,50,53.6,3,14.6,27.5,11.8,2.8,0.3,4,31.9,2.2,0.645,0.733,0.577,26.2,5.9,0.189
Sr,6-6,Terry Anderson,High Point,BSth,11,F,65,3.2,1.9,2,3.8,-1.8,127.4,111.8,21,61.7,64,8.8,16.7,8.7,11.1,1.2,0.4,1.4,54.4,4,0.623,0.694,0.609,23.3,4.1,0.429
Jr,6-3,Kanaan Carlyle,Florida Atlantic,Amer,9,G,67.7,3.2,2.1,0.1,2.2,-2.1,112.5,112.9,24.1,51.5,59,1.2,9.8,17.2,19.1,1.2,0.4,1.1,38.8,3.8,0.583,0.947,0.61,58.2,12,0.298
Jr,6-4,Finley Bizjack,Butler,BE,12,G,77.6,3.2,3,2.1,2.7,-0.7,115.9,105.3,22.1,54.6,58.3,1.7,3.8,12.6,15.8,1.1,0.5,1.6,29.8,2.1,0.611,0.8,0.554,57,12.5,0.36
Sr,6-9,William Kyle III,Syracuse,ACC,12,C,70.7,3.2,4.3,9.9,5,4.9,122.9,89.1,18.3,72.9,66.5,13.2,18.3,6.8,14.8,0.8,12.1,2.6,90,3,0.754,0.492,0.729,0,0,0
Sr,6-9,Khamari McGriff,Kansas St.,B12,12,C,49.8,3.2,2.3,6.3,3.8,2.5,138.3,99.7,18.4,72.8,72.3,12.2,13,8.6,12.3,1.2,7.6,1.8,52.9,6.2,0.754,0.667,0.738,4.4,0.7,0.333
Fr,6-9,Neoklis Avdalas,Virginia Tech,ACC,12,F,69,3.2,3,4.9,4.3,0.6,114.5,103.7,24.5,53,55.6,0.6,12.1,29,14.7,2.6,2.8,1.4,34.8,2.1,0.864,0.681,0.507,45.9,9.7,0.371
Jr,6-5,Isaac Bruns,South Dakota,Sum,12,G,75.6,3.2,1.7,0.7,3.8,-3.1,109.2,117.1,30.8,44.7,52.4,6.8,12.9,8,12.2,0.6,0.2,2.2,45.7,2.3,0.506,0.833,0.456,25.4,7.2,0.28
Jr,5-10,Jalen Griffith,Western Michigan,MAC,10,G,64.6,3.2,1.4,1.8,4,-2.2,114.4,119,26.8,49.6,55,0.4,4.9,35.1,13.3,2.4,0,1.6,25.8,3.5,0.462,0.938,0.485,45.2,11.1,0.339
Sr,6-8,Michael Rataj,Baylor,B12,11,F,73,3.2,2.7,3.4,3.6,-0.1,121,106.5,18.8,51.2,55.3,12.9,10.2,16.2,18.1,1.8,2.3,1.7,48.1,3.1,0.583,0.692,0.517,25.9,3.6,0.333
Fr,6-5,Meleek Thomas,Arkansas,SEC,12,G,66.2,3.2,3.1,4.9,3.8,1.1,114.7,99.3,25.7,46,50.6,5.1,10,20.3,8.7,2.9,0.3,2.9,25.3,2.6,0.484,0.842,0.429,53.3,13.7,0.325
Jr,6-8,Thomas Dowd,Troy,SB,11,F,85.8,3.2,3.8,5,4.1,0.9,120.8,101.2,18.2,56.5,59.2,8.2,24,6.4,11.3,1.3,3.2,2.5,34.7,2.9,0.568,0.721,0.525,52.4,8.9,0.4
Jr,6-5,Brycen Blaine,Charleston Southern,BSth,10,G,76.2,3.2,2.8,6.8,6.8,0,111,106.3,31.3,53.4,58.2,4.4,20.6,23.2,17.1,1.4,0.6,2,28.1,2.8,0.5,0.889,0.397,57.5,16.4,0.424
Sr,6-10,Jalen Washington,Vanderbilt,SEC,12,C,46.2,3.2,2.7,10,5.9,4.1,139.1,91,19,63.6,68.7,9.5,20.4,10.4,10.1,1.9,8.4,2.4,78,5.5,0.853,0.783,0.714,28.8,4.1,0.294
Jr,6-8,Leo Beath,UC San Diego,BW,11,F,78.8,3.2,3.4,4.3,4,0.3,116.5,102,23.9,60.4,62.6,3.9,11.7,8.7,13.9,0.9,1.7,2.5,29.1,1.8,0.655,0.744,0.536,37.3,8.3,0.48
Sr,6-3,Jlynn Counter,Charleston,CAA,11,G,63.4,3.2,2.5,5.2,4.7,0.5,116.6,107.2,26.6,56.5,61.9,3,17.6,30.9,18.7,1.8,0.4,2.5,46.3,2.9,0.738,0.82,0.597,33.3,6.9,0.333
Sr,6-7,J'Vonne Hadley,Louisville,ACC,11,G,57.6,3.2,3.4,5.9,3.8,2.1,131.5,93.3,14.9,62.3,61.3,5.6,14.9,10.3,6.5,3.4,1.2,1.8,32.5,3.8,0.61,0.52,0.588,33.8,5.1,0.462
Jr,6-7,Abdi Bashir Jr.,Kansas St.,B12,12,G,58.1,3.2,2.1,6.7,7.6,-0.9,127.4,106.3,20.5,64.1,64.1,0.9,10,17.3,13.3,2.1,0,1.2,8.5,1.7,0.333,0.6,0.261,80.3,18.3,0.489
Jr,6-10,Robbie Avila,Saint Louis,A10,11,F,62,3.2,3.3,8.5,5.3,3.3,127.4,94.1,20.1,62.3,65.4,2.7,15.3,21.7,18.5,2.1,1.6,1.2,45.7,2.6,0.583,0.757,0.55,50.6,8,0.463
Sr,6-3,Javon Jackson,Murray St.,MVC,12,G,58.3,3.2,2,1.4,2.3,-0.9,119.5,108,29.1,49.3,56.1,1.6,6.6,20.4,12,1.7,0,2.3,37.9,4.6,0.433,0.891,0.426,35.2,9.9,0.412
Sr,6-2,Tarence Guinyard,Duquesne,A10,10,G,77.8,3.2,2.5,3,3.4,-0.4,116.7,110,23.9,58.6,62.6,0,11.1,28.9,19.3,2.1,0,2.1,64.6,3.4,0.609,0.719,0.538,47.5,8,0.426
Sr,6-1,Dylan Williamson,Towson,CAA,10,G,91,3.2,2.7,1.7,3.2,-1.5,109.2,111.3,23.3,50.3,51.8,0.9,5.4,18.5,15.5,1.6,0.3,1.2,11.1,0.7,0.565,0.75,0.53,54.2,13.4,0.321
So,6-2,Narit Chotikavanic,Stephen F. Austin,Slnd,9,G,60.7,3.2,2.6,7.3,5.3,2.1,131.9,102.4,18.3,67.3,67,1.5,9.7,1.8,7.3,0.3,0,3.8,11.9,5.1,0.429,0.6,0.389,78.6,17.6,0.5
Sr,6-7,Chris Bell,California,ACC,11,G,66.7,3.2,3,5,4.6,0.3,124.7,100.7,21.9,59.6,65.7,3,9.3,6.4,12.5,0.6,2.9,1.2,42.3,2,0.6,0.909,0.531,52.9,10.7,0.436
So,6-7,Dylan Grant,Rutgers,B10,12,F,64.5,3.2,2.2,3.1,4.4,-1.3,115.5,107.9,25.2,54.3,58.8,8.5,16.7,4.9,12.9,0.4,1,1.2,47.9,2.7,0.576,0.75,0.511,21.4,4.8,0.44
Sr,6-5,Nimari Burnett,Michigan,B10,10,G,48.6,3.2,2.9,7.8,5.2,2.6,139.9,90,15.7,60.8,63.8,5.7,8.7,9.6,5.1,4.3,0.5,1.4,31.7,2.8,0.591,0.789,0.56,58.3,9.4,0.429
Sr,5-11,Turner Buttry,Eastern Kentucky,ASun,10,G,67.2,3.2,1.3,1.6,3.2,-1.7,127,119.4,18.2,50.6,58.7,1.9,6,20.5,10.3,3.5,0.4,0.8,48.1,2.4,0.6,0.892,0.517,62.3,10,0.333
So,6-5,Kareem Thomas,Dartmouth,Ivy,10,G,74,3.2,1.9,1.5,2.7,-1.2,113.7,114,28.5,63.6,68,2,7.3,14.4,21.7,0.6,0.7,1.5,79.6,3.9,0.52,0.756,0.514,30.1,6,0.613
Jr,6-0,Damari Wheeler-Thomas,North Dakota St.,Sum,10,G,76.8,3.2,2.9,2.9,2.2,0.6,115.8,106.1,24.6,47.9,54.7,2.3,8.3,20.1,11.1,2.1,0,2.7,56.8,3.6,0.517,0.761,0.424,50,10.7,0.356
Sr,6-3,Jacari White,Virginia,ACC,11,G,46.3,3.2,1.8,9.8,10.3,-0.6,137.8,105.5,21.7,68.4,69.7,6.7,7.6,15.3,15.8,1.4,0,2,19,2.4,0.571,0.8,0.474,75.9,17.2,0.5
Sr,6-4,Jordan Riley,East Carolina,Amer,11,G,89.7,3.1,3.2,4.8,4.1,0.8,104.2,106.7,30.4,48.9,52.7,4.7,13,14.8,13.4,0.7,1.8,3.2,47.6,2.3,0.566,0.659,0.494,15.7,4.2,0.31
Sr,6-2,Jadin Booth,Samford,SC,10,G,77.4,3.1,2.3,1.5,3.2,-1.7,113.6,113.2,23.4,52.7,60,1.2,10.7,10.1,13.3,1,0,2,42.6,2.2,0.765,0.909,0.424,74.4,15.7,0.375
Sr,6-7,Devin McGlockton,Vanderbilt,SEC,12,C,58.6,3.1,3,4.2,3.3,0.9,129.9,96.3,18,64,64,12,20.9,10.3,12.7,1.5,2.5,1.1,16.9,5.8,0.792,0.6,0.774,30.3,5.1,0.222
Sr,6-4,Otega Oweh,Kentucky,SEC,12,G,67.7,3.1,4,7,3.3,3.7,113.6,90.3,24.5,51.6,57.4,3.5,13,14,14.9,1.2,1.8,3.7,42.9,2.8,0.655,0.815,0.516,27.8,6.1,0.343
So,6-4,Tajuan Simpkins,Seton Hall,BE,12,G,63.7,3.1,3.2,6.5,5.2,1.3,130.2,97.2,18.1,65,69.9,4.7,10.3,6.7,15,0.8,1.7,2.1,55,2.1,0.684,0.841,0.583,40,6.2,0.5
So,6-6,"Jamie Kaiser, Jr.",Butler,BE,12,G,64.1,3.1,3,6.2,4.3,1.9,132.6,99.1,15.2,60.8,62,7.7,13.7,7.7,8.1,2,0.6,2.5,41,2.4,0.684,0.647,0.622,45.8,6.7,0.395
So,6-2,Cooper Campbell,Troy,SB,11,G,84.1,3.1,2.7,3.1,3,0,115.6,109.6,21.5,53.8,58.3,2.8,8.4,26.7,18.2,2.1,0.3,2.4,28.5,2.2,0.467,0.865,0.477,50,9.1,0.4
Jr,6-9,Tae Davis,Oklahoma,SEC,11,F,67.1,3.1,2.6,3.3,3.6,-0.3,116.6,105.4,24.7,51.4,53.7,13.7,14.6,18.5,13.9,1.7,1.1,1.9,31.5,3.5,0.619,0.657,0.6,18.9,4,0.095
Jr,6-6,"Dennis Parker, Jr.",Radford,BSth,11,G,71.6,3.1,2.3,5.2,5.9,-0.7,111.1,109.3,30,56.5,59.5,7,15.6,11,15.3,0.6,2.5,3.2,42.2,3.4,0.6,0.708,0.527,40.9,10.7,0.413
Jr,6-9,Noah Barnett,Vermont,AE,12,C,53.8,3.1,1.5,2.5,2.6,-0.1,145.1,113.2,13.2,74.2,76,12,11.3,3.4,12.4,0.7,3.3,2.1,129,4.3,0.769,0.75,0.742,0,0,0
Fr,7-0,Malachi Moreno,Kentucky,SEC,12,C,55.6,3.1,3.4,8.2,4.5,3.7,127,88.5,19.6,60.9,62.6,13.1,19.7,12,13,1.6,7.4,1.9,62.3,2.4,0.672,0.651,0.618,1.4,0.2,0
Sr,6-7,Pablo Tamba,LSU,SEC,11,C,63.1,3.1,3.3,6.4,3.4,3.1,142.3,95.7,11.5,69.2,70.1,11.9,19,7.6,12.2,2,2.3,2.2,59,4,0.765,0.696,0.75,7.7,0.6,0
So,6-8,Cooper Koch,Iowa,B10,12,F,58.3,3.1,3.1,7.3,5.2,2.1,140.7,94.4,13.1,70.7,71.4,6.7,13.7,6.1,10.1,1.7,0.9,1.8,25.9,3.6,0.786,0.733,0.667,63.8,8.2,0.486
Sr,6-5,Jamal Fuller,LIU,NEC,11,G,73,3.1,2.5,1.8,2.4,-0.6,119.4,109.8,20.1,59.5,63,4.3,14.9,8.7,16.5,0.8,2.2,2.4,44.5,3.8,0.615,0.755,0.515,40,6.9,0.477
Sr,6-2,Jordan Battle,Old Dominion,SB,12,G,76.9,3.1,2.5,4.3,3.9,0.5,115.7,109.8,22.4,52.9,62.2,3.4,16.2,18.7,17.7,1.3,0,2.6,67,2.7,0.44,0.87,0.385,49.5,7.8,0.451
Sr,6-4,Brian Taylor,East Tennessee St.,SC,11,G,84,3.1,2.9,2.1,2.7,-0.6,115.8,107.9,21,57.4,59.7,2.7,14.8,17,15.1,1.6,0.4,2.7,22.1,2.6,0.632,0.778,0.58,43.4,8.4,0.377
Jr,6-0,Mateo Esmeraldo,Lipscomb,ASun,10,G,73,3.1,3,4.4,3,1.4,116.9,103.4,22.2,45.3,52.9,3.3,12.4,41.8,15,3.9,0,3.3,44.2,1.2,0.523,0.842,0.491,36,5.7,0.258
Sr,6-7,Javan Buchanan,Boise St.,MWC,10,F,72.8,3.1,3.7,5.1,3,2.1,114.1,96.6,21.3,43.7,50.9,8.6,14.4,13.6,9.4,1.8,0.4,1.6,44.2,3.6,0.474,0.81,0.41,35.8,6.8,0.324
Sr,6-7,Tre'Von Spillers,Wake Forest,ACC,13,C,64.3,3.1,3.4,6.7,3.5,3.2,123.8,95.3,19.8,60,62.8,6.4,18.7,11.7,13.2,1.2,7.5,2.3,28.7,3.9,0.735,0.788,0.629,8.7,1.6,0.2
Sr,6-9,Garry Clark,Utah St.,MWC,10,C,53.9,3.1,3,5.2,4.5,0.7,128.8,93.2,21.6,67.8,64.3,20.7,20.1,9,12.3,1.2,3.2,2.1,69.5,5.3,0.833,0.512,0.69,1.7,0.3,0
Sr,6-1,Leland Walker,Wyoming,MWC,11,G,65.4,3.1,2.7,5.5,4.9,0.6,116.1,102.9,26.8,53,58.1,3.9,11.2,28.8,18.5,1.7,0.9,2.5,38.3,3.3,0.721,0.818,0.541,26.1,5.7,0.333
Jr,6-6,Devin Royal,Ohio St.,B10,10,F,66.5,3.1,3.4,4,3.6,0.5,116.8,98.9,21.9,55.7,60.3,7.8,14.7,10,15.8,0.9,0.8,1.5,40.6,3.3,0.583,0.795,0.517,37.5,6.9,0.417
Sr,6-4,Kyle Pulliam,William & Mary,CAA,8,G,46.6,3.1,2.6,5,3.3,1.7,124.5,100.6,20.2,54.7,63.3,5.4,11.8,12.5,11.1,2,1.8,3,81.1,4.7,0.609,0.814,0.586,45.3,6.7,0.333
Jr,6-10,Alvaro Folgueiras,Iowa,B10,12,F,47.8,3,3,11.5,6.6,4.9,132.8,87.1,21.4,69.1,69.5,6.3,21.2,21.2,15.1,2.2,2.3,3.5,32.4,4.7,0.759,0.682,0.697,51.5,9.4,0.457
So,6-8,Torey Alston,Middle Tennessee,CUSA,8,C,70.3,3,3.2,3.9,2.7,1.2,114.2,100.2,22.8,50.7,57,10.2,23.1,9.1,13.3,1.1,5.9,1.5,65.2,3.6,0.568,0.733,0.538,5.8,1,0
So,6-1,Tahaad Pettiford,Auburn,SEC,12,G,74,3,2.6,2.1,3,-0.9,107.6,107.1,25.4,46.5,51.3,2.5,7.3,15.3,16.3,1.1,3.4,1.9,27.4,2.6,0.487,0.837,0.447,51.6,12.9,0.321
Jr,5-11,Dre Kindell,Wichita St.,Amer,11,G,53.8,3,2.3,5.1,3.2,1.8,130.4,102.7,20.1,54.5,60.1,3.2,8,28.9,12.6,3.2,0.9,2,47,4.3,0.633,0.806,0.529,22.7,3.8,0.4
Sr,6-3,Ty Harper,Oral Roberts,Sum,11,G,73,3,1.7,1.5,3.7,-2.1,106,115.7,31.5,48.6,55.1,4,7.5,20.8,15.6,0.9,0.3,2.3,43.9,3.4,0.559,0.815,0.488,41.9,10.9,0.323
Sr,6-8,Kacper Klaczek,Elon,CAA,11,F,69.8,3,1.8,4.8,4.7,0.1,124.9,113.9,19.1,62.6,63,7.3,16.6,17.3,17.4,2,4.1,1.8,33.3,3.4,0.651,0.621,0.569,41.4,6.6,0.472
Jr,6-9,Corneilous Williams,North Alabama,ASun,9,C,74.8,3,2.3,0.9,2.2,-1.3,121,110.5,19.3,55.6,61.5,12.5,23.9,4.9,13.7,0.6,4,0.9,74.6,3.7,0.636,0.745,0.556,0,0,0
Jr,6-9,Baye Ndongo,Georgia Tech,ACC,8,C,43,3,3.3,7.7,4.9,2.9,123.3,96.3,20.7,61.9,63.2,12.6,18.8,21.5,15.4,1.8,4.4,1.9,38.1,3.1,0.673,0.667,0.632,9.5,1.6,0.333
Sr,6-4,Melvin Council Jr.,Kansas,B12,12,G,83.6,3,4.7,5.5,2.8,2.7,105.1,92.2,24,43.5,46.4,2.1,10.1,28.4,10.5,3.4,1.7,1.6,20.6,1.8,0.509,0.719,0.393,31,7.1,0.354
Sr,6-9,Toyaz Solomon,UNC Asheville,BSth,10,F,79.7,3,2.8,2.6,2.5,0.1,110.1,107.2,26.3,53.1,55.9,4.5,16.6,11,11.6,1.1,3.6,1.8,38.2,3.1,0.577,0.68,0.505,15.3,3.6,0.45
Sr,6-3,Nick Anderson,Rice,Amer,11,G,71.4,3,2.2,4.6,4.6,-0.1,118.6,110.8,21.5,50.8,56.9,2.6,11.4,8.7,10.1,1.2,1.3,2.5,31.7,2.6,0.433,0.923,0.373,58.5,13,0.403
Sr,6-7,Tre Carroll,Xavier,BE,13,F,76.7,3,3.1,4.8,4.5,0.3,109.1,103.8,25,55,56.2,4.8,15.9,19.8,12.9,1.6,2.6,1.1,25.1,2,0.672,0.628,0.54,33.9,8.1,0.379
Jr,6-9,Jake Ensminger,Santa Clara,WCC,9,F,54,3,2.7,4.8,3.4,1.4,132.5,106.3,12.2,57.3,58.5,10.9,15.6,21,18.2,3.9,1.4,1.1,22,3.7,0.714,0.667,0.65,51.2,4.7,0.333
Jr,6-8,Almar Atlason,Miami OH,MAC,10,F,49.4,3,1.6,5.7,6.1,-0.4,133.9,110.2,22.9,70,73.2,0.6,15.6,10.5,11.1,1.5,1.1,0.8,42.7,5.4,0.833,0.844,0.724,61.3,12.9,0.457
Sr,6-6,Jamal West Jr.,UTEP,CUSA,6,C,72.8,3,2.5,3.2,2.9,0.3,111.7,108.5,21.6,56,59.7,10.8,11.8,7.1,15.9,0.7,6.4,1.7,40,3.7,0.643,0.75,0.581,14,2.4,0.286
Jr,6-4,Shane Lancaster,Alcorn St.,SWAC,11,G,52.2,3,0.4,3.6,6,-2.3,125.6,127.1,21.8,68.8,70.9,1.5,2.7,13.1,17.6,0.8,1.3,2.2,32.5,3.5,0.636,0.808,0.487,51.2,9.9,0.585
Sr,6-2,Themus Fulks,UCF,B12,11,G,75.4,3,2.9,2.1,2.4,-0.3,114.2,105.4,23.7,53.5,57.6,1.7,10.8,34.4,25.6,2.1,0,1.4,35.6,2.5,0.549,0.778,0.488,14.9,2.5,0.533
Sr,6-5,Anthony Roy,Oklahoma St.,B12,8,G,45.5,3,2.4,4.3,5.4,-1.1,117.8,104.7,23.3,57.1,60.8,3.4,11.7,9.4,14.3,0.8,1.8,0.8,25.3,2.8,0.594,0.87,0.537,54.9,12.8,0.4
Jr,6-8,Garrett Johnson,George Washington,A10,10,F,47.2,3,2.1,2.9,4.7,-1.8,122.8,105.7,23.9,51.6,58,5.6,18,10.5,10,1.3,0.5,1,45.3,3.2,0.581,0.837,0.55,57.9,13.2,0.327
Fr,6-1,Preston Edmead,Hofstra,CAA,11,G,85.2,3,2.8,0,1,-1,111.2,109.6,23.8,46.3,54.2,0,5.1,25.2,17.3,2.1,0,1.3,50,3.4,0.412,0.833,0.419,64.2,12.2,0.325
Sr,5-10,Javon Bennett,Dayton,A10,13,G,81.4,3,3.4,2.8,2.8,-0.1,111.1,103.2,24.2,48,54,2.2,6,18.5,10.9,1.9,1.1,2.2,29.3,1.9,0.615,0.922,0.494,53.4,12.2,0.312
So,6-5,Gavin Doty,Siena,MAAC,12,G,86.4,3,3.6,3.7,2.7,1,119.3,102.8,20.5,49.6,54.8,4.2,18.2,11.3,6.5,2.6,0.3,2.1,41.5,1.5,0.583,0.768,0.495,26.7,5.3,0.333
Jr,6-9,Rikus Schulte,Fordham,A10,9,C,76.1,3,3.9,5.5,2.8,2.7,125,96.3,20,62.5,64.8,12.6,23.1,11.8,16.9,0.9,3.8,2.9,37.5,3.8,0.691,0.741,0.672,6.9,1.1,0
Sr,6-8,Collin Parker,Austin Peay,ASun,9,F,77,3,3.5,6.3,4.8,1.5,115.5,100,23.5,55,58.4,4.2,19.1,19.6,12.2,1.7,2.7,1.8,25.5,2.5,0.571,0.821,0.478,39.1,8.8,0.442
So,7-0,Ben Defty,Boston University,Pat,12,C,70.9,3,1.4,0.9,1.8,-0.9,118.4,118.6,22.9,64.9,65.5,9,20.7,14.6,18.8,1,7.5,1.4,56.4,4.3,0.712,0.642,0.649,0,0,0
Sr,6-5,JJ Harper,Liberty,CUSA,8,G,71.1,3,2.7,2.9,1.8,1.1,129.4,105.4,15.9,63,67.3,5.7,10.7,6.3,10.2,2.7,3.5,2.4,24.1,4.4,0.694,1,0.676,31.5,4.6,0.353
Sr,6-2,Tony Osburn,Nebraska Omaha,Sum,8,G,61.8,3,1.7,1.9,3.9,-1.9,118.1,116.5,21.3,52.3,56.7,0.9,8,21.7,9.7,3.4,0.5,2.3,31.4,1.6,0.538,0.815,0.568,57,11.3,0.327
Sr,6-5,Braxton Stacker,Southeast Missouri S,OVC,10,G,78.7,3,2.3,2.6,2.5,0.1,116.2,111.7,20.3,50.5,57.2,2.4,10.3,11.2,11.8,1.4,1.8,2.2,35.8,3.7,0.571,0.923,0.538,52.3,9.8,0.316
Fr,6-1,Leroy Blyden Jr.,Toledo,MAC,10,G,80.9,3,2.3,2,2.4,-0.4,113.1,112.3,22.2,50.5,55.6,2.4,7.4,24.2,15.7,2.5,1.3,3,33.3,4,0.387,0.833,0.397,46.3,8.7,0.42
Sr,6-2,Javontae Campbell,Bowling Green,MAC,10,G,82.7,3,4.8,5.9,1.6,4.3,110.7,91,26,47.2,54.1,5.2,10.8,22.5,15.1,1.8,0.4,5.3,48.8,3.9,0.516,0.8,0.48,17.1,3.6,0.286
Sr,6-7,Elias Ralph,Pacific,WCC,10,F,90.4,3,3.9,3.7,2.5,1.2,111.9,101.4,22.7,50.4,57,6.3,12,9.1,16.8,0.8,3.9,2.1,34.1,2.8,0.575,0.929,0.477,30.1,6.1,0.378
Sr,6-7,Connor Hollenbeck,Idaho St.,BSky,9,G,80.2,3,2.7,2.9,3.5,-0.6,115.8,108.2,21.1,51,54,6.8,9.4,14.4,13,1.5,1.6,1.7,24.7,2.1,0.45,0.75,0.357,56.7,11.6,0.418
So,6-11,Sebastian Rancik,Colorado,B12,12,F,69.9,3,2.6,3,3.3,-0.3,118.1,105.7,22.2,48.6,57.5,4.5,18,13.3,13.6,1.6,2.1,1.5,57.4,2.7,0.538,0.855,0.429,41.7,7.5,0.378
Fr,6-4,Jake Hall,New Mexico,MWC,11,G,69.7,3,2.8,4.2,4.2,0,121.4,103.4,19.7,59.5,61.4,1.6,7.8,10.4,10.2,1.5,0.5,1.3,15.5,2,0.8,0.833,0.632,67.2,14.2,0.385
Sr,6-1,Day Day Thomas,Cincinnati,B12,11,G,71.2,3,3.8,7,4,2.9,119.1,94.2,20.7,51.9,58.6,3.6,9.8,27.5,14.9,2.5,2.2,1.4,34.6,3.7,0.35,0.944,0.279,58.7,10.5,0.459
Fr,6-7,Amari Allen,Alabama,SEC,10,F,60.9,3,3.3,6.7,4.2,2.6,117.3,97.4,18.8,53.7,55.5,5.1,18.6,19.4,15.5,2.3,2.6,2.1,30.9,3.4,0.59,0.64,0.571,48.1,7.6,0.333
Sr,6-6,Max Mackinnon,LSU,SEC,11,G,68.4,3,2.8,4.7,4.2,0.4,121.2,103.2,20.3,57.3,62.9,1.3,8.7,15,17.3,1.5,0.7,1.5,35.4,2.8,0.552,0.912,0.422,53.1,9.5,0.471
Fr,6-6,Jamier Jones,Providence,BE,13,G,47.4,3,1.4,5.1,5,0.1,135.6,110.9,19,71.7,72.2,6.4,11.8,14.2,13.5,1.7,0.8,1.9,40.8,4.6,0.742,0.71,0.701,11.8,1.9,0.556
Sr,6-5,Chase Ross,Marquette,BE,13,G,77.5,3,3.3,4.5,2.7,1.8,109,101.9,25.6,48.1,55.1,1.7,13.3,21.1,14.8,1.5,0.8,3.4,58.1,2.4,0.563,0.767,0.505,37.4,7.9,0.293
So,6-3,C.J. Cox,Purdue,B10,12,G,58.4,2.9,2.6,4,2.8,1.3,138,100.3,12.6,60.6,63.1,2.3,8,7,8.6,2.6,0.4,0.6,12.7,2.6,0.692,1,0.552,59.2,9,0.429
Sr,6-4,Dillon Hunter,Clemson,ACC,12,G,65.3,2.9,3.3,5.8,2.6,3.1,128.7,96.6,16.1,59,62.8,2.9,10.9,18.3,14,2.7,0,2.8,28.2,2.7,0.625,0.864,0.543,41,6,0.438
Fr,6-3,Rakim Chaney,Valparaiso,MVC,10,G,66.5,2.9,2.7,7.5,4.5,3,123.9,104.1,20.1,61.8,63.9,2.2,11,23.9,16.4,1.9,2.1,3.5,25.9,3.7,0.692,0.773,0.568,56.5,10.5,0.438
So,6-7,Kameron Taylor,UNC Asheville,BSth,10,F,86.1,2.9,2.8,1,2.1,-1.1,104.2,109.5,29.4,47,52.5,6.8,15.3,21.3,16.4,1.3,2.1,1.3,51.9,2.9,0.585,0.71,0.527,30.1,6.7,0.225
Sr,6-4,Seth Hubbard,Milwaukee,Horz,8,G,63.1,2.9,1.7,0.9,2.4,-1.6,112.5,116.9,23.6,50,52.7,2.8,7.6,14.2,8.5,1.9,1.3,1.6,25,3.8,0.588,0.714,0.473,33.9,8.5,0.368
Sr,6-3,Nic McClain,Belmont,MVC,12,G,63.7,2.9,3.1,5.6,3.6,2,115.5,97.7,26.9,55.4,58.2,3.8,13.6,40.9,22,2.3,0,3.4,53.8,3,0.51,0.66,0.5,31.2,5.2,0.448
Jr,6-4,Tyler Perkins,Villanova,BE,11,G,61.4,2.9,3,6.9,5.3,1.6,125.4,98.1,19.6,52.6,54.7,5.8,14.3,12,6.9,3,0.8,2.5,24,2.1,0.529,0.696,0.449,49,10.5,0.404
Sr,6-7,Patrick McMahon,Montana St.,BSky,10,G,75.5,2.9,2.6,1.6,2.5,-0.9,109.7,108.3,27.5,51.6,54.5,4.4,15.8,18.2,12.6,1.3,0.4,1,37.1,3.7,0.574,0.674,0.515,18.5,4.4,0.348
Sr,6-2,Jed Miller,Montana St.,BSky,10,G,85.5,2.9,3.1,3.5,2.6,0.9,123.2,106.5,15.8,56.3,59.3,4.2,12.1,10.8,10.8,2.6,0.3,2.4,21.6,3.1,0.6,0.842,0.632,78.4,11.8,0.362
Sr,6-9,Fredrick King,Murray St.,MVC,11,C,52.8,2.9,2.7,5.6,4.5,1,124.4,99.5,23.5,67.4,66.3,15.9,23.6,8.6,16.5,0.7,6.2,1.3,91.7,3.9,0.746,0.606,0.691,5.6,0.9,0.25
Sr,6-5,Chase Lowe,William & Mary,CAA,10,G,56.1,2.9,2.4,5.1,3.6,1.5,124.3,101.6,20.8,62,67.7,7.8,13.4,32.1,21.3,2.4,1,2.5,82,2.7,0.703,0.78,0.66,6,0.7,0
Jr,6-8,Eemeli Yalaho,Washington St.,WCC,12,F,65.6,2.9,2.1,2.7,4.1,-1.3,126,110.1,17.1,61,64.9,8.5,17.5,6,14.1,0.7,0,0.9,26.8,2.8,0.708,0.909,0.541,54.9,8.3,0.444
Sr,6-3,Xaivian Lee,Florida,SEC,12,G,71.9,2.9,4,5.4,2.4,3.1,115.6,93,20.4,43,49.5,1.8,14.8,21,13.9,2.4,0.9,1.9,33.6,2.5,0.543,0.86,0.521,62.5,12.6,0.25
So,6-9,Okku Federiko,Drake,MVC,10,C,64.1,2.9,2.4,2.7,2.6,0.1,118.2,105.8,24.1,61,63.8,9.7,18.7,9.7,16.1,1.1,5.8,0.7,51.2,4.2,0.766,0.714,0.732,31.7,5.9,0.231
Sr,6-9,Ring Malith,SIU Edwardsville,OVC,9,F,77.9,2.9,2.4,5.2,5.5,-0.3,112.5,110.7,26.6,56.9,59.1,5.7,11.9,13.3,14.9,0.9,2.3,2.1,33.6,2.5,0.75,0.692,0.582,42.2,10.2,0.367
So,6-4,Adrian Wooley,Louisville,ACC,12,G,53.8,2.9,3,7.1,4.6,2.6,129.4,92.8,17.8,56,61.4,8.6,13.6,11.9,12.9,1.7,0.4,2.7,38.7,4.3,0.607,0.862,0.581,58.7,9.2,0.364
So,6-8,Isaiah Manning,Sam Houston St.,CUSA,8,F,51.2,2.9,2,4.6,4,0.6,127.9,104.8,22.2,57,62.1,4.7,16.4,11.5,12.2,1.6,1.5,1.7,35.9,6.1,0.684,0.87,0.531,50,10.8,0.406
Sr,6-9,Theo Seng,Troy,SB,11,F,76.8,2.9,2.4,1.5,2,-0.5,121.7,110,17.9,53.9,58.3,6.1,13.9,8.2,8.5,1.7,1.7,0.8,54.4,3,0.656,0.714,0.618,34,5.4,0.257
Sr,6-3,Marcus Banks,Massachusetts,MAC,12,G,83.3,2.9,3.2,3.4,3,0.3,118.4,105.6,20.1,55.6,58.9,1.1,8.1,10.4,11.4,1.3,0,1.8,22.2,2.7,0.65,0.861,0.5,63,13.8,0.392
Fr,6-3,Mario Saint-Supery,Gonzaga,WCC,12,G,55.9,2.9,3.8,10.1,4.9,5.2,126.6,84,19.1,56.5,62.5,2.5,12.2,27.2,19.8,2.9,0.5,3.6,43.5,3.1,0.464,0.867,0.395,44.9,6.2,0.516
Sr,6-8,Yaphet Moundi,San Jose St.,MWC,11,C,71.9,2.9,2.6,2.3,2,0.3,113.4,106.8,24.6,48.4,57.3,9.9,23.5,11,16.1,0.8,2.3,2.3,82.4,3.8,0.577,0.76,0.506,4.4,0.8,0
Jr,6-10,Lazar Djokovic,VCU,A10,12,F,61,2.9,2.8,5.3,4,1.4,124.2,99.7,20.3,58.4,64.1,7.1,14.7,6.8,13.8,0.7,4.8,1.3,98.7,2.6,0.649,0.724,0.589,27.3,3.9,0.381
Jr,6-3,Aidan Burke,UC San Diego,BW,11,G,71.9,2.9,2.8,2.9,2.5,0.5,127.9,104.8,16.5,62.7,64.2,3.1,10.2,13.1,11.1,2.6,0,1.8,26.5,3.4,0.64,0.727,0.679,66.3,10,0.4
Sr,6-4,Isaac McKneely,Louisville,ACC,12,G,68.5,2.9,3.3,4.9,4.3,0.6,127.7,97.8,14,60.9,62.7,1.7,10.4,5.4,9.4,1.4,0.7,1.2,13.9,1.9,0.75,0.857,0.6,85.1,14.1,0.407
Sr,6-3,Anthony Johnson,Arizona St.,B12,12,G,55.3,2.9,2.4,4.1,2.6,1.5,111.6,101.1,30,54.3,62.6,2.7,12.2,16.1,19.1,0.8,0.5,3.4,96.7,5,0.597,0.764,0.551,25,4.9,0.348
Sr,6-5,Morgan Safford,Kent St.,MAC,10,G,78.2,2.9,2.4,2.2,3,-0.8,120.9,110.5,19.3,51.4,56.1,7.3,12.6,11.4,11.1,1.7,2.2,1.7,46.7,3.7,0.522,0.735,0.429,66.7,11.5,0.371
Jr,6-9,Cam Manyawu,Iowa,B10,12,C,41.8,2.9,2.5,7.7,5.1,2.6,134,89.7,22.8,62.9,65.2,15,19.1,11.7,9.4,1.7,4.6,2.2,50,5,0.714,0.71,0.629,0,0,0
So,6-2,Nick Coval,Davidson,A10,10,G,59,2.9,2,2.7,2.8,-0.1,130.1,108,17.5,65.7,71.3,2.7,9.6,11.8,16.3,1.4,0,1.3,51.9,3.4,0.565,0.893,0.611,33.3,4.7,0.5
So,6-9,Elijah Price,Nevada,MWC,12,C,75.9,2.9,3.4,3.3,2.7,0.6,114.7,100.8,20.3,43.4,52,9.9,19.7,6.9,7.9,1.3,6.7,1.8,82.7,3.1,0.433,0.704,0.417,14.3,2.2,0.357
So,6-5,Collin Chandler,Kentucky,SEC,12,G,61.6,2.9,3.4,7.1,3.8,3.3,125.2,93.5,16.9,57.4,60.1,1.5,11.5,18,12.4,3,2.3,2.3,20.5,3.5,0.615,0.833,0.516,64.8,10.9,0.404
Jr,7-1,Tomislav Ivisic,Illinois,B10,8,C,43.6,2.9,3,6,4,1.9,120.6,97.3,18.8,62.3,62.8,7.3,14,9.6,19,0.9,2.7,0.9,24.6,2.5,0.917,0.643,0.792,57.9,9.8,0.333
Sr,6-6,Jevin Muniz,Colorado St.,MWC,11,G,74.9,2.9,2.3,3.9,3.1,0.8,123.8,110.3,18.2,54.2,56.8,4,14.3,28.5,18.6,3.2,1.6,1.7,23.6,2.3,0.576,0.765,0.545,38.9,5.3,0.357
Fr,6-4,Brayden Burries,Arizona,B12,11,G,67.1,2.9,4.3,6,2.1,3.9,115.9,87.1,21.3,55.2,57,2,10.2,14.1,15.8,1.4,1.1,3.2,25,3.4,0.667,0.69,0.597,42.2,9.1,0.327
Sr,6-4,Masai Troutman,George Mason,A10,9,G,57.3,2.8,3,4.6,3,1.6,124.9,99,21,49.2,60.2,5.5,13.2,13.3,12.2,1.6,0.6,1.8,69.2,2.1,0.524,0.889,0.447,41.5,6.9,0.37
So,6-5,Cole Certa,Notre Dame,ACC,12,G,49.8,2.8,1.9,4.8,4.9,-0.1,134.2,104.9,17.5,58.8,64.1,2.6,6.2,7.5,8.5,1.7,0,1,27,2.2,0.5,1,0.3,86.5,15.9,0.422
Jr,6-9,David Fuchs,San Francisco,WCC,8,C,41.4,2.8,2.4,4.2,3.6,0.6,115.5,101.9,27.8,57,62.8,9.4,23.2,14.2,18.1,0.8,3.4,0.7,118,3.9,0.541,0.695,0.522,8,1.3,0.75
Sr,6-4,Marvin McGhee III,UT Rio Grande Valley,Slnd,9,G,67.7,2.8,2.7,4.5,4.2,0.3,120.8,103.9,18.5,60.5,61.9,2.8,18.6,8.2,9,1.9,0,1.9,16,2.8,0.545,0.769,0.471,58,11.2,0.468
So,6-8,Derrion Reid,Oklahoma,SEC,11,F,63.7,2.8,2.2,3.9,4.1,-0.2,123.5,108.1,19,52.9,58.4,4.3,11.6,9.6,9.5,1.8,1.9,1.2,48.3,1.3,0.622,0.786,0.585,39.1,6.8,0.294
So,6-1,Damarion Dennis,Wyoming,MWC,11,G,49.3,2.8,2.1,6.5,4.2,2.3,140.8,101.5,16.1,61.3,66.5,3.6,10.6,12.4,7.8,3.2,0.6,3.3,37.1,3.3,0.667,0.913,0.722,41.9,6.6,0.308
Jr,6-11,Xavier Booker,UCLA,B10,12,C,56.5,2.8,2.5,7.6,4.6,3,128.9,100.6,17.4,64.2,65.8,9,14.6,10.9,13.7,1.5,8.4,0.7,23,3.5,0.806,0.765,0.617,18.9,3,0.5
So,6-3,Gerard O'Keefe,Columbia,Ivy,10,G,54.2,2.8,1.8,3.2,4.1,-0.9,141.1,108.8,15.5,64.7,65.6,2.2,8,13.4,8.7,3.6,0,0.8,8.8,0.9,0.636,0.833,0.645,54.4,10,0.432
Sr,6-4,A.J. Staton-McCray,Seton Hall,BE,12,G,64.8,2.8,4,8.3,4.4,4,119.7,88.8,22.3,52.8,57.2,1.9,15.7,12.9,9.4,1.8,2.6,4.6,26.4,3.2,0.605,0.879,0.508,48,11.4,0.367
Sr,6-4,Lance Waddles,Nebraska Omaha,Sum,10,G,80.5,2.8,2,3.4,4.8,-1.4,111.2,114.5,24.3,60.6,60.2,3.3,16.7,18.3,16.8,1.3,0,2.1,18.1,2.9,0.6,0.522,0.561,55.1,12.4,0.429
Jr,6-3,Randall Pettus II,Elon,CAA,11,G,69.6,2.8,1.8,3.5,4.1,-0.6,120.5,114.6,20.6,59.5,62.6,4.4,9.8,6.9,17.1,0.7,2.9,3.1,24.3,2.8,0.625,0.852,0.553,65.8,13.5,0.411
Sr,6-8,Colin Smith,UC Santa Barbara,BW,10,F,73.3,2.8,1.8,1.7,3.6,-1.9,121,115.4,19.1,55.3,60.9,4.6,11.5,8.8,13.8,0.9,0.8,1.8,43.5,2.9,0.571,0.838,0.436,54.1,9.3,0.435
Jr,6-3,Luke Almodovar,Southeast Missouri S,OVC,10,G,68.3,2.8,1.9,2.5,4.1,-1.6,114.5,112.8,23.4,55.7,57.7,2.4,14.2,3.8,9.3,0.6,0.4,1.6,26.8,3.7,0.595,0.697,0.574,56.1,13.6,0.362
Sr,6-5,Denzel Aberdeen,Kentucky,SEC,12,G,64.9,2.8,3.4,5.6,3.4,2.2,115.7,94.7,21.5,51.8,54.9,3.6,10.6,20.6,13.5,2.4,0.7,2.4,28.2,2.1,0.667,0.742,0.537,39.1,7.8,0.326
Fr,6-4,Nick Janowski,St. Thomas,Sum,12,G,77.5,2.8,2.6,1.8,3.4,-1.6,115.5,109.1,22.6,59.4,60.8,2.8,15,11.8,9.5,1.7,0.3,1.7,31.6,1.4,0.772,0.667,0.657,47.4,9.7,0.349
Jr,7-1,Andrew McKeever,Saint Mary's,WCC,11,C,66.7,2.8,3.9,5.6,3.2,2.4,116.2,90.5,21.5,56.1,57.4,20.3,23.4,11.5,18.6,0.9,5,0.8,37.8,3.5,0.704,0.613,0.561,0,0,0
Sr,6-2,Donovan Dent,UCLA,B10,11,G,76,2.8,3.7,2.2,1.7,0.5,103.4,100.6,27.3,40.9,45.9,1.4,7.6,37,16,2.8,2.1,2.9,49.6,1.1,0.583,0.635,0.445,13.4,2.8,0.118
So,6-1,Elliot Cadeau,Michigan,B10,10,G,59.2,2.8,3.7,6.5,3.6,2.8,115.6,87.5,23,56.5,57,1.6,11,36.8,23.1,2.5,0.4,2,22.1,3.5,0.577,0.588,0.5,53.2,9.1,0.415
Sr,6-8,LJ Wells,Northern Kentucky,Horz,11,C,78.4,2.8,2.8,2.1,1.8,0.3,124,106.9,19,58.4,61.7,11.5,18.8,12.8,15.5,1.1,4.5,2.8,41.1,3.9,0.735,0.744,0.623,18.9,2.9,0.278
Sr,6-7,Blair Thompson,Columbia,Ivy,10,G,72.5,2.8,3.2,4.6,3.1,1.6,130.8,100.8,15.3,59.5,58.9,5.8,15.9,10,7.9,2.1,1.4,2.4,29.1,2.5,0.559,0.522,0.5,49.4,7.9,0.462
Sr,6-6,Johan Nziemi,Longwood,BSth,10,G,55.5,2.8,1.9,3.9,4.2,-0.3,123.7,112.3,21.5,51.5,62.6,9.1,19.1,14.6,13.6,1.1,1.4,2.7,110.6,2.8,0.577,0.795,0.544,13.6,1.9,0.222
Sr,6-5,Elijah Lewis,Marist,MAAC,10,G,76.4,2.8,3.5,2.7,1.8,0.9,120.8,99.8,19.6,55.4,60.3,5.3,12,11.1,10.7,1.8,0.8,1.7,40.9,2.4,0.722,0.816,0.587,19.4,3.4,0.278
So,6-10,Damon Wilkinson,South Dakota St.,Sum,11,C,52.5,2.8,2,2.8,2.8,0,116.8,105.7,27.4,58.8,63,10.8,20.8,10.5,15.7,0.6,3.5,1,58.8,6.1,0.642,0.74,0.595,1.2,0.3,0
Sr,6-7,Alden Applewhite,Georgia Southern,SB,13,G,71.4,2.8,1.9,2.5,3.5,-1.1,122,113.3,19.5,53.3,59.3,5.2,16.1,11,10.4,1.6,0,2.2,66,2.7,0.556,0.743,0.544,46.2,7.1,0.347
So,6-9,Dovydas Butka,Campbell,CAA,9,F,88.8,2.8,2.5,1.8,3.1,-1.2,107.4,112.8,22.5,55.9,55.7,8.9,15.6,11.3,15,1,0.9,1.2,66.3,2.1,0.62,0.522,0.591,12.9,2.2,0.231
Sr,6-6,Chaze Harris,South Alabama,SB,12,G,77.4,2.8,2.5,1.2,1.5,-0.4,102.6,109.4,35.5,51,53.2,5.2,12.2,38.4,18.3,1.5,1.3,2.8,56.7,3.5,0.565,0.584,0.537,5.1,1.3,0
Sr,6-9,Sam Alexis,Indiana,B10,12,C,49.8,2.8,2.9,8.2,4.1,4,135.7,91.1,17.5,69.4,72.3,12.4,17.6,12.7,16.3,1.4,5.5,0.9,53.7,4.4,0.75,0.793,0.706,5.6,0.7,0.333
Sr,6-10,John Hugley IV,Duquesne,A10,9,F,58.2,2.8,1.9,2.4,3.7,-1.3,114.9,112,27,60.5,65.2,7.9,16.3,17.2,21.1,0.8,1,0.5,58.1,3.6,0.689,0.78,0.672,25.6,5,0.273
So,6-3,AJ Bates,Louisiana Tech,CUSA,8,G,74.8,2.8,2.6,3.4,3.4,0,113.3,107.4,25,51.1,54.4,1.8,7.3,39.3,17.4,2.8,0,0.8,25.3,2.3,0.477,0.773,0.459,29.9,6.6,0.423
Sr,6-9,Wyatt Fricks,Marshall,SB,12,F,67.2,2.8,2.7,4.2,3,1.2,120.6,104.1,20.4,60.2,62,4.2,14.1,13.1,13.7,1.3,4.6,1.7,21.2,4.7,0.796,0.76,0.657,43.2,8.9,0.353
Jr,6-10,Armani Mighty,Mercer,SC,10,C,81.2,2.8,3.2,2.7,1.9,0.8,116.5,104.6,19,68.4,65.8,9.5,21.1,5.5,18.3,0.6,5.8,1.6,60.8,2.8,0.803,0.542,0.684,0,0,0
Sr,6-10,Parsa Fallah,Oklahoma St.,B12,10,F,50.9,2.8,2.8,6.9,4.3,2.6,121.6,96.5,22.1,67.3,69,9.2,17.5,7,18.6,0.5,2.6,2.8,56,4.1,0.708,0.714,0.681,4,0.7,0.333
So,6-3,Justin Pippen,California,ACC,9,G,62.4,2.8,4.1,5.9,3,2.9,109.4,93.8,26.2,49.4,57,2.3,13.4,25,20,1.7,3.5,2.7,63.2,2.8,0.515,0.782,0.5,49.4,9,0.326
Jr,6-7,TJ Johnson,VMI,SC,9,F,83.1,2.8,1.8,0.7,3.7,-3,106.6,117.4,28.5,44.4,51.8,6.4,18.3,11.7,12.4,1,0.4,2.5,39.8,2.3,0.722,0.868,0.59,70.7,18.4,0.255
Sr,6-5,Christian May,UNC Wilmington,CAA,11,F,76.8,2.8,2.8,3.8,3.7,0.1,121.9,107,18.1,55.8,57.5,6,14.4,12.8,14.8,1.2,2.2,0.9,18.3,2.6,0.68,0.737,0.514,64.4,12,0.388
Sr,6-11,Baba Miller,Cincinnati,B12,9,C,59.2,2.8,5.2,10,4.2,5.8,114.9,80.9,21.6,64.6,63.9,8.7,31.4,15.9,17.2,1.1,6.3,2.1,64.6,2.5,0.854,0.588,0.738,17.7,2.9,0.143
So,6-5,Ishan Sharma,Saint Louis,A10,11,G,52.7,2.8,2.7,5.6,4.8,0.8,136.5,96.1,15.8,56.9,61,4.8,11.8,9.5,7.3,3,0,1.4,29.2,1.6,0.571,0.857,0.5,86.1,14.3,0.387
Sr,6-2,Preston Ruedinger,Green Bay,Horz,11,G,87.3,2.8,2.1,1.5,2.4,-0.9,118.7,115.6,16.7,50.6,53.8,2.9,11.4,31.8,11.2,4.6,0.6,1.6,20.2,2.9,0.429,0.833,0.385,56.2,7.8,0.4
Jr,6-8,Alton Hamilton IV,Eastern Washington,BSky,11,C,61.4,2.8,1.2,1,3.4,-2.4,116.4,118.6,24,59.6,63.1,9,19.9,14.6,18.7,1,0.8,1,48.3,3.6,0.593,0.744,0.569,19.1,3.5,0.471
Sr,6-9,Niko Rocak,UC Davis,BW,9,C,62.4,2.8,2.6,5.3,2.2,3.1,122,102.9,18.8,63,68.8,5.5,20.6,14.2,18.8,1,8,1.5,74,5.3,0.714,0.811,0.7,40,5,0.35
Sr,6-3,Brent Bland,Saint Peter's,MAAC,9,G,85.2,2.8,3,4.3,3.5,0.7,115.7,107.8,20.4,52.8,56.6,3.4,13.1,8.5,10.5,1,1.3,4.9,26.6,2.7,0.522,0.828,0.438,70.6,15,0.377
Jr,6-4,Tom Beattie,UC San Diego,BW,11,G,78.3,2.8,3.2,3.2,2.8,0.4,117,103,20.8,56.7,56,5.3,14.5,20.5,12.1,2.5,0,1.8,31.7,2,0.667,0.485,0.576,36.5,6.3,0.368
Sr,6-7,Elijah Mahi,Santa Clara,WCC,12,G,79.2,2.8,2.9,3.7,3.8,-0.1,110.2,106,22.4,51.7,53.2,6.6,11.6,14.8,16.8,1.3,1.3,2,27.1,2,0.604,0.615,0.494,39.6,8.6,0.368
Sr,6-5,Chandler Jackson,Arkansas St.,SB,12,G,66.9,2.8,1.8,1.7,2.6,-0.9,117,113.5,21.8,52.9,60.5,4.8,9.8,27.4,20.9,2,0,1.7,70.9,3.2,0.656,0.787,0.585,24.4,3.5,0.238
Sr,6-7,Rashaun Agee,Texas A&M,SEC,11,F,53.9,2.8,2.8,8,5.3,2.6,126,95.4,22.8,50.6,57.7,11.6,29.5,15.2,9.7,2.1,3,2.9,65.5,3.5,0.636,0.764,0.574,27.4,5.1,0.217
Jr,6-3,Jace Whiting,Weber St.,BSky,11,G,81.9,2.8,2.3,1.4,1.8,-0.4,119.2,113,16.7,55.4,57.4,0.3,10.3,15.8,11,3,0.3,2,18.8,2.4,0.667,0.762,0.528,35.7,6.1,0.4
Jr,6-0,Jordan Frison,Chattanooga,SC,9,G,75,2.8,1.5,1.3,2.2,-0.9,113.2,118.2,24.7,51.9,59.1,0.9,13.6,32.9,16.2,2.7,0.4,2.2,58.8,2.8,0.6,0.809,0.574,32.5,5.8,0.269
Sr,6-2,Julian Mackey,FIU,CUSA,8,G,59.4,2.8,1.9,6.1,6.1,0,118.1,109.3,24.4,63,64.8,1.1,8.3,14.3,15.2,1.7,1.1,3.4,46.8,2.1,0.667,0.694,0.575,48.1,10.6,0.459
Sr,6-3,Kasen Jennings,Appalachian St.,SB,12,G,80.9,2.8,2.6,2.3,2.6,-0.3,110.5,110,25.5,50.7,55,2.4,9.9,18.3,11.7,1.6,0.3,2.1,33.3,2.7,0.571,0.78,0.43,38,9,0.421
Sr,6-9,Ben Humrichous,Illinois,B10,11,C,55,2.8,2.9,7.3,3.9,3.3,137,95.2,12.1,50.9,55,5.8,15.8,6.2,1.9,10,4.7,1.2,28.6,2.5,0.6,0.813,0.545,80.4,10.6,0.333
Sr,6-10,Cameron Corhen,Pittsburgh,ACC,13,C,83.8,2.8,3.7,1.7,1.3,0.5,110.2,101.4,22.3,55.8,58.6,11.1,19.5,10.9,21.2,0.7,2.7,1.5,48.3,3.9,0.583,0.672,0.558,13.3,2.2,0.375
Jr,6-8,Dani Pounds,Tennessee Tech,OVC,10,C,48.5,2.7,1.5,3.4,2.6,0.8,119.3,110.3,28.4,55.9,64.7,7.8,16.5,9.4,15,0.6,5.1,2.3,65.8,7.8,0.69,0.88,0.522,11.8,2.6,0.556
Jr,6-0,Trevor Mullin,Yale,Ivy,10,G,67.1,2.7,1.9,1.2,2.5,-1.4,122.4,112.7,19.9,52.8,59.5,2.5,8.3,18.3,15.8,2.6,0,2,50,2.7,0.583,0.833,0.452,56.9,9.2,0.39
Fr,6-7,Jalen Haralson,Notre Dame,ACC,11,G,56.4,2.7,2.7,2.5,2,0.5,105.2,100.8,32.2,49.2,52.7,5.4,9.7,23,16.3,1.2,1.9,1.5,47.5,3.8,0.625,0.649,0.527,6.7,1.8,0
So,6-5,Tyler Johnson,Virginia Tech,ACC,13,G,74.7,2.7,3.5,4.5,1.9,2.6,128,99.1,13.7,62,63.5,5.2,14.3,10.2,12.6,2.1,2.6,2.7,34.9,4.2,0.675,0.69,0.617,43.4,5.2,0.417
Sr,6-2,Tre Holloman,N.C. State,ACC,13,G,64.2,2.7,2.7,4.2,3.5,0.7,118.5,102.7,19.6,60,64.1,0.7,6.9,16,18.6,1.5,0.8,1.7,34,3.2,0.636,0.853,0.5,58,9.6,0.448
Sr,6-11,Brody Rowbury,Idaho,BSky,8,C,64.5,2.7,1.8,0.3,1,-0.6,127.5,112.2,16.9,60.7,67,7.5,17.4,8.7,15.3,1.4,1.1,0.6,73.8,5,0.636,0.806,0.6,16.7,2,0.429
Jr,6-4,Yaniel Rivera,Abilene Christian,WAC,7,G,49.1,2.7,1.7,7.7,6.5,1.2,122.6,113.4,19.4,59.4,64.5,1.3,7.6,23.8,19.1,1.6,1.5,3.7,26.4,1.1,0.333,1,0.429,73.6,13.1,0.436
Sr,6-2,Deyton Albury,New Mexico,MWC,10,G,54.3,2.7,3.2,5.4,2.2,3.2,111.7,94.3,28.1,51.9,61,3,16.3,25.7,20.8,1.4,1.2,3.3,79.5,4.2,0.615,0.806,0.579,26.9,4.9,0.238
Sr,6-5,Jamir Simpson,UTSA,Amer,9,G,84.4,2.7,2.5,4.4,5.1,-0.7,107.4,111.4,26,51.1,54.6,2.8,11.9,11.5,12.8,1,0,2.4,39.4,1.7,0.4,0.692,0.448,49.2,12,0.385
Sr,6-10,Lee Dort,California,ACC,11,C,61.1,2.7,3.3,4.6,1.7,2.9,131.9,93.4,16.5,68.4,69.7,9.4,23.1,11.4,15.5,1.4,4.8,0.9,54.4,5.4,0.739,0.71,0.684,0,0,0
So,6-7,Caleb Williams,Georgetown,BE,12,F,74.5,2.7,2.5,1.7,2.5,-0.8,123.3,108.5,16.2,56.6,59.9,5.7,16.1,11.2,9.8,2.1,1.6,0.8,27.3,3.1,0.719,0.815,0.582,44.4,7,0.364
So,6-1,John Mobley Jr.,Ohio St.,B10,11,G,69.3,2.7,2.8,1.4,2.6,-1.2,113,104,23.5,50,55.6,1.7,7.6,16.1,13.3,1.7,0,1.1,38.3,1.8,0.5,0.818,0.444,60.9,12.9,0.357
Sr,6-7,Cam'Ron Fletcher,High Point,BSth,10,F,64.5,2.7,3,2.6,3.5,-1,115,102.6,24.2,55,58.3,7.7,27.1,6.7,12.9,0.7,2.6,2.9,25.8,2.8,0.691,0.806,0.63,32.5,7.6,0.256
So,6-8,Petar Majstorovic,Long Beach St.,BW,11,F,81.8,2.7,2.3,1.9,2.3,-0.4,111.7,112.2,21.8,57.6,59.4,6.8,18.3,11.2,17.7,0.8,1,2.9,27.7,3.7,0.811,0.697,0.648,40.3,7.7,0.313
Sr,6-6,Freddy Hicks,Tarleton St.,WAC,7,G,63.4,2.7,2.9,0.1,0.7,-0.5,108.7,107.3,22,43.5,56.4,7.7,9.7,14,19.7,1.5,2.9,1.7,111.1,5.4,0.375,0.767,0.422,16.7,2.2,0.333
Sr,6-6,Josh Dix,Creighton,BE,12,G,77.8,2.7,3.3,3.5,2.7,0.8,115.4,102.6,18.3,51.7,54.6,1.9,9,15.9,11.1,2.5,1,1.2,15.7,1,0.75,0.895,0.509,54.5,10.3,0.348
Fr,6-9,Tomislav Buljan,New Mexico,MWC,10,C,55.5,2.7,3.4,3.8,3,0.8,117.6,92.7,22.9,55.6,59,15.7,26.2,10.3,15,0.9,2.9,1.8,59.7,3.8,0.618,0.674,0.578,11.1,1.8,0.25
Sr,6-8,Aidan Hadaway,Ohio,MAC,11,F,80.3,2.7,2.6,1.6,2.6,-1,110.5,109.5,20.5,51.6,53.5,6.9,20.8,9.7,11.6,1.4,1.2,1,18.9,2.8,0.733,0.708,0.606,44.1,8.9,0.268
Sr,6-3,Dallin Hall,Virginia,ACC,11,G,62.9,2.7,2.3,3.4,3.3,0,130.5,107,15.6,56.5,61,5.4,6,23.9,20.3,2.9,0.8,1.5,38.9,3.5,0.524,0.81,0.458,55.6,6.3,0.433
Sr,6-0,D.J. Smith,Campbell,CAA,9,G,86.4,2.7,2.4,1.5,2.6,-1.1,103.7,112.9,25.6,45.8,52.6,2.7,9.3,11.8,16.2,1,0.3,2.3,42.4,2.6,0.514,0.821,0.411,57.6,13.1,0.329
So,6-5,TJ Nadeau,Detroit Mercy,Horz,10,G,58.6,2.7,1.2,4.5,5.4,-0.8,125.8,117.7,20.2,61.6,64.5,3,12.6,8.1,12,1,1.1,1.7,26.7,4.1,0.429,0.826,0.526,55.8,11.6,0.458
Sr,6-8,Tobe Awaka,Arizona,B12,11,C,49.8,2.7,3.6,6.4,4.4,2,120,81.1,24,56.6,58.7,24.7,33,11.1,17.9,0.9,2.9,1,55.9,5.3,0.6,0.632,0.561,2.9,0.5,0.5
So,6-4,Zoom Diallo,Washington,B10,11,G,60.9,2.7,2.9,4.4,2.3,2.1,115.6,98.2,25.7,50.5,57.9,3.6,12.7,21.1,17.7,1.4,0,2.5,45.7,5,0.537,0.875,0.5,16.2,3.5,0.353
Sr,6-3,Christian Henry,Fordham,A10,9,G,75.8,2.7,2.9,3,2.8,0.2,110.5,105.3,28.9,53.3,53.8,2.1,12.8,37.4,17.2,2.5,0.4,2,34.6,2.5,0.656,0.541,0.541,43,10.4,0.348
Jr,6-1,Dra Gibbs-Lawhorn,UNLV,MWC,11,G,79,2.7,2.7,2.7,2.9,-0.2,109.1,108.6,23.8,52.7,57.1,0.9,11.1,17.6,16.7,1.2,2.2,2.8,28.1,3.8,0.63,0.854,0.571,47.3,10.6,0.319
So,6-3,Kahmare Holmes,Wofford,SC,11,G,76.9,2.7,3,5.4,3.4,2,110.9,104.7,26.8,53.6,57.4,3.4,18.7,16.4,14.1,1,1.5,4.3,50.4,3,0.591,0.696,0.565,38,8.9,0.327
So,5-11,Amir Lindsey,Albany,AE,10,G,91.2,2.7,1.7,0.4,2.4,-2.1,106.5,119.3,23.4,47.7,51.5,2.4,7.9,24.9,13.4,2.5,0,2.4,38,2.4,0.359,0.694,0.429,40.3,8.1,0.365
Sr,6-4,Michael Eley,Hampton,CAA,11,G,51,2.7,1.3,4.7,5.7,-1,125.4,113.8,23.5,53.2,59,4.5,13.5,9.9,6.7,1.4,1.6,1.9,33.7,3.6,0.8,0.906,0.574,43.2,10.8,0.317
Jr,6-7,Sam Lewis,Virginia,ACC,11,G,58.7,2.7,2.5,4.9,4.3,0.5,130,102.2,16.9,59.3,60.9,5.7,12.4,11.1,12,1.9,0.4,2.3,29.3,2.5,0.762,0.682,0.579,49.3,8.4,0.405
Sr,6-8,Caleb Van De Griend,Idaho St.,BSky,9,C,48.5,2.7,2.2,3.6,4.5,-0.9,116,99.8,30.3,59.5,62.7,14.9,26,6.1,17.3,0.5,3.2,1.7,45.9,3.9,0.635,0.735,0.613,16.2,4.2,0.333
Sr,6-2,Justin Wright,UNC Asheville,BSth,10,G,82.9,2.7,2.5,0.6,1.6,-1,104.2,110.7,28.3,60.9,63.7,0.8,8.5,17.6,25.6,0.8,0,2.6,29.7,2.5,0.593,0.789,0.565,33.6,7.4,0.465
Fr,6-8,Andrew Alekseyenko,Colgate,Pat,10,F,71.3,2.7,2.2,0,1.7,-1.7,105.8,111,27.4,52.2,56.6,5.1,12.8,11.6,15.7,0.8,0.4,1.8,32.2,3.8,0.491,0.811,0.512,28.7,6.8,0.364
Sr,6-6,Justin Neely,UNC Greensboro,SC,11,F,80.5,2.7,2.6,1.9,2.2,-0.3,111,109.3,23.6,51,57.5,9.9,28.4,18.6,17.5,1.3,0.6,1.9,68.7,3.2,0.615,0.735,0.529,12.1,1.9,0.25
Jr,6-1,Brandon Rechsteiner,Colorado St.,MWC,11,G,68.2,2.7,1.6,0.4,3.4,-3,120.4,116.2,20.7,60.5,61.9,1.5,4.3,19.6,16.9,2,0,1,7,2.4,0.667,1,0.538,74,15.3,0.419
Sr,6-4,Jemel Jones,New Mexico St.,CUSA,7,G,70.3,2.7,3.1,5,3.4,1.6,108.5,100.7,26.6,41.2,46.8,7.3,14.4,15.3,6.8,1.8,1.4,3.9,34.1,3.3,0.429,0.774,0.443,33,9.1,0.233
So,6-8,Carson Schwieger,Queens,ASun,11,F,51.1,2.7,0.7,1.6,5,-3.4,138,122.4,15.6,63.8,63.4,4.6,13.9,8.4,3.2,3.7,0,1,7.9,4.2,0.8,0.5,0.556,88.2,16.7,0.433
Jr,6-8,Jasen Green,Creighton,BE,11,F,62.1,2.7,3.1,4.9,2.8,2.1,119,100,17.4,59.4,61.6,7.4,12.3,17.1,19.1,1.7,2.1,1.2,34.8,1.9,0.686,0.708,0.604,30.4,4.1,0.381
Sr,6-8,Chisom Okpara,Stanford,ACC,12,F,73.3,2.7,2.9,1.7,2.1,-0.4,106.3,104.1,27,49.2,55.6,7.1,10.5,16.2,20.6,0.8,0.6,2.1,64.5,2.6,0.5,0.725,0.478,27.4,5.4,0.353
Jr,6-6,Tyler Hendricks,Utah Valley,WAC,10,G,80.1,2.7,3.5,4,3.4,0.6,119.6,101.2,15.7,60.1,60.9,4,11.6,11.7,15.7,1.6,2.7,2,14.6,2.4,0.458,0.692,0.444,59.6,9.4,0.472
So,5-11,Layne Taylor,Murray St.,MVC,12,G,63.3,2.7,2.1,2.5,2.7,-0.3,128.5,108.8,17.2,51.1,54.1,4.2,7.8,26,12.5,4.2,0,1.8,21.8,2.6,0.563,0.789,0.5,70.1,10.9,0.344
So,6-4,Eric Mahaffey,Akron,MAC,11,G,58.2,2.7,2.1,3,3.5,-0.5,130.5,106.8,16.9,62.7,63.1,10.2,19.3,11.7,13.9,2,1.3,1.5,19.7,3.3,0.638,0.643,0.596,26.8,4.1,0.474
So,6-7,Asa Thomas,Furman,SC,9,G,68.6,2.7,2.1,2,3.2,-1.1,122.5,110.4,18.4,57.7,59.2,1,12.2,12.8,8.9,2.8,1.4,0.7,20.2,2.3,0.333,0.706,0.385,84.5,16.7,0.408
Sr,6-10,Grant Asman,Lipscomb,ASun,10,C,67.1,2.6,3,6.4,4.4,2,117.6,101.1,20.3,63.2,65.3,4.4,21.9,14,15.8,1.4,4.8,1.6,22.1,3.6,0.793,0.81,0.649,61.1,11.6,0.414
Jr,6-4,Silas Demary Jr.,Connecticut,BE,12,G,63.3,2.6,4.2,7,1.8,5.2,110.9,84.9,23.5,47,52.2,4.1,16.3,36.2,20.8,2.7,1.1,3.9,39.3,4.1,0.61,0.758,0.507,17.9,2.9,0.2
Sr,5-10,Ahmad Robinson,UAB,Amer,11,G,74.8,2.6,2.9,3.4,2.1,1.3,116.4,105,21.2,50.8,53.5,1.6,9.3,23.7,12.8,3,0.3,3.1,22.6,3.3,0.515,0.75,0.508,47.6,10,0.339
Sr,6-3,Elijah Jamison,Norfolk St.,MEAC,10,G,79,2.6,2.6,3.4,3.8,-0.4,104.7,109.2,28,50,54.1,1.6,11,20.5,15.6,1.6,0.4,1.1,36.5,1.8,0.479,0.74,0.438,23.4,5.8,0.469
Fr,6-9,Roman Domon,Murray St.,MVC,12,F,51.9,2.6,2.2,6.3,5.5,0.8,123.4,102.3,24.5,61.5,67.8,7.9,19.5,12.5,20.5,0.8,0.3,2.4,78.2,2.6,0.677,0.803,0.659,47.4,8.1,0.378
Jr,6-10,Tasman Goodrick,Siena,MAAC,9,C,43.8,2.6,2.8,5.5,3.6,1.9,127.9,97.8,19.9,64.5,64.3,16.4,22.3,12.7,13.1,1.3,4.3,2,19.4,4,0.667,0.583,0.656,1.6,0.3,0
Sr,6-8,Carson Towt,Notre Dame,ACC,12,C,65.3,2.6,3.5,4.7,2.5,2.2,125.4,94.4,15.6,62.5,60.2,15.6,29.8,13.4,17,1.7,2,1.3,39.3,4.4,0.676,0.455,0.625,0,0,0
Fr,6-6,Shelton Henderson,Miami FL,ACC,12,G,65.2,2.6,3.3,5,2.9,2.1,117.3,96.4,22.6,61.5,61.5,7.2,9.7,15.3,17,1.4,1.5,2.5,60,3.3,0.703,0.583,0.64,11,1.9,0.273
Jr,6-4,Trey Autry,George Washington,A10,11,G,57.5,2.6,2.3,4.5,3.6,0.8,129,106.2,15.1,62.9,65.7,3.8,11.5,12,15.7,1.7,0.9,2,30,4.1,0.619,0.81,0.636,68.6,9.4,0.417
Sr,6-5,Greg Gordon,LIU,NEC,12,G,82,2.6,2.5,1.7,2,-0.2,113.5,111.1,21.6,54.4,54.5,7.3,9.3,16.8,13,1.7,1.7,3.4,32.1,2.1,0.622,0.523,0.545,10.2,2,0.357
Jr,6-5,Leon Bond III,Northern Iowa,MVC,10,F,82,2.6,4.8,5.2,3,2.2,115.2,90.8,20.6,60.4,61.4,3.5,16.9,13,10.7,1.4,4.1,1.1,25.5,2.5,0.595,0.667,0.523,38.7,7.5,0.488
Jr,6-11,Rueben Chinyelu,Florida,SEC,12,C,59.6,2.6,3.9,6.6,3.6,3,120.2,85.8,19.1,62.7,62.6,17.3,29.6,3.2,17.9,0.3,3.4,1.9,44.6,5.6,0.702,0.595,0.634,1.2,0.2,0
Fr,6-3,Killyan Toure,Iowa St.,B12,11,G,66.4,2.6,4.1,6.1,2.1,4,116.7,87.9,20.1,61.3,63.9,4.7,9.8,13.3,22,1.1,0.8,4.5,34.5,3.7,0.702,0.759,0.633,28.6,4.6,0.375
Sr,6-10,Malique Ewin,Arkansas,SEC,12,C,40.5,2.6,1.9,6.4,5,1.3,130.9,98.7,21.9,65.8,68,16.7,12.2,7.2,14.1,0.7,4.9,1.7,66.7,4.7,0.811,0.711,0.643,1.8,0.3,1
Sr,6-4,Milos Uzan,Houston,B12,12,G,82,2.6,4.4,3.6,1.9,1.7,111.9,94.2,20.4,43.7,46.8,1.7,8.4,25.4,12.7,3.5,0.3,1.7,17.9,2,0.545,0.792,0.476,53,10.8,0.268
So,6-4,Bishop Boswell,Tennessee,SEC,8,G,42.4,2.6,3.9,10.2,3.1,7.1,131.1,84.9,11.4,72.2,70.8,5.1,13.1,15.2,21.7,2.3,1.3,4.7,48.1,4.5,0.778,0.615,0.692,51.9,4.3,0.5
Sr,6-3,B.J. Edwards,SMU,ACC,11,G,85.5,2.6,4.3,4.1,1.3,2.8,111.5,96.4,19.5,47.9,51,3.5,12.5,24,15.2,2.8,0.6,3.8,28.6,2.7,0.63,0.706,0.527,37.8,6.3,0.267
Jr,6-11,Riley Allenspach,George Mason,A10,10,F,59.3,2.6,3.1,5.7,4.6,1.2,121.8,95.3,23.1,59.3,61,8.4,23.1,8.5,10.7,0.8,0.5,1.3,44.2,2,0.717,0.658,0.639,29.1,6.2,0.32
Sr,7-0,Isaac Johnson,Hawaii,BW,10,C,55,2.6,3.6,8.5,4.7,3.8,119.9,85.9,25.8,54.3,62.7,11.6,24.6,9.9,16.4,0.6,5.5,1.8,56.8,4,0.659,0.891,0.571,30.9,6.2,0.32
Sr,6-1,Kintavious Dozier,Alabama A&M,SWAC,9,G,77.9,2.6,2.7,4.4,3.1,1.2,105.4,108.3,25.3,48.1,54.4,2.7,12.2,14.2,13.3,1.1,0.4,3.8,40,2,0.433,0.833,0.468,24.8,5.5,0.346
Sr,6-6,Kowacie Reeves Jr.,Georgia Tech,ACC,11,G,69.2,2.6,3.4,5.4,3.6,1.8,113.5,100.5,22.3,52.6,56.7,4.2,12.3,11.3,11.9,1.2,2.8,2.7,30.6,3.1,0.515,0.805,0.441,49.3,10.9,0.409
Sr,6-9,Harry Rouhliadeff,Hawaii,BW,8,C,43.6,2.6,2.8,7.8,5.4,2.4,128.2,95.4,20.7,58.5,62.2,11.1,11.9,12,10.6,2,2.9,0.9,39,4.6,0.593,0.783,0.581,47.5,8.8,0.393
Sr,6-7,Zach Cleveland,Liberty,CUSA,8,G,85.2,2.6,4.3,8.6,2.5,6.1,108.8,96.2,23.9,56.4,52.4,5.2,28.4,40.9,23.4,2.6,5.5,2.9,56.4,2.2,0.65,0.355,0.596,5.5,0.7,0
Sr,6-5,Erik Pratt,Stony Brook,CAA,11,G,82.9,2.6,3,2.5,2.6,-0.1,102.1,106.9,29.9,46.9,50.5,1.5,14.6,22.3,12.4,1.3,0.6,2.8,27.3,2.1,0.435,0.75,0.477,39.2,11.1,0.304
So,6-4,Martin Kheil,Idaho St.,BSky,8,G,66.4,2.6,2.4,1.1,2.6,-1.5,116.7,109.6,19,56.3,59.9,1.1,10.8,12.7,17.5,1.3,0,1,23.6,1.5,0.667,0.882,0.545,84.7,15.6,0.377
Sr,6-5,Jamar Brown,UCLA,B10,12,F,50.1,2.6,2.2,4.8,4,0.8,137.8,100.7,13.5,65.5,68.6,8,14.5,5.7,10.9,1.3,1.1,2,18.2,3.7,0.765,1,0.652,58.2,7.9,0.438
So,7-2,Samet Yigitoglu,SMU,ACC,11,C,70.8,2.6,3.5,3.1,2.2,0.9,117,97.4,18.8,60.2,59.6,13.8,17.7,6.7,15.4,0.8,4.9,1.4,55.4,4,0.707,0.543,0.602,0,0,0
Sr,6-7,AJ Storr,Mississippi,SEC,12,G,62.1,2.6,2.4,1.9,2.9,-1,112.1,104.7,24.8,53.3,57.7,4.4,10.7,17.6,15.2,1.3,0.4,1.2,46.7,3.9,0.5,0.735,0.464,34.3,7.2,0.444
Sr,6-6,Travis Harper II,Tennessee St.,OVC,9,G,79.1,2.6,2.6,4,4.2,-0.2,114.1,109.3,20.1,57.7,60.5,2.8,8.2,8.3,16.2,0.9,2.8,2.3,35.1,2.4,0.737,0.735,0.548,56.7,10.5,0.4
Sr,6-5,Oziyah Sellers,St. John's,BE,11,G,72.6,2.6,3.6,3.2,2.3,0.8,117.7,97.2,16.3,52.7,57.6,1.7,10.5,12.7,15.4,1.6,0.9,1,31.2,2.8,0.5,0.862,0.413,50.5,7.9,0.426
Jr,6-7,Jason Rivera-Torres,Monmouth,CAA,12,F,86.1,2.6,3.1,3.3,3,0.3,108.6,106.6,23.8,45.8,50.2,9.3,17.2,17.5,12,1.8,4.7,2.6,27.9,2.8,0.493,0.791,0.466,33.1,7.3,0.294
Sr,6-10,Kyle Evans,UC Irvine,BW,10,C,62,2.6,4.1,8.9,2.9,6,129,85.7,14.6,64.5,67.4,9.2,24.1,9.2,12.4,1,12.8,1.1,36.4,3.7,0.75,0.8,0.68,9.1,1.1,0.2
So,6-9,Sam Orme,Belmont,MVC,12,F,68.6,2.6,3.5,5.5,3.1,2.5,118.5,95.8,20.3,61.2,61.6,4.3,19.7,13.3,13.9,1.4,3.5,2.2,14,4.4,0.696,0.647,0.683,50.4,10.2,0.361
Sr,5-10,Austin Benigni,Navy,Pat,11,G,92.3,2.6,3.3,1.4,1.3,0.1,105.2,106.9,27.2,42.8,54.2,1.2,9.7,27.3,18.7,1.5,0.9,2.6,60.4,2.7,0.424,0.893,0.36,20.1,4.1,0.464
Sr,6-4,Robert McCray V,Florida St.,ACC,12,G,68.3,2.6,2.8,3,2.4,0.6,104.9,103.2,29.7,49,51.9,4,9.8,48,22.7,1.9,0.7,3,32.2,4.8,0.577,0.674,0.525,30.8,6.9,0.273
Sr,6-9,Mason Miller,Murray St.,MVC,12,F,56.3,2.6,2.1,4.8,4.6,0.2,138.8,106.4,13.5,69.7,70.6,6,14.5,5.3,13.4,1,0.3,1.4,28.8,4.1,0.4,0.737,0.4,84.8,11.3,0.5
Sr,6-9,Jaiden Feroah,Southern Utah,WAC,10,C,71.1,2.6,1.8,4.2,3.2,1,113.6,114.4,21.7,57.2,63.5,6.4,18.8,11.1,18.9,0.7,7.9,1.6,34.4,3.2,0.75,0.968,0.561,36.7,6.5,0.394
So,6-6,Isaiah Evans,Duke,ACC,12,G,64.7,2.6,3.9,6.2,4,2.2,115,89.7,20.2,50.9,55.6,2,11,10.6,13.5,1.3,4.8,1.3,29.5,1.9,0.643,0.848,0.514,68.8,14,0.338
Sr,6-7,Romad Dean,Tulsa,Amer,10,F,46,2.6,1.5,4.4,5.1,-0.7,144.8,109.5,12.4,72.2,76.2,5.5,18.5,5.8,12.6,0.9,1.3,0.9,38.9,2,0.889,0.929,0.889,75,8.5,0.444
Sr,6-2,Myron Amey Jr.,Loyola Marymount,WCC,11,G,73.6,2.6,3.4,5,4.1,0.9,111.2,99.3,24.7,54,54.8,1.8,11.6,14.5,10,1.6,1,1.9,15.9,2.3,0.457,0.625,0.448,61.6,16.4,0.398
Fr,6-7,Nasir Meyer,Wyoming,MWC,11,F,60.2,2.6,2.5,3.6,4.1,-0.5,118.5,103.1,22.8,57.4,60.7,3.8,19,15.5,16.4,1.2,0,1.5,31.7,3.2,0.643,0.781,0.576,41.6,8.7,0.381
Sr,6-7,Jaden Henley,Grand Canyon,MWC,11,G,74.5,2.6,4,4.7,1.6,3.1,105.6,93.8,28.1,48.1,55.8,2.5,15.1,15.7,18.6,0.8,1.1,3.3,52.3,2.9,0.642,0.826,0.556,31.8,7.3,0.214
Fr,6-9,Matas Deniusas,Tennessee Martin,OVC,10,F,68.7,2.6,2.3,1.7,2.4,-0.8,111,108.8,26.2,51,57.7,5.4,11.9,16.9,17.5,0.7,2.6,1.3,53.4,3.6,0.474,0.8,0.492,40.8,8.7,0.357
Sr,6-8,Keba Keita,BYU,B12,11,C,45.9,2.6,3.8,10.4,4.6,5.8,130.5,78.2,15.9,64.6,65.7,13.8,25.9,2.9,13,0.5,10.6,3.9,50,2.9,0.718,0.667,0.646,0,0,0
Fr,6-1,Nyk Lewis,VCU,A10,12,G,62.4,2.6,2.8,4.6,3,1.6,119.7,100.3,20.2,52.6,56.4,9.2,7.4,16.1,15.4,1.6,0.3,3.5,32,4.1,0.63,0.774,0.568,61.9,11,0.333
So,6-7,Jalik Dunkley,Nicholls St.,Slnd,9,F,68.1,2.6,2.4,2.2,2.5,-0.3,113.8,107.2,23,60.1,59.6,9.2,19.9,9.6,12.2,1.1,1.9,3,55.7,3.8,0.724,0.545,0.614,11.4,2.1,0.333
Sr,6-11,Isaac Jack,Pacific,WCC,10,C,54.9,2.6,2.5,4.2,2.8,1.4,132.4,100.6,16.1,71.7,69.6,12.1,18.8,2.9,11.9,0.4,2.7,1.4,37.7,5.5,0.744,0.55,0.717,0,0,0
Jr,6-10,Egan Shields,Northern Colorado,BSky,8,C,40.1,2.5,1.5,2.8,2.3,0.5,133.2,109.5,20.3,69.7,73.3,11,26.5,11.7,16.8,1.2,2,0,93.9,5.8,0.72,0.774,0.697,0,0,0
So,6-5,Ben Bradford,Charlotte,Amer,11,G,65.9,2.5,2,1.5,2.5,-1,108,111.4,28.2,47.8,53.1,3.7,9.9,19.2,15.3,1.2,0.5,2.4,44,3.2,0.552,0.745,0.506,33.6,8.4,0.282
Sr,6-10,Giovanni Emejuru,East Carolina,Amer,11,C,78,2.5,2.9,1.4,1.6,-0.2,113.4,106.2,21,54.3,57.4,15.7,18.1,4.7,14.3,0.4,5.7,1.7,68.5,3.5,0.628,0.635,0.543,0,0,0
Jr,6-3,Jonah Hinton,Rhode Island,A10,12,G,81.8,2.5,3.1,1.3,2.7,-1.4,110.2,105.7,24.2,53.5,58.4,2.2,9.6,12.6,20,0.7,0.6,1.1,32.9,2.2,0.478,0.851,0.514,75.5,16.3,0.361
Sr,6-3,Martel Williams,Cal Baptist,WAC,13,G,83.8,2.5,3.2,1.8,1.8,0,111.8,105,21.8,48,50.9,5.5,11,10.2,12.2,1.1,0,1.6,24.9,2.4,0.464,0.721,0.459,29.5,6.8,0.353
Jr,6-2,Malik Mack,Georgetown,BE,12,G,77.9,2.5,2.5,2.3,3.6,-1.3,107.2,109.5,25.4,47.4,52.2,1.7,9.5,28.3,14.4,2.2,0.6,1.8,30.9,1.7,0.5,0.809,0.423,48.7,11.2,0.351
Sr,6-3,Cayden Charles,St. Bonaventure,A10,12,G,78.8,2.5,3.4,3.1,1.8,1.2,114.2,101.3,20.2,50,57.3,6.8,18,9.1,16.7,1.1,2.1,3.5,63.5,2.7,0.51,0.773,0.506,24,3.8,0.32
Jr,6-1,Tyshawn Archie,McNeese St.,Slnd,10,G,54.8,2.5,2.6,6.4,4.9,1.5,114.5,98.4,27.9,54.7,57.2,1.7,8.8,20.6,15.5,1.8,2,4.3,17,3.1,0.576,0.833,0.491,46.2,13.2,0.408
So,6-9,Zack Davidson,Northern Arizona,BSky,9,F,64.1,2.5,2.2,1.9,2.7,-0.8,109.6,107.8,27.1,62.8,60.7,8.1,14.5,11.4,14.7,0.6,0,1.7,45.6,4,0.696,0.488,0.632,3.3,0.7,0.333
Jr,6-4,Khaden Bennett,Wyoming,MWC,11,G,62.8,2.5,2.8,4.9,3,1.9,121.4,100.3,19.5,47.5,55.3,7.3,14.1,18.4,14.2,2.3,0,3.4,43.2,4.2,0.488,0.886,0.489,44.4,7.1,0.306
Fr,6-2,Kevair Kennedy,Merrimack,MAAC,13,G,82.9,2.5,2.4,0.2,1.2,-1,105.3,112.4,27.4,47.3,57.2,3.9,10.5,27.6,19.7,1.2,0.5,3,68.5,2.5,0.5,0.831,0.467,6.2,1.1,0.375
So,6-7,Blake Barkley,East Tennessee St.,SC,11,F,64.1,2.5,2,0.3,2.1,-1.8,118.8,110.1,20.2,61.3,66.9,5.7,15.9,6.6,18.5,0.6,1,1.5,56,2.6,0.667,0.833,0.617,20,3.1,0.4
Jr,6-9,Dylan Faulkner,Samford,SC,10,C,55.5,2.5,1.9,3.8,3.9,-0.1,110.6,110,29.2,58.7,57.7,9.5,19.4,13.5,11,1.1,7.3,0.7,61.5,3.5,0.647,0.516,0.592,1,0.2,0
Sr,6-5,Madison Durr,UNC Wilmington,CAA,11,G,59.9,2.5,1.9,1,1.3,-0.3,117,110,24.3,43.6,54.4,3,11.5,23.1,14.2,2.3,0,0.7,87.2,4.1,0.525,0.765,0.455,29.5,5.3,0.261
Sr,6-10,Veljko Ilic,Sam Houston St.,CUSA,8,C,62.3,2.5,2.3,2.2,2.2,-0.1,119.3,106.1,20.2,53.6,55.6,13.8,13.5,16.9,15.2,1.8,0.6,1.9,46.4,4,0.6,0.615,0.545,1.8,0.3,0
Jr,6-2,Josiah Lake II,Oregon St.,WCC,12,G,85.2,2.5,3.4,2.3,0.7,1.5,110.8,103.9,20.2,57.3,64.7,1.2,15.7,20.5,23.3,1.2,1.6,3.1,76.4,2.6,0.675,0.809,0.639,31.5,4,0.286
Sr,6-5,Rylan Griffen,Texas A&M,SEC,9,G,45.8,2.5,2.5,8.5,6.3,2.2,124.5,100.3,20.5,66.4,69.8,3.3,7.4,24.5,22.8,1.6,2.3,3.4,34.4,2.4,0.786,0.864,0.778,71.9,12,0.413
Sr,6-5,Riley Kugel,UCF,B12,11,G,68.9,2.5,2.6,0.7,1.1,-0.4,112.5,105.5,23.2,47.1,49.4,3.8,7,15.9,13.5,1.8,2,1.5,18.4,3.8,0.509,0.72,0.395,36.8,9.2,0.4
Sr,6-2,Donovan Oday,Northern Kentucky,Horz,11,G,69.4,2.5,2.4,2.5,1.8,0.6,115.7,107.5,24.9,53.9,61.5,3.3,13.5,11.4,17.8,0.9,2.4,3.7,50.9,4.3,0.621,0.879,0.618,40.4,8.5,0.283
Jr,6-5,Quentin Jones,Saint Louis,A10,11,G,62.1,2.5,3.5,4.7,1.7,3.1,121.2,92.5,19.1,58.3,64.4,5,10.7,17.4,22.5,1.5,2.4,2.5,45.8,4.5,0.65,0.879,0.628,40.3,5.7,0.345
Jr,6-3,Trevian Carson,North Dakota St.,Sum,10,G,82.2,2.5,3.7,5.1,3.1,2,117.6,100.1,18,57.7,58.4,9.2,16.3,12.8,16,1.4,1,3.9,19.4,2.6,0.556,0.632,0.554,42.9,7.1,0.405
Jr,6-5,Myles Colvin,Wake Forest,ACC,13,G,65.8,2.5,3.1,3.8,3.3,0.5,112.2,99.2,23.2,54.2,58.4,6.9,13,8.1,17.2,0.6,1.9,2.5,34.1,3,0.574,0.8,0.507,49.2,10.4,0.385
Sr,6-1,Quimari Peterson,Washington,B10,11,G,74.7,2.5,3.7,6.5,3,3.5,124.4,97.2,14.9,52,54.2,2.6,10,13.3,9,3.2,0.3,3.5,13,2.3,0.529,0.846,0.533,70,11.8,0.343
Jr,6-7,Victor Valdes,Troy,SB,11,G,73.2,2.5,2.6,1.3,1.1,0.2,101.8,107.1,31.9,47,53.6,3.2,11.1,29.8,21.1,1.2,1.5,2.6,49.7,4.1,0.506,0.773,0.515,31.8,7.7,0.25
Sr,6-6,Skylar Wicks,Saint Francis,NEC,11,G,83.2,2.5,1.7,1.8,3.8,-2,99.8,118.4,30.1,49.7,52.7,4.6,23.3,20.2,16.3,0.9,1,2.6,17.4,2.8,0.462,0.844,0.458,35.9,10.1,0.379
Fr,6-2,Ty'Reek Coleman,Illinois St.,MVC,10,G,54.8,2.5,2.5,4.8,3.8,1,120.5,103.5,20.7,60.1,62.3,2.9,5,13.7,13.8,1.6,0.9,1.7,47.3,2.7,0.621,0.686,0.568,40.5,7.1,0.433
Sr,6-7,Vladimer Salaridze,Youngstown St.,Horz,9,F,40.5,2.5,1.8,5.3,5,0.4,129.5,107,21.6,58.8,63.1,14.8,7.7,12.3,11.9,1.3,2.8,1.9,60.8,4,0.636,0.742,0.6,41.2,6.8,0.381
Sr,6-5,Javon Ruffin,Bowling Green,MAC,10,G,65.9,2.5,3.1,4.8,3.3,1.6,126.6,98.4,16.1,59.9,63.8,3,11.3,16.4,14.6,2.8,0.5,1.9,19.7,2.9,0.625,1,0.55,71.8,10.9,0.412
So,6-4,Jase Butler,Colorado St.,MWC,11,G,47.9,2.5,1.3,2.9,4.5,-1.5,134.8,113.5,17.9,67,68.6,4.9,8.9,12.3,11.5,1.9,0,1.5,47.2,2.5,0.591,0.72,0.64,52.8,8.2,0.464
Jr,6-0,Connor Sevilla,UC Davis,BW,9,G,79.1,2.5,2.1,0,1.9,-1.9,114.2,113.4,17.9,59.1,64,1.7,6.5,5.7,15.5,0.5,0,1.2,34.1,2.2,0.667,0.893,0.531,61,9.9,0.42
Jr,6-10,Joshua Hughes,Evansville,MVC,10,F,65.4,2.5,2,1.4,2.5,-1,122.1,111.3,16.3,62.3,65,9.4,16.7,8.5,15,0.9,1.4,0.7,50.9,4.6,0.706,0.724,0.533,47.4,6,0.481
Jr,5-10,Jayden Reid,Northwestern,B10,12,G,65,2.5,2.5,1.1,2.1,-1,107.8,105.2,27.9,44.1,52.5,1.6,5.5,36.9,18.7,2.4,0.7,1.5,48.2,3.2,0.439,0.849,0.455,30,6.2,0.273
Jr,7-2,Zvonimir Ivisic,Illinois,B10,11,C,43.6,2.5,2.8,12.1,6.1,6,133.2,86.9,16.6,67.5,67.8,6.1,24.8,3.6,12.5,0.6,12.8,1.2,26.3,3.3,0.938,0.667,0.864,61.4,10.4,0.371
Sr,6-7,Kael Robinson,Northern Kentucky,Horz,11,F,68.7,2.5,2.2,3.6,3.9,-0.4,116.3,109.4,24.4,61.8,63.8,5.8,16.2,12.3,19.8,0.7,2.4,2.4,18.1,4.5,0.689,0.826,0.565,51.2,12.1,0.446
Sr,6-9,Caden Powell,Baylor,B12,11,C,55.3,2.5,2.3,2.8,2.6,0.2,129.9,102.3,14.2,61,61.8,16.6,22.6,5.2,14.2,1,3.4,0.9,80.5,4.3,0.704,0.606,0.625,2.4,0.2,0
Sr,6-9,Julius Mims,New Mexico St.,CUSA,7,C,60.5,2.5,2.5,2.9,2.7,0.2,125,103,16.5,57.1,62.3,9.1,23.3,5,12.8,0.7,4.9,0.7,42.9,3.5,0.567,0.833,0.583,14.3,2.1,0.333
Sr,6-8,Kimani Hamilton,UNLV,MWC,11,F,69.5,2.5,2.3,0.9,1.7,-0.8,110.3,109,23.7,50.5,54.7,9.5,10.5,15,14.7,1.2,0.4,3,50,5.2,0.623,0.691,0.552,20.9,4,0.217
Sr,6-2,Meechie Johnson,South Carolina,SEC,11,G,73.3,2.5,3.3,3.7,2.6,1.2,108.7,100.4,25.9,52,56.1,1.1,12.5,23.5,15.9,1.7,0,2,40.2,2.9,0.523,0.735,0.516,49.2,10.7,0.35
Jr,6-6,Luka Bogavac,North Carolina,ACC,12,G,66.3,2.5,3.2,3,2,1,113.4,98.4,20.6,49.1,52.1,2.6,8.6,19.7,11.5,2.7,0,1.1,30.6,2.5,0.576,0.697,0.5,57.4,11.4,0.323
Sr,6-10,Aidan Kehoe,Navy,Pat,11,C,81.3,2.5,3.3,2.3,2.2,0.1,118.3,103.1,18.4,67.4,65,12.6,21,7.8,17,0.7,3.6,1.7,40.4,1.9,0.704,0.5,0.674,0,0,0
Fr,7-0,Johann Grünloh,Virginia,ACC,11,C,58.4,2.5,3.2,7,3.8,3.2,124.4,93.4,18.6,60,57.7,14.6,18.9,7.3,11,1.2,12.2,2.1,50,4.4,0.769,0.457,0.673,30,4.8,0.286
Jr,7-2,Anton Bonke,Charlotte,Amer,11,C,60,2.5,2.5,5.2,4.1,1.2,117.7,102.7,21.7,63.2,62.3,15.8,27.5,9.6,18.5,0.5,11.4,0.9,34.2,3.9,0.68,0.538,0.61,22.4,4,0.471
Jr,6-5,Carmelo Pacheco,UCF,B12,11,G,45.3,2.5,1.7,5.6,5.4,0.2,144.1,106.6,12.6,60.5,62.7,2.9,9.5,6.6,6.7,3,0,1.1,10.5,0.6,0.5,1,0.75,93,14.9,0.396
Sr,6-8,Toby Harris,Iona,MAAC,13,F,56.5,2.5,1.9,3.5,4.8,-1.3,122.8,108.3,20.2,62.6,66.1,2.2,16.3,1.3,11,0.2,1.1,0.9,20.9,2.8,0.636,0.958,0.514,69.6,14.8,0.45
So,6-6,Billy Richmond III,Arkansas,SEC,12,F,55.4,2.5,2.5,4.3,2.9,1.4,123.3,101,17.8,61.6,64.9,8.3,9.7,10.3,17.2,1.1,2.8,1.6,43.5,3.9,0.641,0.767,0.653,29,4.1,0.35
Fr,6-8,Brandon Benjamin,Fairfield,MAAC,12,C,75.8,2.5,2.4,0.4,1.7,-1.3,116.6,110,20.8,58.5,59.4,13.1,21.5,5.4,16.1,0.5,5.5,0.9,33,3.2,0.617,0.622,0.598,4.5,0.8,0.2
Sr,6-4,Jaeden Marshall,La Salle,A10,11,G,69.2,2.5,2,1.7,2.8,-1.1,117.3,112.4,21.6,50,57.2,0.8,10.5,12.4,12.9,1.1,0,1.2,39.8,1.7,0.542,0.907,0.5,55.6,12,0.333
Sr,6-7,Troy Hupstead,Texas Southern,SWAC,7,F,62.1,2.5,1.2,0.5,3.7,-3.2,103.9,120.6,26.6,50,52.7,11.3,18.2,7.5,13.2,0.4,2.5,1.1,39.8,3.8,0.556,0.636,0.446,32.5,7.3,0.407
Jr,6-11,Drew Fielder,Boise St.,MWC,10,C,51.5,2.5,2.6,5.5,3.7,1.8,108,95.8,29.2,56,58.1,9.8,14.4,11.8,17.5,0.7,2.2,1.4,33.7,4.3,0.643,0.677,0.577,22.8,6,0.333
Sr,6-2,Michael Jacobs,Southern,SWAC,7,G,60.3,2.5,2.1,1.3,2.3,-1.1,96.4,113.4,35,47.5,50.3,0.5,14,31.4,18,1.5,0,2.9,44.9,3,0.617,0.604,0.441,21.2,6,0.4
Sr,6-8,Christian Coleman,Oklahoma St.,B12,11,F,54.9,2.5,2.6,5.9,3.9,2,121.9,98.7,19.8,58.9,61,5.7,16.2,5.7,9.6,0.9,5.8,1.9,38.9,3.5,0.672,0.686,0.62,21.1,4,0.316
Sr,6-5,Joseph Pinion,South Florida,Amer,11,G,70.5,2.4,2.9,4.5,3.5,0.9,115.9,103.1,19.9,52.7,55.1,5.2,6.3,8.1,13.4,0.9,1.1,3.7,20,4.2,0.37,0.769,0.394,74.6,16.2,0.381
Jr,6-10,Carter Welling,Clemson,ACC,12,F,49.3,2.4,2.9,8.1,4.8,3.3,117.8,90.6,25.1,57.8,60.4,10.1,20.8,11.7,14.8,0.9,4.2,2.7,70.1,3.5,0.682,0.648,0.596,26,5,0.35
Sr,6-5,Chandler Pigge,Harvard,Ivy,11,G,83.2,2.4,2.5,0.8,1.6,-0.8,107.9,111.4,24.7,49.2,52.3,5.1,8.9,21.9,13.6,2.1,1.4,2.7,24.6,1.6,0.527,0.75,0.484,26.9,5.9,0.343
Sr,6-9,Malik Dia,Mississippi,SEC,12,C,62,2.4,3,0.5,1.6,-1,103.1,98.3,31.5,48.2,52.7,9.9,21.4,8.6,14.5,0.5,4.6,1.2,47.8,3.5,0.673,0.692,0.495,18.4,5,0.28
Fr,6-7,Braden Frager,Nebraska,B10,11,F,53.6,2.4,2.7,4.9,3.9,1,121.3,96,20.5,61.7,64.7,6,14.1,6.7,12.9,0.8,1.1,1,28.4,2.5,0.846,0.826,0.719,60.5,11.8,0.367
Jr,6-9,Avantae Parker,Queens,ASun,11,C,49.8,2.4,1.2,2.2,2,0.2,122.4,115.8,23.3,72.5,71.6,8.4,15.8,13.4,20.9,0.7,4.8,2.5,53.6,7,0.782,0.649,0.746,8.7,1.5,0.333
So,6-0,Sharron Young,Akron,MAC,11,G,49.2,2.4,1.6,2.4,2.8,-0.3,130.8,108.9,18.3,54.5,59.5,4.6,11.1,16,11,2.8,0.5,2.3,29.9,4.6,0.706,0.9,0.56,62.7,10.6,0.357
Sr,6-4,Trent Mosquera,Le Moyne,NEC,11,G,80.4,2.4,1.7,2.2,3.9,-1.6,111.7,117.5,22,58.8,61.9,2.1,17.3,16,18.4,1.2,1.5,2.6,27.5,3.2,0.538,0.818,0.429,65,12.6,0.449
Jr,6-4,Tru Washington,Miami FL,ACC,11,G,67,2.4,4.3,6.4,2.5,3.9,115.3,90,20.1,58.6,60.9,4.4,11.7,10.2,18.6,1,0,4.8,30,2.5,0.615,0.727,0.575,33.6,6.3,0.405
So,6-11,Somto Cyril,Georgia,SEC,11,C,47.8,2.4,2.8,6.7,2.7,4,132.2,90.8,17.3,80.4,74.6,13.2,15.7,3.6,16.6,0.4,11.7,1.7,74.5,7.2,0.837,0.553,0.804,0,0,0
Jr,6-5,Jaden Schutt,Virginia Tech,ACC,13,G,60.1,2.4,2.2,2.9,3.3,-0.4,126.4,106.9,16,61.1,62.4,0.7,5.9,6.4,7.9,1.7,0,1.4,13.5,3,0.667,0.786,0.423,75,14,0.449
Sr,6-0,Jamison Guerra,Idaho St.,BSky,9,G,64.6,2.4,2.3,1,0.5,0.5,118.3,106.9,19.5,49,57.1,3.4,8.5,29.8,20.2,2.7,0.5,2.6,51.9,4,0.478,0.852,0.469,38.5,5.2,0.35
Fr,6-5,Melih Tunca,Penn St.,B10,12,G,64.9,2.4,1.9,2.3,3.3,-1,115.5,112.1,22,56,60.2,2.3,10.5,20.5,17.1,1.8,1.6,1.9,45.1,1.5,0.69,0.756,0.524,30.8,5.3,0.429
Jr,6-8,Evan Chatman,UAB,Amer,11,C,70.5,2.4,3,2.9,2.6,0.3,128.4,101.8,13.7,53.2,57.6,9.4,27.7,5.5,7.9,1.8,2.6,1.3,61.9,3,0.762,0.692,0.667,52.4,5.9,0.273
Jr,6-1,Zaon Collins,Fresno St.,MWC,11,G,84.1,2.4,3.6,2.3,1,1.3,104.4,102.3,26,52.8,56.1,2.2,9.8,31.4,22.8,1.5,0,3.9,39.7,2.4,0.524,0.7,0.543,27,5.2,0.324
Sr,6-5,Devin Askew,Villanova,BE,11,G,53.5,2.4,2.5,5.8,3.6,2.2,123.8,98.6,19.4,57.9,59.2,3.8,7.5,16.2,14.6,1.9,1,3.3,8.5,3.2,0.667,0.857,0.516,62.2,13.1,0.412
Jr,6-11,Bangot Dak,Colorado,B12,12,C,63,2.4,2.7,4.1,3,1.1,115.1,101.8,22.2,51,54.9,8.7,22.9,14.6,13.4,1.6,6.8,1.3,36.9,2.2,0.629,0.737,0.558,16.5,3.2,0.176
Sr,6-7,J.R. Konieczny,Florida Gulf Coast,ASun,11,G,79.6,2.4,2.5,1.4,2.2,-0.9,107.7,110.3,24.8,52.8,56.8,5.8,17.7,9.4,18.2,0.8,0.7,3.4,35.5,2.8,0.576,0.76,0.495,34,7.5,0.396
So,7-1,Amael L'Etang,Dayton,A10,13,C,63.9,2.4,3.1,3.7,3,0.8,111.8,98.4,24.1,56.3,60.9,8.2,21.2,12.5,18,0.8,5.3,0.8,49.5,3.3,0.679,0.764,0.58,37.8,7,0.357
So,6-4,Evan Haywood,Butler,BE,12,G,42.9,2.4,1.7,5.4,4.9,0.4,136.4,104.3,16.1,58.3,59.8,2.1,7.3,10.2,3.3,6,0.4,1.3,12.8,3,0.412,0.8,0.4,74.4,15.3,0.431
Jr,6-5,Jackson Hicke,Princeton,Ivy,12,G,83.2,2.4,2.7,1.8,1.7,0,110.7,109.4,21.5,57.7,59.1,3.5,14.1,19.6,15.7,1.3,1,1.5,19.9,3.5,0.682,0.704,0.553,37.5,7.5,0.412
Jr,6-11,Drayton Jones,Butler,BE,12,C,51,2.4,2.6,7.7,3.9,3.8,130.5,96.7,15.7,58.8,63.6,10.1,18.5,13.4,14.1,2,6.5,1.1,68.6,2.2,0.667,0.743,0.588,0,0,0
Fr,6-7,DJ Hall,Texas St.,SB,12,C,70.5,2.4,2.6,3.5,3,0.5,113.8,106,22.2,52.9,58.8,10,21.2,17.4,18.7,1.2,1.7,2.4,42.2,2.3,0.61,0.837,0.54,2,0.3,0
Fr,7-1,Eric Reibe,Connecticut,BE,12,C,46.7,2.4,3,8.5,4.2,4.4,125.3,86.1,18.1,67.6,66.6,8.4,20,3.4,11.7,0.5,9.3,0.8,25.4,4.6,0.745,0.556,0.689,14.1,2.6,0.4
Sr,6-2,Nate Calmese,Wake Forest,ACC,13,G,60.4,2.4,2.8,5,3,1.9,118.2,99.9,19.7,52.7,55.6,2.2,7.3,36.3,19.5,3,0.8,3.5,14.9,2.7,0.526,0.929,0.5,42.6,7,0.375
Jr,6-8,Jaylen Carey,Tennessee,SEC,11,C,43.9,2.4,2.6,9,7.2,1.8,118.7,89.6,25.1,56.9,55.6,20.9,21.1,19.3,14.3,1.6,0,2.1,41.7,3.5,0.661,0.467,0.586,2.8,0.6,0
Sr,6-8,Landon Seaman,Cal St. Fullerton,BW,10,F,55.3,2.4,1.5,2.6,4.2,-1.5,116.2,113.8,24.1,59.2,59.9,6.8,12.7,8.5,9.6,1.1,1.1,1.2,31.6,3.1,0.597,0.613,0.598,16.3,3.7,0.375
Sr,6-7,Jalen Hampton,Arkansas St.,SB,11,F,53,2.4,2.2,4.9,3.5,1.4,129.7,105.8,14.2,66,69,8.2,22.9,13.6,19.4,1.5,2.4,2.3,34,3.1,0.644,0.833,0.644,15.1,1.7,0.5
Sr,6-8,Jackson Munro,Dartmouth,Ivy,10,C,65,2.4,1.9,3,2.8,0.2,129.4,111.8,15.2,55.8,59.6,9.1,15.8,18.4,11.5,2.6,4.8,0,25,2.5,0.636,0.867,0.63,55,7.3,0.333
Jr,5-11,Marcus Millender,Georgia,SEC,11,G,52.6,2.4,2.6,4.3,3.7,0.6,119.9,97.4,22.4,54,58.3,2.9,9.1,28.7,20.5,2.1,0,3.1,19.3,2.2,0.64,1,0.564,55.7,10.7,0.347
Sr,6-9,Brenen Lorient,West Virginia,B12,12,C,67.6,2.4,4,7.2,2.8,4.4,117.9,90.6,19.9,58.4,60.5,7.7,17.6,15.6,16.5,1.3,7.9,1.7,29.5,3.7,0.66,0.714,0.6,26.3,4.5,0.36
Jr,6-8,Eric Dailey Jr.,UCLA,B10,11,F,61.9,2.4,3.1,4.3,3.2,1,113.9,100.1,19.2,55.4,58.6,5.2,18.6,11.9,16.6,1.3,1.3,1.4,36.1,2.7,0.692,0.733,0.571,41,6.8,0.353
Jr,6-6,Jahmere Tripp,Rhode Island,A10,12,G,59.2,2.4,3,4.4,2.2,2.2,113.8,96.6,26.4,52.9,58.9,7.8,13.6,16.6,18.9,0.9,1.3,4,45.1,5.2,0.508,0.826,0.493,34.3,7.3,0.4
Sr,6-9,Sam Towns,Bowling Green,MAC,10,F,76.8,2.4,4.1,2.7,2.1,0.6,112.2,94.2,22,49.5,54.1,10,20.5,8.1,12.5,1.1,1.8,2,33.9,3.3,0.492,0.784,0.48,31.2,6.2,0.353
Jr,6-9,Caleb Walker,Air Force,MWC,12,C,56.8,2.4,1.8,2.7,3.3,-0.6,117.5,109.9,23.4,71.6,68.1,10.2,16,11.6,16.8,0.6,3.6,1.5,64.2,3.1,0.8,0.538,0.716,0,0,0
Sr,6-4,Takai Simpkins,Oregon,B10,11,G,76.1,2.4,2.8,3.6,3,0.6,111.8,106.1,18.7,59.7,62,2,6.5,14.9,23.6,1,1.3,1.9,28.6,2.2,0.44,0.75,0.545,66.3,11,0.415
Sr,6-7,Rickey Ballard,Grambling St.,SWAC,10,G,45.2,2.4,1.5,5.1,3.3,1.8,143.8,108.7,12.5,81.3,81,3.6,8.9,5.9,12.8,1,2.5,3.2,65.6,5.5,0.778,0.762,0.8,68.8,7,0.545
So,6-8,Brant Byers,Miami OH,MAC,10,F,73,2.4,2.2,0.9,2.8,-1.9,117.1,110.6,20.3,60.6,63.4,2.2,13.7,2.9,11.3,0.5,0.8,1.1,39.4,2.4,0.594,0.744,0.568,62.6,11.8,0.419
Sr,6-7,David Green,Tulsa,Amer,10,F,60.4,2.4,2.3,1.4,2.1,-0.7,109.2,105.4,26.8,49.5,52.4,6.8,16.6,13.4,11.6,1.1,3.4,2.4,38.5,3.6,0.543,0.65,0.542,53.8,13.4,0.304
So,6-2,Je'Shawn Stevenson,North Texas,Amer,11,G,81.5,2.4,3.3,2.3,2.6,-0.3,105.8,103.5,26.2,43.2,51.2,3.7,7.7,14.5,12.3,1.2,0.7,2.2,48.2,1.5,0.533,0.821,0.429,59.7,14,0.289
Sr,6-6,Anthony Dell'Orso,Arizona,B12,11,G,59.5,2.4,3.5,6,3.5,2.4,114.6,90.7,20.8,53.8,58.3,0.9,7.7,18,21.2,1.4,0.8,2.1,27.5,2.1,0.577,0.88,0.524,53.8,10.3,0.367
Fr,6-4,Trey McKenney,Michigan,B10,10,G,51.2,2.4,3.1,5.6,3.7,1.8,119.2,89.6,19.7,57.7,61.4,3.6,10.5,11.2,16.9,1.2,0,1.3,31,2.7,0.667,0.818,0.579,73.2,13.3,0.385
Jr,6-10,Miles Rubin,Loyola Chicago,A10,13,C,70.8,2.4,1.8,2.7,1.9,0.8,118,114.2,18.8,63.4,63.2,8.3,18.8,11.3,15.9,0.9,10.1,1.3,47.3,2.7,0.718,0.591,0.634,0,0,0
Sr,6-1,Josh Ward,Cal St. Fullerton,BW,10,G,78.4,2.4,2.5,1.9,1.8,0.1,109.9,109.4,21.9,51.3,55.8,2.2,17.9,14.3,11.9,1.6,1.5,2.3,37.3,3.4,0.615,0.773,0.551,41.5,8,0.306
Sr,6-1,Jalen Speer,Marshall,SB,12,G,77,2.4,2.6,0.2,1.6,-1.3,106.2,108.2,25.8,45.8,49.3,0,12,34.2,17.2,2.3,0.3,1.4,17.9,2.7,0.636,0.857,0.417,61.5,14.6,0.323
So,7-4,Daniel Jacobsen,Purdue,B10,12,C,40,2.4,2.6,10.5,4,6.6,126.9,86.8,22,68.9,69.1,12.1,18.9,6.4,17.2,0.6,18,0.6,49.2,4.8,0.769,0.667,0.709,9.8,1.9,0.333
Jr,6-2,K'Jei Parker,Massachusetts,MAC,12,G,53.6,2.4,2.1,4.9,3.7,1.2,123.9,104.4,20.9,61.4,65.6,0.9,7.4,24.8,18.1,1.9,0,2.3,25,4,0.385,0.957,0.528,60.9,11.7,0.446
Sr,6-3,CJ Hardy,Cal St. Bakersfield,BW,11,G,74.4,2.4,1.9,1.5,2.6,-1.1,109.5,114.6,23.8,49,58.5,2.7,14.6,22.8,20.6,1.1,2.3,2.4,60,3.3,0.513,0.873,0.478,36.2,6.4,0.342
Jr,6-9,Stephon Payne III,Seton Hall,BE,12,C,50,2.3,3.4,7.4,3.3,4.1,129.8,84.3,17.5,63.5,62.4,14.9,23.3,6.5,8.4,1.3,10.6,3.5,41.3,5.5,0.655,0.538,0.635,0,0,0
So,6-6,Ramone Seals,Kennesaw St.,CUSA,8,F,51.7,2.3,1.7,3,3.4,-0.4,129.6,109.1,17.9,58,62.9,6,18.7,3.3,10.2,1.2,3.8,0.9,46.4,3.8,0.594,0.808,0.594,42.9,7.3,0.375
So,6-2,Deuce Jones II,Saint Joseph's,A10,9,G,64,2.3,2.7,2.3,2.3,0.1,104.8,105.6,30.7,44.7,52.5,3.7,10.9,27.5,17.6,1.2,0.8,2.7,52.2,3.8,0.511,0.797,0.477,42.5,10.8,0.271
Sr,6-6,Carlos Hart,Eastern Michigan,MAC,11,G,82.5,2.3,2.8,1.2,1.5,-0.3,107.2,108.2,23.5,47.4,53.5,6,12.5,18.9,16.3,1.6,1.1,1.8,51.3,3.1,0.432,0.746,0.417,27,4.9,0.419
Jr,6-1,Makaih Williams,Grand Canyon,MWC,11,G,55.6,2.3,2.7,5.6,3.5,2.1,113.8,98.3,25.2,51.5,56.1,4.8,5.8,21.6,14.9,1.6,0,2.8,35.1,3.9,0.643,0.794,0.565,52.6,11.9,0.314
Fr,6-5,Rashund Washington Jr,Illinois Chicago,MVC,10,F,58.4,2.3,2,4.3,4.3,0,125.1,108,17.8,62.7,64,8.4,16.7,10.4,15.4,0.9,2.2,2.2,29.9,2.6,0.806,0.7,0.75,46.3,7.7,0.323
Jr,6-5,Caleb Foster,Duke,ACC,12,G,63.2,2.3,3.6,4,2,2,117.9,91.6,17.1,55.6,57,2.4,12.3,16.8,15.2,2.3,0.8,0.9,35.8,3,0.429,0.621,0.5,48.1,7.2,0.41
Sr,6-11,Carson Cooper,Michigan St.,B10,12,C,61.9,2.3,4,6.6,1.9,4.7,113.8,86.5,21,53,59,9.3,22,10.5,19,0.9,5.6,1.6,60.2,3.4,0.647,0.76,0.55,3.6,0.6,0
Fr,6-9,Mohammad Habhab,Eastern Michigan,MAC,11,F,85.6,2.3,3.4,2.2,1.4,0.8,105.8,104.4,24,45.4,49.7,6.7,19,18.3,12.2,1.7,2.2,2.1,31.2,2.1,0.5,0.75,0.46,10.6,2.3,0.267
Sr,6-8,Nana Owusu-Anane,Grand Canyon,MWC,11,C,73.6,2.3,4,4.8,2.6,2.2,115.4,93.8,18.7,50,53.2,11.7,25.4,16,14.2,1.8,2.6,1.4,31.1,3,0.581,0.714,0.508,34.4,5.5,0.323
Jr,7-0,Patrick Wessler,UNC Wilmington,CAA,11,C,58,2.3,2.6,1.4,1.8,-0.5,113.9,100.7,25.6,54,57,16.8,22.4,6.8,16.7,0.6,2.4,1.7,52.9,4.2,0.603,0.652,0.54,0,0,0
So,6-9,Grant Randall,Quinnipiac,MAAC,12,F,74.6,2.3,2.8,1.4,1.1,0.3,123.4,105.6,14.1,52.6,55.3,6.2,16.3,2,3.3,0.8,1.9,2.3,28.9,3,0.652,0.714,0.577,46.4,7,0.311
Sr,6-1,Jestin Porter,Clemson,ACC,12,G,55.6,2.3,2.5,4.3,3.8,0.6,116.1,100.2,22.3,47.2,51.1,5.1,5.6,11.8,6.9,2.4,0,2.2,29.9,2.1,0.37,0.75,0.325,62.6,14.8,0.373
Jr,6-10,Isaac Traudt,Creighton,BE,12,F,46.3,2.3,1.9,3.5,4.1,-0.6,132,103.5,15.2,58.1,60.3,4.2,12.8,5.6,1.7,7,0.4,0,20.6,2.9,0.571,0.786,0.5,85.3,15.2,0.397
So,7-1,Bukky Oboye,Santa Clara,WCC,11,C,42.9,2.3,2,4.6,1.8,2.9,127.1,101.9,18.2,74.2,72.4,10.6,14.1,5.7,18.4,0.5,9.9,1.7,36.7,8,0.813,0.591,0.769,13.3,2.2,0.375
Sr,6-6,Trent Johnson,Houston Christian,Slnd,10,G,78.7,2.3,1.3,1.1,3.3,-2.3,126.3,120.7,13.5,62.1,64.1,5.4,10.4,13.6,14.2,2.3,1.6,1,22.6,1.3,0.333,0.786,0.412,72.6,8.7,0.467
Jr,6-3,Anthony Robinson II,Missouri,SEC,12,G,74.6,2.3,3.4,4.1,1.3,2.8,117.7,100.1,18.9,52.7,56.6,3.6,10.7,18.3,18.2,2,2.2,4.1,52.2,4.5,0.656,0.688,0.537,41.3,5.9,0.342
Jr,6-1,Meechie White,Eastern Illinois,OVC,10,G,69.5,2.3,2,0.6,0.5,0.1,110.8,112.3,20.1,58.6,65.2,3.4,11.9,20.1,23.2,1.2,0.4,3.2,59.4,3.7,0.609,0.842,0.571,34.4,4.7,0.409
Sr,6-6,Tristan Smith,Northern Iowa,MVC,10,F,60.3,2.3,3.7,4.5,1.4,3.2,111.5,88.4,26.8,53.9,57.6,9.6,17.5,19.5,14,1.6,4,2,65.8,4.2,0.594,0.66,0.551,9.2,1.7,0.286
Sr,6-8,Terri Miller Jr.,Portland St.,BSky,8,F,75.6,2.3,3.1,3.5,2.6,0.9,105.1,103.6,28.4,57.4,59.5,8.9,12.2,22.1,23.9,1,2.7,1.9,31.6,4.3,0.622,0.7,0.547,32.6,7.2,0.419
Fr,6-0,Quinn Woidke,Kent St.,MAC,10,G,48,2.3,1.3,3.8,4.7,-0.9,131.8,113.4,17.8,64.1,67.2,1.8,14.3,13.8,13.6,1.9,0,0.5,34.4,4.3,0.5,0.818,0.5,84.4,14.5,0.444
Sr,6-3,Tayton Conerway,Indiana,B10,12,G,66.1,2.3,3.8,5.9,2.1,3.8,108.9,91,25.2,56.7,59.9,4.9,9.3,30,24.8,1.5,1.3,3.7,41.2,3.5,0.717,0.725,0.69,40.2,7,0.256
Jr,6-3,AC Bryant,Jacksonville St.,CUSA,8,G,69.9,2.3,2.5,4.8,4.1,0.7,116.1,107.1,19.7,59.3,58.7,3.3,15,6.7,8.2,1.3,0,3,19.8,3,0.5,0.5,0.5,77.8,17,0.413
Sr,6-9,Leonardo Bettiol,Massachusetts,MAC,12,C,70.3,2.3,3.1,2.3,0.9,1.4,107.2,100.9,27.8,56.9,60,9.4,23.4,18.5,21.9,0.8,1.1,1.3,63.7,5.5,0.62,0.671,0.566,1.6,0.3,0.5
Sr,6-6,Caleb Shaw,Grand Canyon,MWC,11,G,52.2,2.3,2.6,6.9,4.5,2.5,124.7,96.9,18.5,70.7,71.3,5.7,15.9,12.1,20.2,0.9,0,2,17.1,3.8,0.733,0.75,0.706,51.4,9,0.472
Sr,6-6,Ziare Wells,Oakland,Horz,12,G,63.8,2.3,1.6,1.6,3.1,-1.5,113.9,114.8,18.3,53.5,56.4,4.3,16,10,9.7,1.7,0.7,1.6,25.3,1.7,0.604,0.76,0.506,18.2,3.2,0.444
Sr,6-5,Ilias Kamardine,Mississippi,SEC,12,G,75.3,2.3,3.3,4,2.5,1.5,107.5,100.8,22.1,53.2,55.7,1.3,11.3,29,20.1,1.9,2.7,2.5,30.3,2.8,0.783,0.697,0.552,38.5,6.9,0.333
Jr,6-6,Mookie Cook,San Francisco,WCC,11,F,64.8,2.3,2.9,6.4,3.5,2.9,112.3,101.1,21.8,58,58.8,7.7,15.2,19.2,19.6,1.1,5.1,2.3,37,4.8,0.526,0.6,0.5,43.2,7.5,0.457
So,6-0,Quel'Ron House,Southern Illinois,MVC,11,G,71.7,2.3,2.7,1.6,0.9,0.8,107.5,105.6,24.3,52.6,55.3,1.5,9.1,18.6,16.3,1.4,0.4,2.8,19.3,3.3,0.633,0.808,0.551,12.6,2.9,0.235
Sr,6-5,Michael Zanoni,Penn,Ivy,10,G,63.8,2.3,1.4,0.5,2.4,-1.9,122.8,116.7,16.8,55.1,58.8,2.5,7.8,4,5.3,1.5,0,0.9,19.3,2,0.75,0.941,0.5,54.5,10.7,0.396
Sr,6-2,Zion Fruster,Eastern Illinois,OVC,8,G,64.7,2.3,1.8,1.5,1.9,-0.4,101,116.4,27.2,46.3,52.7,1.8,12.7,14.6,13.4,0.9,0.5,2.7,33,2.1,0.605,0.889,0.44,22.9,5.7,0.36
Jr,6-4,Christian Bliss,Delaware,CUSA,10,G,96,2.3,3.1,0.4,0.6,-0.3,102.2,109.7,25.3,48.4,52.8,2,15.4,32.6,21.4,1.9,0.9,2.9,26.2,2.1,0.448,0.844,0.383,50.8,9.6,0.387
So,6-4,Wesley Yates III,Washington,B10,11,G,76.3,2.3,3.7,3.5,2.1,1.4,110.5,98.3,21.8,48.4,53.4,3.9,9.8,5.3,13.6,0.6,0.6,3,40.3,2.3,0.553,0.75,0.459,52.7,11.2,0.338
Sr,6-1,Kolby King,Utah St.,MWC,10,G,53.2,2.3,2.8,5.6,4,1.6,128,95.4,15.9,62,66.5,4.1,18.7,10.4,16.9,1.5,0,2.2,46,2,0.75,0.826,0.684,62,8.3,0.387
Sr,6-7,Djahi Binet,Southern Miss,SB,11,C,58,2.3,1.8,2,2.9,-0.8,122,110.6,18.5,61.5,63.7,14.9,17,10.4,17.1,1.1,3,1.1,78.8,3.7,0.667,0.659,0.615,0,0,0
So,6-7,Blake Harper,Creighton,BE,12,F,51.6,2.3,2.6,4,2.2,1.8,114.9,96.1,22.9,50.7,58.4,5.6,20.9,15.8,16.4,1.4,0,1.9,58.7,3.2,0.636,0.818,0.469,34.7,6.1,0.385
Fr,6-7,Stefan Vaaks,Providence,BE,13,G,70.5,2.3,1.9,0.9,2.9,-2,108.3,113.6,23,51,54.2,2.5,5.8,19,16.9,1.6,1.1,2,24.5,2.4,0.64,0.771,0.524,70.6,14.5,0.337
Sr,6-5,Kobe Knox,South Carolina,SEC,11,G,69.7,2.3,2.9,2.2,0.9,1.3,118.6,102.7,17.9,52.1,60.2,4.6,6.6,17.5,16.8,1.9,0.6,1.7,50.7,3.2,0.778,0.889,0.658,46.5,6.2,0.242
Jr,6-4,Simeon Wilcher,Texas,SEC,11,G,53.7,2.3,2.5,5.6,3.7,1.9,121.2,99.6,19.5,55.8,62.3,2.9,10.1,15.4,19.6,1,2.2,2.2,39.1,3.7,0.45,0.926,0.419,55.1,9.1,0.447
So,6-9,Hank Alvey,Lehigh,Pat,11,C,68.4,2.3,2.3,2.3,1.9,0.3,110,108.8,23.4,60.4,60.6,10.2,18.6,19.1,19.7,1,5,1.7,58.5,3,0.6,0.583,0.6,8.5,1.3,0.429
Sr,6-2,Kyle Carlesimo,Colgate,Pat,10,G,61.8,2.3,1.6,1.6,3,-1.4,119.7,113.9,16.6,60.8,61.3,1.5,7.4,8,8.5,1.4,0,1.9,2.5,2.7,0.714,1,0.517,63.3,11.8,0.44
Jr,6-5,Isaac Taveras,Southern Miss,SB,10,G,59.8,2.2,2.8,4.6,2.9,1.7,102.1,102.2,32,56.8,56.5,8.1,19.6,21.3,21.2,0.8,1.4,4.8,28,4.8,0.618,0.514,0.591,12,3.3,0.267
Jr,6-7,Thomas Batties II,Harvard,Ivy,11,F,74.2,2.2,2.1,1.7,2,-0.3,118.2,112.7,17.7,60.7,62.6,5.8,9.6,16.5,18.1,1.7,5,1.1,9.5,2.7,0.517,1,0.438,42.9,6.8,0.556
So,6-4,Roberts Blums,Davidson,A10,10,G,48.4,2.2,1.7,2.6,3.6,-1,120.3,107.6,22.5,56.8,61.1,2,14.1,9.8,9.9,1.2,0,0.6,45.5,3.9,0.8,0.767,0.581,53,11.1,0.371
Jr,6-8,Xavier Edmonds,TCU,B12,11,F,47,2.2,2.6,5.4,2,3.3,119,92.8,22.7,58.7,61.8,11.9,12.9,12.5,15.8,1,3.4,2.7,57.1,6.3,0.611,0.694,0.618,12.7,2.2,0.25
So,6-1,Jahari Williamson,Kent St.,MAC,10,G,52.3,2.2,1.5,2.8,2.7,0,135.6,111.6,13.8,63.1,66.5,1.6,5.8,3.3,7.1,1.5,0,2.7,36.1,3,0.583,0.818,0.5,77,11.6,0.447
So,6-10,Devin Williams,Florida Atlantic,Amer,10,C,55.5,2.2,2.1,5.3,3.2,2,123.2,105.6,16.3,60.8,60.7,9.9,14.6,9,14.2,1.3,14.9,0,15,3.2,0.529,0.556,0.561,31.7,4.9,0.474
So,6-3,Jahvin Carter,Middle Tennessee,CUSA,8,G,69,2.2,2.3,1.8,2.9,-1.1,107.2,109.3,22.5,50.6,52.4,3.3,8.5,19,13.8,2.4,0,1.3,16.3,2.4,0.55,0.714,0.522,46.5,10.4,0.325
Sr,6-1,Myles Corey,Rhode Island,A10,12,G,61,2.2,2.7,5.3,2.9,2.4,118.7,100.6,20.6,61.5,65.6,4.6,8.9,15,20.6,1,3,3.1,48.7,2.7,0.783,0.789,0.75,33.3,5.3,0.231
Jr,6-6,Nils Cooper,UC Davis,BW,8,G,65.7,2.2,2.9,1.6,1.2,0.4,105.2,104.4,23.5,61,62,3.7,14.2,13.5,20.3,0.7,1.3,3.3,45.5,2.7,0.757,0.629,0.641,16.9,3.1,0.308
Sr,6-5,Tramon Mark,Texas,SEC,11,G,61.9,2.2,2.8,4.9,3,1.8,116.5,100.7,19.7,53.5,56.4,3.8,8.4,15.2,14.7,1.7,2.6,1.9,37.6,2.6,0.76,0.688,0.681,44.7,7.9,0.237
So,6-3,All Wright,Xavier,BE,13,G,63.4,2.2,2.4,1.7,1.1,0.6,119.4,105.6,15.8,56.7,59.3,0.9,8.2,16.8,9.7,3.3,0.3,1.9,16.5,3.5,0.615,0.875,0.449,49.5,8.1,0.458
So,6-4,Trent Perry,UCLA,B10,11,G,49,2.2,2.1,2.9,2.5,0.4,117.1,105,21,58.2,61.3,2.7,8.7,17.5,16.7,1.6,0,1.5,50.7,3.2,0.6,0.706,0.6,40.3,6.8,0.37
Sr,6-8,Austin Green,UMass Lowell,AE,11,C,63.7,2.2,1.4,0.1,2.5,-2.4,108.1,116.9,25.8,61.1,59.8,11.3,17.4,6.9,16.1,0.7,1.1,1.8,74.7,2.7,0.658,0.535,0.611,0,0,0
Jr,6-5,Quion Williams,Arkansas Pine Bluff,SWAC,11,G,87.5,2.2,1.9,1.2,2.1,-0.9,100.7,117.1,24.6,50,54.8,5.3,15.5,30.1,22.5,1.7,2.3,2.7,39.2,3,0.651,0.765,0.52,21.5,3.9,0.286
So,6-4,Tey Barbour,Harvard,Ivy,11,G,81.2,2.2,2.5,0.3,1.5,-1.1,116.4,110.6,17.4,59.3,63.1,2.3,20,9,15.9,0.9,1.1,1.4,29.7,2.5,0.688,0.852,0.577,71.4,11.2,0.4
Jr,6-8,KyeRon Lindsay-Martin,UAB,Amer,11,C,55.4,2.2,2.3,1.1,1.9,-0.8,120.5,103,20.6,53.8,58,17.2,15.3,2.2,13.3,0.2,5.1,1.8,38.5,3.9,0.63,0.767,0.538,0,0,0
Sr,6-8,N.J. Benson,DePaul,BE,12,C,56.7,2.2,2.6,5.3,4.2,1.1,119.8,99.4,20.8,72.2,67.6,11.4,21.9,12.7,16,0.9,5,0.2,55.7,2.5,0.769,0.477,0.731,1.3,0.2,0
Sr,6-4,Lamar Washington,Georgia Tech,ACC,10,G,59.6,2.2,3.4,2,0.7,1.2,109.9,99.4,22.3,47.6,53.6,3,13.6,37.9,19.8,2.6,0.4,2.5,43.5,3.6,0.441,0.784,0.435,27.1,4.4,0.391
Sr,6-8,Owen Dease,Valparaiso,MVC,9,F,47.8,2.2,1.7,3.5,3.8,-0.3,122.7,110.2,18.9,57,61,5.2,8.5,10.8,12.9,1,1.2,1.5,18.8,2.3,0.765,1,0.606,48.4,9.5,0.355
Jr,6-7,Liutauras Lelevicius,TCU,B12,11,G,58.7,2.2,2.9,3.1,1.8,1.3,126.7,97.3,13.7,54,60.2,3.6,14.1,7.5,9.7,1.8,0.9,1.3,29,2,0.824,1,0.778,71,9.7,0.295
Jr,6-9,Chase Walker,Illinois St.,MVC,11,F,55.7,2.2,2.8,3.1,1,2,107,96.6,30.9,48.9,55.1,10.6,17,22.3,19.7,1.1,1.8,2.4,65.6,6,0.66,0.712,0.532,14.4,3,0.154
Sr,6-4,DJ Armstrong,UMBC,AE,9,G,83.5,2.2,1.9,0.9,2.3,-1.4,116.9,116.6,17.4,58.6,61.5,0.4,9.2,17.6,15.6,1.7,1.3,0.6,19.8,2,0.833,0.875,0.556,77.8,12.2,0.397
Sr,6-0,DeJour Reaves,Fordham,A10,9,G,83.2,2.2,3.3,1.6,1.1,0.4,105.2,103.9,28.2,48.5,50.9,5.4,10.6,23.9,17.5,1.5,0.4,3.1,11.9,2,0.528,0.875,0.505,26.1,7.2,0.286
Sr,6-7,Amarri Monroe,Quinnipiac,MAAC,12,G,78.8,2.2,3.8,5.1,1.8,3.3,105.4,98,24.6,49.7,52.5,3.8,20,16.1,15.6,1.2,3,4.7,15.9,3,0.696,0.846,0.564,32.9,8,0.241
Sr,6-5,Toneari Lane,San Diego,WCC,10,G,62.9,2.2,1.4,1.3,3.7,-2.5,122,117.2,16.8,55.8,58.9,2.3,5.6,4.8,6.9,1.4,0.5,1.8,14,1.3,0.692,1,0.682,74.4,14.8,0.344
So,6-6,Eli Robinson,Air Force,MWC,12,G,78.1,2.2,2.7,0.8,0.3,0.5,116.8,108.2,17.1,61.6,64.1,6.7,17.3,18.6,19.5,1.4,1.5,2.5,24.4,3.6,0.66,0.81,0.586,18.6,2.5,0.5
So,6-3,Boogie Fland,Florida,SEC,12,G,72.2,2.2,3.9,3.9,0.3,3.6,110.3,93.9,19.1,45.6,51,2.4,4.7,14.7,16.5,1.5,0.9,3.2,39.5,3.5,0.7,0.756,0.548,45.6,8.2,0.231
Sr,6-3,Eric Parnell,Fairleigh Dickinson,NEC,8,G,67.7,2.2,0.7,0.2,3.3,-3.1,115.5,125.6,18.9,54.8,56.4,1.9,9,8.9,8.4,1.6,1.1,1.1,7.1,2.6,0.778,1,0.526,77.4,17.2,0.369
Sr,6-2,Zaire Hayes,Texas Southern,SWAC,6,G,43.1,2.2,0.6,1,3.1,-2.1,113.4,125.7,20.8,57.6,63.2,0,5.1,10.2,16.9,0.5,0.9,1.6,39.1,3.4,0.5,0.889,0.481,41.3,7.4,0.474
Sr,6-3,Prophet Johnson,Sacramento St.,BSky,7,G,76.1,2.2,3.7,5,2.7,2.2,106,102.6,21.3,50.7,54.3,5.6,21.4,23.1,18.4,1.7,0.9,3.9,40,2.3,0.563,0.7,0.51,32,5.5,0.333
Sr,6-10,Tre-Vaughn Minott,Portland St.,BSky,8,C,73.8,2.2,3.2,2,0.9,1.1,121.9,101.3,15.6,61.3,61.1,11,17.5,3.5,10.7,0.5,2.8,1.9,25.8,4.1,0.66,0.563,0.613,0,0,0
Sr,6-2,Nik Graves,Creighton,BE,12,G,62.3,2.2,3,3.8,1.3,2.5,109.7,98.3,22.2,49.5,53.8,1.9,10.9,25.4,17.5,2.1,0.3,2.9,37.6,2.9,0.708,0.743,0.524,54.8,9.9,0.314
Jr,6-7,Tavion Banks,Iowa,B10,12,F,52.1,2.2,3.2,3.6,1.5,2.2,113.7,89,24,58.1,62,10.4,19.4,9.4,19.6,0.7,2.1,3,69.1,4.6,0.565,0.702,0.561,16.2,2.7,0.455
Sr,6-8,Darius Duffy,Purdue Fort Wayne,Horz,10,C,64.2,2.1,1.6,0.4,1.4,-1,127.5,115.4,13.2,72.5,64.2,13.8,10.2,6.7,13.1,1.4,7.9,2.4,60,2.6,0.725,0.333,0.725,0,0,0
Fr,5-11,Aiden Argabright,Richmond,A10,11,G,50.9,2.1,2.3,2.2,0.4,1.8,120.6,100.2,22.9,47.7,60.2,1,10,15.2,11.8,1.9,0,3.2,106.3,4.4,0.4,0.809,0.5,46.9,7.3,0.3
Sr,6-3,Davian Brown,Montana St.,BSky,10,G,59.4,2.1,2,3.5,4.6,-1.1,111.8,108.2,24.3,53.6,55.6,5.6,11.3,9.6,12.1,1,0.5,1.7,19.6,2.8,0.579,0.737,0.485,66,15.7,0.375
Jr,6-11,Ernest Udeh Jr.,Miami FL,ACC,10,C,49.2,2.1,3.8,6.1,3,3,129.9,86.1,12.8,76.2,65.8,13.5,29.7,3.1,9.1,1,7.3,1.6,71.4,4.2,0.78,0.333,0.762,0,0,0
Jr,6-5,Chris Mubiru,Northwestern St.,Slnd,9,G,59.5,2.1,0.8,0.1,2.1,-2,122,123.7,14.6,58.3,61.7,4.6,11.3,19.3,15.1,2.6,1.7,1.4,33.3,3.7,0.733,0.786,0.667,50,5.8,0.333
Jr,6-2,Nick Jones,Wagner,NEC,8,G,71.8,2.1,2.2,2.1,1,1,104.3,110.4,26.7,49.4,56,2.4,10.4,15.4,19.3,0.8,2.3,3.9,47.7,4.1,0.462,0.81,0.469,27.3,5.9,0.375
Sr,6-4,Marcell McCreary,UT Arlington,WAC,9,G,77.5,2.1,3.6,4.2,2.7,1.5,108.4,99.7,21.4,47.2,53.2,5.7,15,12.5,15.9,1.2,1.2,3,37.8,1.7,0.483,0.824,0.479,46.7,8.9,0.31
Jr,6-8,Gavin Griffiths,Temple,Amer,10,F,62.2,2.1,2.3,6.8,5.9,0.9,115.2,109,17.8,58.7,59.6,2.7,16.1,9,12.3,1.2,8,2.6,7,1.6,0.769,0.833,0.52,70.9,13.4,0.41
Fr,6-6,Martin Kalu,Charleston,CAA,12,G,69.8,2.1,2.1,0.8,2.5,-1.7,115.1,111.6,19.6,51.4,56.5,5.5,12.8,6.7,11.5,0.9,0.7,1.7,40.4,2.7,0.625,0.786,0.487,62.5,11.3,0.354
Fr,6-9,Allen Graves,Santa Clara,WCC,12,F,59.4,2.1,3.2,7.2,3,4.3,114.2,93.9,19.9,47.8,49.6,13,20.8,14.4,13.1,2,6.3,4.9,31.5,5.9,0.5,0.586,0.446,29.3,5.4,0.37
Sr,6-7,Addison Patterson,Eastern Michigan,MAC,11,G,69.2,2.1,2.4,2.9,2.5,0.4,113.5,107.4,19.9,60,60.2,6.8,13.1,15.8,17.2,1.5,1.7,1.9,26.7,2.6,0.667,0.583,0.618,24.4,4.2,0.364
Jr,6-2,Jacob Meyer,UAB,Amer,10,G,63.7,2.1,2.3,0.1,1.5,-1.4,110.4,109.1,22.4,47.9,52,4.9,9.7,7.7,11.5,1,0,1.2,24.4,2.1,0.69,0.828,0.5,34.5,8.2,0.293
Sr,6-0,Kylin Green,Houston Christian,Slnd,10,G,77.3,2.1,1.7,0.2,1.7,-1.5,108.1,117,24.4,50,52.9,3.5,13.2,35.3,17.7,2.5,0,2.6,41.9,2.4,0.528,0.641,0.476,32.3,5.9,0.367
So,6-5,Felix Kossaras,Colorado,B12,12,G,56.4,2.1,1.8,0.6,1.1,-0.5,132.9,110.3,11.6,68.9,71,3.7,5.8,4.6,14.3,1,1.5,1.5,30.2,4.8,0.667,0.813,0.708,54.7,6,0.448
Sr,6-8,Lamin Sabally,Iona,MAAC,13,F,75.6,2.1,3.4,4.1,1.6,2.6,108.2,100.1,22.9,53.2,55.3,8.7,18.8,19.3,18,1.4,2.2,3.8,62.2,2.9,0.647,0.594,0.567,6.3,1,0
Fr,6-10,Najai Hines,Seton Hall,BE,11,C,41.8,2.1,2.7,6.1,2.2,4,127.1,89.8,18.7,61.8,64.2,16,19.2,6.9,14.2,0.8,18,0.9,30.9,5.4,0.617,0.765,0.618,0,0,0
Sr,6-6,Kobe MaGee,Florida St.,ACC,12,G,60.9,2.1,2.6,4.5,3.4,1.1,117.5,102.1,18.1,51.9,55.5,5.4,11.4,8.4,10.7,1.3,0.4,3.4,23.4,2.9,0.632,0.84,0.625,77.6,14.6,0.325
Sr,6-10,Malek Abdelgowad,Southern,SWAC,9,C,43.8,2.1,1.3,4.8,5.7,-0.9,111.8,111,28.8,66.2,66.4,12.7,27.9,7.9,22,0.3,2.8,2,41.2,4.4,0.69,0.643,0.619,7.4,1.7,0.8
Sr,6-2,Zach Bloch,Northern Colorado,BSky,9,G,83.8,2.1,2.8,1.9,1.1,0.8,118.2,109,16.3,61.9,63.5,0.8,11.2,13.6,16.7,2.3,0,2.7,23.8,2.5,0.5,0.737,0.391,71.3,10.4,0.474
Sr,6-8,Keith Palek III,Missouri St.,CUSA,7,F,77.6,2.1,2.4,1,2.2,-1.2,96.4,110.3,33.8,46.5,51.1,4.9,21.9,25.5,17.9,1.3,1.1,1.9,45.5,3.3,0.704,0.689,0.508,38.4,10.5,0.263
Jr,6-6,Jahni Summers,Sacramento St.,BSky,8,G,60.6,2.1,1.8,3.5,3.1,0.4,121,111.3,15.9,62.1,63.6,2.5,8.2,4.8,12.8,0.9,1.8,2.3,20.7,3.9,0.615,0.75,0.474,67.2,11.3,0.462
Sr,6-4,Trae Broadnax,Rice,Amer,11,G,72.7,2.1,2.6,2.6,2.1,0.5,105.1,107.3,25,45.7,51.7,3.5,17.9,19.4,16.3,1.4,1.9,2.7,32.6,3.9,0.417,0.857,0.417,34.9,8,0.356
Jr,6-3,Kalen Garry,South Dakota St.,Sum,11,G,70.8,2.1,2.4,2.8,2.9,-0.1,111.9,108.3,19,53.8,54,5.1,15.8,20.4,13.8,2.3,0.4,1.5,20.7,3,0.478,0.526,0.45,56.5,9.7,0.404
Sr,6-4,Daylen Berry,Winthrop,BSth,11,G,67.1,2.1,1.6,0.2,2.3,-2.1,110.4,115.9,22.6,51,56.8,2.4,14.7,13.8,17.3,1.4,0,1.1,41.9,3.2,0.6,0.818,0.481,50.5,9.9,0.358
Jr,6-6,Josh Scovens,Davidson,A10,10,G,61,2.1,2.6,1.7,1.3,0.4,110.6,102.6,23.7,53.9,55.5,7.9,12.7,12.1,12.7,1,1.9,2.8,53.9,3.6,0.611,0.585,0.522,11.8,2.3,0.444
Fr,6-5,Patton Pinkins,Mississippi,SEC,12,G,41.9,2.1,1.4,3,4.3,-1.2,131.5,108.2,16,56,59.7,2.9,5.6,9.9,1.8,10,1.2,0.6,32.8,1.4,0.625,0.789,0.5,44.8,7.7,0.423
Jr,6-3,Uriyah Rojas,Wyoming,MWC,11,G,40.8,2.1,1.5,5.4,5.8,-0.4,130,105.8,19.3,60.3,61.2,3.1,10.9,17.9,9.5,3,0,1.5,14.7,1.6,0.722,0.7,0.571,48.5,10.1,0.424
Sr,6-10,Andrew Holifield,Lamar,Slnd,9,C,77.2,2.1,3,4.2,2.5,1.7,108.4,105,21.8,50,53.4,4.5,18.1,12.5,12.5,1.4,10.1,1.7,36.7,2.7,0.739,0.694,0.5,49,10,0.333
Fr,6-9,Alon Michaeli,Colorado,B12,11,C,44.2,2.1,1.8,1.6,3.1,-1.6,116.9,106,23.7,55.1,57.9,7.7,21.1,10.3,12.3,1.1,1.9,0.8,25,3,0.542,0.773,0.53,25,5.8,0.409
Jr,6-6,Rodney Brown Jr.,Loyola Marymount,WCC,11,G,76.9,2.1,3.1,1.5,2,-0.6,110,103.8,21.3,54,56.1,2.7,6.6,13.8,15,1.3,0,1.2,17.7,1.9,0.333,0.773,0.457,71.8,15,0.382
Jr,6-1,Urban Klavzar,Florida,SEC,12,G,52.2,2.1,2.4,3.7,2.9,0.9,120.9,99.3,17,50,55.7,2.1,4.1,10.6,15.3,1.3,0.4,0.9,29.3,2.2,0.455,0.917,0.421,76.8,13.7,0.349
Jr,6-5,Desmond Claude,Washington,B10,7,G,46.2,2.1,2.9,0.5,1.5,-1,103.8,103.2,25.1,43.6,49.9,3.7,8.3,16.2,17.3,1.1,0.5,0.8,32.6,1.9,0.467,0.857,0.441,20.9,4.9,0.278
Sr,6-3,Marcus Hill,Texas A&M,SEC,11,G,58,2.1,2.4,3.5,2.1,1.4,114.8,102.5,23.2,52.2,57.1,5.6,9,17.5,15.1,1.5,0.5,3.3,65.2,3.1,0.647,0.69,0.59,31.5,5.8,0.25
So,6-9,Maban Jabriel,Queens,ASun,11,F,51.3,2.1,1,2.8,4.6,-1.8,128.4,118.4,16,71.4,73,7.7,16.8,10.5,21.7,1.1,0.5,2.2,16.1,3.2,0.632,0.889,0.64,55.4,7.7,0.516
Sr,6-8,Josh Reed,Penn St.,B10,12,F,60.3,2.1,2,1.2,1.8,-0.6,118.4,109,18.8,51.2,57.9,5.9,14.9,6.6,10.8,1.1,0.4,2.8,43.2,2.3,0.618,0.857,0.62,38.3,6.3,0.226
So,6-3,Makhai Valentine,Northern Illinois,MAC,10,G,70.6,2.1,1.7,1.9,3.1,-1.2,114,116,18.9,51.6,55.8,7.1,17.9,5.6,13.9,0.6,0.4,2.7,29,3,0.727,0.815,0.581,66.7,12.5,0.323
So,6-2,Styles Phipps,Pepperdine,WCC,11,G,88.8,2.1,3.2,0.5,0.5,0,105.8,106.8,23.1,50,53.4,6.7,15,32.4,20.8,1.9,0.9,1.5,34.8,2.7,0.638,0.7,0.518,26.1,4.5,0.3
Sr,6-10,Mohamed Wague,Oklahoma,SEC,11,C,58.4,2.1,2.6,3.3,1.4,1.9,120.1,100.7,17.2,63.3,61.5,14,18.8,9.4,17.8,1.1,7.9,1.5,79.6,5.3,0.667,0.538,0.66,4.1,0.4,0
So,6-4,Brandon Jennings,VCU,A10,12,G,51.9,2.1,2.8,5.6,1.1,4.5,120.5,94.6,19.3,50.8,60.7,5.3,11.4,18.7,19.4,1.6,2.8,4.7,61.9,5.5,0.455,0.897,0.5,27,3.7,0.353
Jr,6-4,Po'Boigh King,Sam Houston St.,CUSA,8,G,70.2,2.1,2.1,0,1.6,-1.6,117.1,111.2,16.8,52.1,55.9,2.4,4.8,6.8,13.3,1.1,1.7,1.2,25.4,2.1,0.25,0.833,0.385,63.4,11.1,0.4
So,6-6,Ofri Naveh,Oral Roberts,Sum,10,G,67.9,2.1,2.2,1.5,1.7,-0.2,107.2,111.6,22,54.3,58.3,5.1,12.5,11.7,18,0.8,2.1,2.8,44.6,2.7,0.596,0.732,0.521,20.7,3.6,0.421
Sr,6-10,Elijah Malone,Colorado,B12,12,C,43.7,2.1,1.8,4.2,2.5,1.7,128.4,102.9,17.9,60.9,64.2,12.5,16.5,11,15,1.4,3.9,2.4,30.9,5.8,0.575,0.824,0.592,10.9,1.6,0.5
So,6-9,Luke Wilson,Appalachian St.,SB,12,C,65.8,2.1,2.6,2.8,1.8,1,120.4,104.6,17.2,64.4,62.3,8.7,19.3,4.1,10.1,0.8,7.9,0.8,110.2,2.1,0.686,0.554,0.644,0,0,0
Sr,6-3,Adrian McIntyre,San Diego,WCC,10,G,53.8,2.1,1.5,3.4,3.9,-0.5,121.1,112.3,18.9,59.2,61.5,8,9,20.1,17.2,2,0,3.5,10.8,2,0.676,1,0.625,38.5,6.8,0.36
Fr,6-4,Cayden Boozer,Duke,ACC,12,G,47.2,2.1,2.8,5.1,2,3.2,121.4,89.4,18,55.6,59.6,1.1,9.5,26.4,19.3,2.7,1,2.5,44.4,3,0.611,0.75,0.581,42.6,5.7,0.348
Jr,6-10,Connor Turnbull,Evansville,MVC,8,C,45.2,2.1,2.3,7.2,3.8,3.4,102.5,103.3,31.9,57.5,60.3,6.8,24.1,16.9,20.1,0.6,16.7,1,32.2,4.2,0.722,0.75,0.579,12.6,3.5,0.364
Jr,6-3,Jacoi Hutchinson,Longwood,BSth,12,G,68,2.1,1.5,1,2.2,-1.2,112,116.7,23.3,45.9,54,3.7,8.9,29.2,14.7,2,0.8,2.6,49.5,2.5,0.526,0.836,0.506,25.2,4.8,0.214
Sr,6-3,Alex Huibregtse,Bradley,MVC,11,G,76.9,2.1,3,2.2,2.6,-0.4,116.4,104.6,16.9,59.7,60.8,1.6,11.2,9,12.7,1.4,0.4,2,7.4,2.4,1,0.875,0.5,77.8,13.9,0.417
Fr,6-5,CJ Shaw,UC Santa Barbara,BW,10,G,56,2.1,1.2,0.2,1.7,-1.6,125.9,117,15.6,55.7,62.1,5.5,5,12.6,13.5,1.7,0.6,2.1,70.5,2.8,0.593,0.774,0.548,29.5,3.4,0.385
Sr,6-7,Nigel Burris,Weber St.,BSky,11,F,51.1,2.1,1.7,1.7,2.1,-0.4,118.9,109.5,19.7,59.4,64.8,8.9,17.5,5.7,18.7,0.5,1.4,2,48.4,6,0.684,0.839,0.619,34.4,5.4,0.364
Sr,5-10,Colin Porter,Liberty,CUSA,7,G,74.5,2.1,3.2,0.6,0.3,0.3,112.5,105.4,16.5,61.6,64.4,0,7.6,13,18.7,2.2,0,2.8,14.3,2.7,0.813,1,0.682,60.7,8.7,0.382
Sr,6-5,AJ Lopez,Richmond,A10,11,G,52,2.1,2.2,3.9,3.4,0.6,117.2,101.8,24,56,62.6,0.5,12.5,10.8,14,0.9,3.3,1.5,59.5,2.8,0.643,0.82,0.58,40.5,8.2,0.353
Fr,6-9,Tyrin Jones,UNLV,MWC,11,C,64.2,2,2.3,5,3.8,1.2,114.7,106.9,18.6,62.7,59.3,9.6,13.3,13.6,14.2,1.5,9,1.9,83.6,2.7,0.661,0.482,0.627,0,0,0
Jr,6-0,Brock Harding,TCU,B12,11,G,82.7,2,4.4,4.3,1.2,3.2,109.1,94.2,18.4,48,50,1.6,7.7,30.1,17,3,1,3.7,21,1.6,0.704,0.667,0.516,36,5.7,0.278
Jr,6-10,Jonathan Beagle,Richmond,A10,11,C,40.8,2,2,3.9,2.5,1.4,126.8,97.4,22.5,56.1,60.9,16.4,23.7,19.3,13.6,1.9,0.7,1.9,109.8,6.2,0.647,0.667,0.575,2.4,0.3,0
Sr,6-3,Angelo Brizzi,Buffalo,MAC,11,G,68,2,2.2,1.2,0.1,1.1,117.8,109.4,18.8,52.7,63.4,1.7,9.3,6.6,16,0.7,0.8,4.6,67.1,3.3,0.677,0.918,0.579,47.9,7,0.314
Jr,6-4,Reese Miller,William & Mary,CAA,8,G,52.2,2,2.6,1,2.1,-1.1,106.6,104.5,22.9,52.6,57.2,1.8,11,22.4,18.6,1.4,0.5,1.5,31.6,1.9,0.667,0.833,0.475,47.4,9,0.389
Sr,6-10,Nick Davidson,Clemson,ACC,12,F,53.9,2,2.6,3.6,2.4,1.2,115.7,97.7,20.6,48.6,54.1,9.6,13.7,12.6,13.3,1.5,1.9,1.4,53.4,2.6,0.583,0.718,0.528,27.4,4.5,0.25
Jr,6-7,Eddie Ricks III,James Madison,SB,12,F,77.8,2,2.2,2.2,2.1,0.1,125.2,112.6,12.8,57.7,61.4,3.6,21.4,10.6,12.2,2.3,1.8,2,38,2.3,0.731,0.778,0.639,49.3,5.4,0.343
Sr,6-8,Emmanuel Ugbo,Washington St.,WCC,12,F,44.6,2,1.5,3,3.4,-0.4,123.2,109.2,19.1,62.3,64.8,4.1,20,8.4,12.8,1,1.6,0.5,42.6,3.7,0.762,0.731,0.657,42.6,7.1,0.385
Sr,6-8,Youri Fritz,Northeastern,CAA,9,C,65.6,2,2.9,2.4,1.5,0.9,112.9,103.8,20.4,67.4,63.4,9.4,14.9,4.7,15.7,0.4,5.4,2.4,78.3,4.5,0.714,0.5,0.662,1.4,0.2,1
So,6-3,Cbo Newton,Abilene Christian,WAC,9,G,58.9,2,2,4,2.9,1.1,112.2,107.9,20,55.1,57,3.7,10.5,9.8,14.1,0.9,0,4.2,11.4,3.6,0.615,0.889,0.5,39.2,8.7,0.419
Jr,6-9,TJ Power,Penn,Ivy,10,F,85.7,2,2.9,1.8,2.1,-0.3,103.2,108.5,24.7,52.7,54.4,5,20.6,16.7,18.1,1,2.2,1.7,34.1,2.5,0.513,0.614,0.461,41.1,8.8,0.415
Fr,6-7,Ivan Kharchenkov,Arizona,B12,11,G,59.7,2,3.9,8.4,3,5.4,117.1,85.3,16.6,52.7,55.8,5.5,10.7,13.8,17.7,1.7,1.2,4,24.7,2.4,0.633,0.778,0.556,38.4,5.9,0.321
So,6-7,Will Heimbrodt,Seattle,WCC,9,C,71.2,2,4.2,7.2,2.6,4.6,104.8,94.5,25.4,54.3,56.2,1.4,14.1,14.6,15.8,1,11.3,2.6,44.8,3.2,0.65,0.617,0.556,22.9,4.8,0.333
So,6-4,Ian Jackson,St. John's,BE,11,G,49.1,2,2.6,4.1,3.6,0.6,109.9,94.4,24.2,56.3,59.5,2.6,13.6,13.8,20.5,0.7,0.4,1.7,22.1,2.6,0.636,0.857,0.609,51.6,12.2,0.347
So,6-10,Jacob Cofie,USC,B10,12,C,71.6,2,3.7,5.6,1.8,3.8,114.6,95.3,16.6,59.6,60.6,7.1,18,11.7,18.5,1.1,7.8,2,31.5,4.7,0.661,0.643,0.629,21.3,2.9,0.316
Sr,6-2,Tyler Cochran,Rhode Island,A10,12,G,76.5,2,4.5,5.3,0.6,4.6,108.2,90.5,23.1,46.1,51.4,4.7,15.8,12.8,13.3,1.2,0.7,6.5,44.1,3.3,0.523,0.732,0.487,37,7.6,0.277
Sr,6-3,Jaehshon Thomas,Drake,MVC,10,G,59.1,2,1.7,1.1,2.1,-1,115.3,112.4,20.3,54,56.2,0.5,5.4,13.7,7.3,2.6,0.9,1.7,17,1.8,0.609,0.8,0.481,40.9,8.9,0.417
Jr,6-6,RaSheed Jones,Coastal Carolina,SB,12,G,86.3,2,3,0.6,0.6,0,108.3,107.6,21.4,47.6,53.1,1.2,12,14.2,8.9,2.4,0.3,1.2,31.8,2.5,0.6,0.851,0.45,45.9,9.2,0.338
Jr,7-2,Will Berg,Wichita St.,Amer,10,C,47.6,2,2.7,2.4,1.5,0.9,115.3,96,22.1,48.1,55.5,16.6,21.2,5.4,15.6,0.5,7.4,0.9,88.5,4.5,0.594,0.696,0.5,3.8,0.6,0
So,6-10,Jovan Milicevic,Xavier,BE,13,F,61.1,2,2.3,1.3,2.5,-1.1,107.1,105.2,23,51.2,52.9,8.2,11.1,10.3,10.7,1.2,1.6,1.2,27.8,4.4,0.469,0.629,0.368,54.8,12.1,0.42
Jr,6-5,Eddie Placer,Wagner,NEC,7,G,60.1,2,1.4,2.4,3.5,-1.1,119.1,118,16.2,63.6,63.4,2.3,10.8,8.2,14.5,0.9,0,1.5,21.8,2.2,0.75,0.583,0.579,65.5,10.6,0.444
So,6-9,Drew Scharnowski,Belmont,MVC,11,C,44.6,2,2.5,4.5,2.1,2.4,110.2,96.5,28,71.2,66,13.8,18.1,16.3,23.8,0.7,7.3,1.3,81.8,4.9,0.767,0.5,0.734,3,0.5,0
So,6-5,Jurian Dixon,UC Irvine,BW,10,G,74.7,2,3.6,3.1,2,1.1,104.1,98.1,23.8,44.9,50.3,3.1,9.7,13,7.9,2.1,0.3,1.9,28.1,2.4,0.5,0.861,0.402,32,7.7,0.366
Sr,6-5,Emanuel Prospere II,UC San Diego,BW,11,G,66.2,2,3.5,5.8,1.5,4.4,111.9,94.9,21.8,55.5,57,5.5,14.6,23.5,19,2,1.6,5,32.9,3.8,0.582,0.63,0.585,20.7,3.4,0.294
Fr,6-8,Sebastian Williams-Adams,Auburn,SEC,12,F,62.1,2,2.5,4.7,2.1,2.6,115.3,104.3,15.5,60.8,57.5,5.3,7.9,15.6,16,2.2,2.6,3.2,98,3.7,0.697,0.48,0.651,15.7,1.5,0.25
Sr,6-3,Roddie Anderson III,Xavier,BE,13,G,59.2,2,2.7,2.8,1.5,1.3,102.3,100.6,27.8,45.4,50.4,2.3,12.2,23.3,12.4,1.9,1,3.4,35.7,3.5,0.61,0.76,0.455,45,11.4,0.302
Fr,6-9,Dalton Scantlebury,Penn,Ivy,10,C,44.2,2,1.5,4,3.4,0.5,125.4,108.4,19.3,59.6,60.3,14.4,14.4,7.3,8.3,1.2,6,1.9,48.1,4.1,0.667,0.6,0.596,0,0,0
Fr,6-8,Dwayne Aristode,Arizona,B12,11,F,42.2,2,2.3,5.8,4.8,1,132.1,93.6,13.7,66.7,65.7,7.8,6.5,8,15.1,1.4,0,1.2,24.4,1.9,0.556,0.545,0.545,75.6,10.1,0.471
Fr,6-8,Timo George,Portland,WCC,10,C,50.7,2,2,3.5,1.8,1.7,113.8,104.6,24.3,71.2,72.2,9.4,16.5,14.3,24.7,0.8,7.7,1.6,54.5,5.7,0.796,0.722,0.772,13.6,2.4,0.222
So,6-0,Jaden Jackson,South Dakota St.,Sum,11,G,76.8,2,2.7,0.8,1.1,-0.2,103.9,107.1,23,48.8,52.6,3,13.9,15.8,15.8,1.3,0,2.4,25.2,3,0.515,0.806,0.436,55.3,11.7,0.353
So,6-3,Isaac Asuma,Minnesota,B10,11,G,76.3,2,3.4,3.2,1.4,1.8,110.4,100.8,19.1,49.4,53,3.6,9.9,30.2,18.6,2.5,2.4,2.3,25.6,3.4,0.519,0.783,0.475,55.6,8.9,0.34
Jr,6-3,Damien Mayo Jr.,Southern Illinois,MVC,11,G,59.6,2,2.5,4.4,1.7,2.7,120.7,103.2,16,61.7,65.2,4,7.8,17.6,20.7,2.1,0.9,4,31.7,3.9,0.517,0.842,0.5,36.7,4.6,0.545
Fr,7-0,Wilson Jacques,Fresno St.,MWC,11,C,59.3,2,2.8,2.5,1.1,1.4,119.7,99,17.1,54.5,57.2,13.3,24.2,8.7,12.7,1.3,3.2,2.4,31.3,4.6,0.622,0.714,0.538,3,0.4,0.5
Jr,6-11,Boden Kapke,Boston College,ACC,11,F,55.1,2,2.3,1.7,1.3,0.4,118.7,102.5,20.3,51.3,55.6,11.1,10.7,7.3,9.5,1,3.4,0.2,31.6,4.1,0.6,0.8,0.5,31.6,6,0.36
Sr,5-10,Albert Vargas,Robert Morris,Horz,12,G,59.4,2,1.9,0.2,-0.2,0.4,116.4,110.4,20.4,46.2,53.9,3.2,10.9,28.9,19.4,2.5,0,2.3,36.7,5.6,0.333,0.931,0.378,53.2,8.7,0.357
So,6-8,Matt Hodge,Villanova,BE,11,F,70.4,2,3.2,2.2,1.3,0.9,114.3,100.3,17.6,53.7,55.5,4.3,12.5,6.7,14.4,0.9,2.2,1.4,21.1,3.2,0.679,0.7,0.618,64.2,11.9,0.328
Jr,6-3,Tyler Isaak,Montana,BSky,9,G,71.1,2,2.2,0.2,-0.3,0.5,115.3,110.3,16.4,50,57.5,0.9,13.1,21.9,15.3,3.6,0.4,2.1,52.6,3.6,0.579,0.833,0.522,59.6,7.1,0.324
Sr,6-5,German Plotnikov,Hofstra,CAA,11,G,82.8,2,3.2,2.9,1.3,1.6,120.3,105.1,12.5,62.5,65.8,4.3,8.6,4.4,19.5,0.8,2.2,2.1,29.4,2.9,0.714,0.85,0.5,58.8,6.5,0.475
Fr,6-6,Peyton White,Nevada,MWC,12,F,41.4,2,1.3,1.6,3.5,-1.9,127,110.2,17.1,56.5,61.8,6.6,9.3,5.1,8.6,1,1.9,0.3,48.1,3.4,0.571,0.808,0.486,35.2,5.6,0.474
Jr,6-4,Kael Combs,Iowa,B10,12,G,63.1,2,3.3,3.7,0.9,2.9,121.7,95.5,14.1,56.4,63.2,1.4,9.7,19.1,21.7,2.4,0,2.2,44.7,2.6,0.647,0.905,0.611,23.4,2.2,0.273
Fr,6-1,Joel Foxwell,Portland,WCC,10,G,84.3,2,2.8,1,2,-1.1,103.5,108.6,23.9,55.8,57.1,1.5,13.5,37.5,24.3,1.9,0.4,1.9,21.4,1.5,0.622,0.667,0.567,46.4,8.2,0.365
Jr,6-5,Jimmie Williams,Duquesne,A10,10,G,64.9,2,2.6,3.5,2.1,1.4,113.2,104,20.9,55.9,57.8,3.1,15.1,11,12.7,1.2,0.4,3.9,25.7,4.4,0.684,0.692,0.674,54.5,11.2,0.309
So,6-5,Isaia Howard,Iowa,B10,12,G,49.5,2,3.1,8.4,3.4,5,120.4,87.7,18.4,56.5,59.1,7.3,11.8,12.6,14.1,1.7,2.2,4.9,30.6,3.5,0.719,0.737,0.667,37.1,6,0.261
Sr,6-9,Filip Borovicanin,Xavier,BE,13,F,71.8,2,3.6,6,2.1,3.9,111,96.8,17.4,53.5,54.9,5.1,24.8,26.4,18.9,2.5,2.7,3,8,2.8,0.613,0.875,0.587,37,5.5,0.297
Jr,6-8,Jaylen Crocker-Johnson,Minnesota,B10,11,C,75.4,1.9,3.6,0.1,0.2,-0.1,105.7,98.5,22.7,47.8,52.6,9,22.8,9.8,15.1,0.8,4.5,0.7,38.9,3.7,0.514,0.75,0.462,42.5,8.6,0.333
Sr,6-1,Kezza Giffa,Mississippi,SEC,12,G,45.2,1.9,2,4,1.7,2.3,119.4,100.5,19.9,55.7,64,0.5,7.3,15,16.4,1.4,0,3.8,81.1,4.2,0.786,0.814,0.552,45.3,6.6,0.375
Fr,5-10,Uriah Tenette,New Mexico,MWC,10,G,61.4,1.9,3.2,1.6,-0.3,2,110.8,99.2,19.7,51.1,54.6,3.5,8,14.5,13.6,1.6,0,2.9,23.6,5.2,0.528,0.81,0.52,43.8,8.1,0.333
Sr,6-3,Adam Miller,Gonzaga,WCC,12,G,45.7,1.9,2.7,5.7,3.4,2.2,123.3,89.8,17.2,61.5,62.4,2.1,7.7,7.1,12.7,1.2,0,1.7,16.7,3.3,0.867,0.692,0.724,62.8,11.9,0.367
Sr,6-0,Jacari Lane,Texas A&M,SEC,11,G,43.3,1.9,1.7,4.2,3.2,1.1,130,105,17.6,55.4,58.9,2.9,6,34.1,15.7,4,0,2.8,16.1,2.7,0.652,1,0.615,53.6,8.3,0.333
Jr,6-6,Curtis Williams Jr.,Tulane,Amer,12,G,77.7,1.9,2.2,1,2.7,-1.8,104.7,112.6,22.3,53,55.4,3.5,15.3,10.4,12.7,0.8,1.3,2.7,22.6,2,0.644,0.733,0.574,48.9,10.3,0.323
Sr,6-7,Donte Bacchus,North Alabama,ASun,9,G,79.8,1.9,2.1,0.3,1.1,-0.8,106.6,113.7,21.3,48.5,51.1,4.4,14.4,8.2,8.8,1,1.7,2.1,42.3,2.3,0.596,0.61,0.512,17.5,3.5,0.235
So,6-4,Liam Campbell,Saint Mary's,WCC,11,G,44.5,1.9,2.3,5.2,2.3,2.9,133.6,96.3,12.1,70.7,73.2,1.3,12.4,5.7,17.3,1,0,1.5,24.4,2.9,0.857,0.9,0.647,58.5,7.2,0.5
Fr,6-0,Nigel James Jr.,Marquette,BE,13,G,59.7,1.9,2.6,4.3,2.4,1.9,103.5,102,27.3,46.6,51,2.9,10.1,32.6,16.8,1.8,1.4,3.7,36.4,3.4,0.512,0.729,0.48,24.2,5.6,0.281
Jr,6-7,Gavin Walsh,UNC Wilmington,CAA,11,F,60.5,1.9,2.4,2,2.1,-0.1,116.5,104.8,19.5,48.2,48.7,12.8,13.8,7.4,5.8,1.3,0.5,2.3,41.7,3,0.581,0.486,0.5,35.7,6.8,0.3
Sr,6-6,Markhi Strickland,North Dakota St.,Sum,10,C,63.1,1.9,2.6,1.5,0.6,0.8,111.7,103.6,22.2,58.5,58.9,6,12.9,4.4,12.9,0.5,2.5,2.4,42.6,4.5,0.617,0.575,0.585,0,0,0
Jr,6-4,Ryan Abelman,Northern Arizona,BSky,9,G,86.3,1.9,3.2,2.4,2.6,-0.2,105.9,105.9,20.5,50.9,52.5,4.6,13.2,10.7,10.9,1.8,0.7,2.8,11.6,2.1,0.5,0.769,0.391,58.9,12.2,0.394
So,7-0,Austin Maurer,Seattle,WCC,10,C,43.7,1.9,2.2,3.1,1.9,1.2,120.4,97.1,23.1,58.3,58.8,16.6,16.4,6.8,9.9,0.6,7.6,1.6,40,5.9,0.71,0.583,0.63,23.3,4.6,0.286
Sr,6-4,Zaire Williams,Mercer,SC,10,G,69,1.9,2.3,1.2,1.5,-0.4,110.3,108.9,20,50.5,53.9,4.6,9.3,7.5,11.2,1,0.4,3.1,18,3.6,0.714,0.889,0.5,62,12.6,0.339
Jr,6-4,David Terrell Jr.,North Texas,Amer,11,G,80.2,1.9,3.6,2.1,0.7,1.4,105,100.9,23.9,49.4,55.5,2.4,11.1,38.1,23,1.8,1.4,2.4,68.5,3.5,0.535,0.705,0.483,32.6,5,0.345
So,6-7,Pearson Carmichael,Boise St.,MWC,10,F,42.5,1.9,2.1,6.1,4.3,1.8,115.5,97.4,21.7,67.2,69.6,3.5,14.5,4.2,22.1,0.5,0.7,1,29.3,4.9,0.727,0.824,0.714,63.8,12.7,0.432
So,6-8,Mayar Wol,Bowling Green,MAC,10,F,42.5,1.9,2.2,8.3,5.7,2.7,122.1,94.7,22.1,66.7,67.9,2,12.6,8.6,15,0.9,2.4,3,38.1,3.5,0.833,0.708,0.72,60.3,12.6,0.421
Sr,6-5,Boden Skunberg,Illinois St.,MVC,11,G,68.6,1.9,3.2,3.5,2.5,1,114.1,98.9,18.8,55.4,57.4,3.9,16,8.7,13.1,1.3,0.4,2.1,30.1,2.7,0.6,0.679,0.465,53.8,9.5,0.42
So,6-6,Karter Knox,Arkansas,SEC,11,F,55.5,1.9,3.1,3.8,1.9,1.9,114,96.1,17.6,56,59.4,5.6,17,10,18.6,1.1,2.4,2.2,28,3.6,0.519,0.81,0.439,45.3,7,0.471
Sr,6-5,Jesse Hafemeister,Charleston Southern,BSth,10,F,48,1.9,1.3,0.9,3.2,-2.3,124.8,114,19.7,59,60.3,8,10.1,6.4,5.7,0.9,0,0.8,17.9,2.9,0.667,0.714,0.688,59,13,0.348
Sr,6-7,AK Okereke,Vanderbilt,SEC,12,F,58.3,1.9,2.6,1.8,1.1,0.7,119.7,100.8,15.2,58.3,62.3,5,11.7,10.9,18.8,1.4,1.7,1,30.3,4.8,0.679,0.85,0.658,42.4,5.3,0.321
Sr,6-6,Mahmoud Fofana,Cal St. Northridge,BW,10,F,74.7,1.9,2,0.4,1.1,-0.8,115.9,113.9,15.2,52.9,55.5,11,14.2,5.9,12,1.3,2.1,2,47.8,3.1,0.607,0.636,0.547,7.2,0.9,0.2
Sr,6-9,Jerald Colonel,Stephen F. Austin,Slnd,9,C,64.9,1.9,3.6,8.5,1.9,6.6,127.3,92.3,11.5,53.3,53.2,12.3,21,13.5,13,4,15.7,2.3,46.7,3.6,0.696,0.5,0.533,0,0,0
Sr,6-7,CJ Gunn,DePaul,BE,12,G,66.9,1.9,3.1,3.8,2.6,1.2,107.3,99.9,24.9,51.8,55.5,3.7,11.1,14.4,13.5,1.1,2.9,2.5,27.9,3.4,0.583,0.789,0.512,39.7,9.5,0.352
Sr,6-9,AJ Rohosy,Stanford,ACC,12,C,54.2,1.9,2.5,1.3,1.1,0.2,111.9,99.3,21.7,56.8,52.9,11.3,23,7.6,7.9,1.1,4.2,1.7,41.1,4.8,0.565,0.308,0.568,0,0,0
Jr,6-7,Matt Mayock,American,Pat,9,F,61.4,1.9,1.3,0,2.1,-2.1,120.6,118.9,14.9,62.9,64.7,4.1,14,5.7,13.9,1.1,0.5,0.2,17.7,2.6,0.667,0.818,0.583,41.9,6,0.462
Jr,6-10,Austin Parks,Toledo,MAC,10,C,56.4,1.9,1.8,0.3,0.8,-0.6,111.1,109.9,22.1,53.7,58.3,10,18,11.3,18,0.9,2.9,2,47.1,4.1,0.636,0.75,0.574,10.3,1.7,0.143
Jr,6-11,Luke Northweather,Missouri,SEC,12,F,45,1.9,1.7,4,3.6,0.3,141,105.1,11.3,65.5,65.1,8.9,15.1,7.4,11.5,2.2,1.8,1.3,16.7,4.1,0.667,0.571,0.615,69,7.5,0.448
Jr,6-4,D.J. Wagner,Arkansas,SEC,12,G,66.2,1.9,2.9,3.2,1,2.2,117,101.2,14.8,50.6,54.3,0,5.2,15.8,11.6,3.3,1.7,2.7,28,2.5,0.515,0.783,0.487,52.4,7.4,0.349
So,6-2,Andy Stefonowicz,North Dakota St.,Sum,10,G,81.7,1.9,3,1,0.3,0.7,114.2,106.6,16.8,50.6,57.8,1.2,9.3,24.1,21.3,2.5,0,2.4,34.6,1.7,0.438,0.963,0.412,56.4,7.5,0.386
Jr,6-8,Barry Evans,VCU,A10,12,F,65.5,1.9,2.9,3.1,2.2,0.9,112.2,100.5,19.4,48.5,49.5,11.5,12.4,17.4,15.3,1.8,2.6,2,14.6,2.4,0.554,0.6,0.507,27.2,4.9,0.286
Jr,6-2,Zach Matulu,Albany,AE,9,G,64.1,1.9,1.8,1.3,1.5,-0.1,114.3,115.1,16.2,58.6,59.7,7.1,15.4,11.1,16.5,1.2,0.9,3.4,8.6,5,0.636,0.833,0.605,45.7,7.1,0.375
Jr,6-5,Emmanuel Innocenti,Gonzaga,WCC,12,G,49.5,1.9,3,6.1,3.1,3.1,130.6,89.7,11.5,63.8,63.8,6.7,9.2,11.9,17.7,2.4,0.5,1.4,0,3.5,0.8,0,0.682,53.2,5.6,0.4
Fr,6-8,Amare Bynum,Ohio St.,B10,11,F,55,1.9,2.5,2.5,1.7,0.8,116.4,100.2,18.6,56.9,59,9.5,13.9,7.8,15,0.9,2.7,0.9,25,4.5,0.718,0.722,0.615,27.8,4.6,0.3
Sr,6-3,Sean Smith,Middle Tennessee,CUSA,8,G,62.2,1.9,2.6,4.6,2.1,2.6,102.1,102.8,25.9,45.7,47.5,6.3,6.1,27.9,14.4,2.4,2,4.3,22,4.4,0.667,0.611,0.469,22,5.2,0.278
Sr,6-8,Tyrone Marshall,George Washington,A10,11,F,49.7,1.9,2.5,4.5,1.7,2.8,116.4,99.2,18.9,57.6,59.7,7.8,19,15.9,19.2,1.4,3,3.2,37.9,5.5,0.641,0.68,0.604,27.3,4.1,0.333
So,6-10,Oswin Erhunmwunse,Providence,BE,13,C,56.3,1.9,2.4,3.3,0.8,2.6,122.3,102.7,14.6,77.4,76.9,11.5,19.9,4.8,27,0.4,13.6,1.1,45.3,6,0.796,0.708,0.774,0,0,0
Sr,6-5,Ross Candelino,Lipscomb,ASun,8,G,49.1,1.9,2.5,3.6,4.2,-0.6,112.6,103.2,19,56.3,56.4,7.1,16.7,8.7,8.7,2.1,0.5,2.2,18.3,1.8,0.6,0.538,0.565,67.6,13.2,0.375
Jr,6-6,"Owen Bronston, Jr.",South Carolina St.,MEAC,12,G,57.4,1.9,0.9,1.7,4.4,-2.7,114,122.1,23,53.3,55.4,2.9,11.6,6,7.9,0.7,0.4,2,10.3,4.5,0.565,0.929,0.441,56.6,15.5,0.403
So,6-9,Rolyns Aligbe,Southern Illinois,MVC,11,C,55.3,1.9,2.3,0.7,1.4,-0.7,118.4,102.6,17.7,56,58.4,11.8,21.6,2.8,11.3,0.4,3.2,1.1,47.8,4,0.627,0.656,0.571,6,0.9,0.25
So,6-3,Mike Williams III,Seton Hall,BE,12,G,53.8,1.9,3,4.8,1.8,3,114.8,93,21.3,51.2,56.1,2.3,10.8,17.3,14,1.8,0,4.1,36,3.4,0.571,0.806,0.465,50,9.8,0.372
Fr,6-5,Madden Collins,American,Pat,10,G,51.9,1.9,2,3.7,3.2,0.4,104.7,105.8,30.4,49,51.8,6.4,21.4,16.3,10.7,1.4,1.6,4.1,27.6,5,0.587,0.69,0.574,41.9,11.9,0.25
So,7-0,Chol Machot,Charleston,CAA,12,C,53,1.9,2.1,2.9,0.7,2.1,116.6,104.1,20.9,59.2,63.8,10.8,14.3,2.5,17.5,0.2,14.7,1.6,73.8,5.8,0.732,0.729,0.618,15.4,2.3,0.3
Jr,7-3,Aday Mara,Michigan,B10,10,C,55.4,1.9,4.3,8.1,1.4,6.8,106.1,77.1,23.2,64.3,61,10.6,25.8,14,24.5,0.8,12.5,0.7,45.7,3.7,0.765,0.438,0.682,5.7,0.9,0
Sr,6-5,Jahari Long,George Mason,A10,10,G,80.3,1.9,3.4,1.8,0.9,0.9,115.2,101.9,17.2,56.3,60.5,1.6,10.8,20.6,21.1,1.7,0.8,0.6,43.1,2.5,0.591,0.774,0.385,45.8,6,0.515
Jr,6-6,Filip Brankovic,UT Rio Grande Valley,Slnd,9,F,56.2,1.9,2,0.8,1.6,-0.9,106.6,106.9,24.4,55.6,56.1,9.1,13.9,13.8,16.4,1.1,1.2,1.1,7.5,4.3,0.667,0.667,0.509,31.3,7.2,0.44
Jr,6-8,Rashaud Marshall,Austin Peay,ASun,9,C,67.4,1.9,3.1,0.2,-0.2,0.4,110.6,99.4,21.1,55.3,56.4,12.2,14.4,4.6,12.2,0.5,4.7,2.3,47.4,5.1,0.571,0.583,0.553,0,0,0
Sr,6-5,Chrishawn Christmas,Stephen F. Austin,Slnd,9,C,73.6,1.9,2.8,1.4,1,0.4,120,105.7,13.6,57.1,54.2,8.4,14.3,11.4,9.7,3.9,1.5,1.1,46.9,2.3,0.639,0.391,0.596,4.1,0.4,0
Sr,6-1,Elijah Elliott,New Mexico St.,CUSA,7,G,43.1,1.9,1.7,5.6,4.5,1.1,112.9,104.2,25.7,48,52.1,1.8,11.2,25.5,11.5,1.5,1.1,2.9,35.3,5,0.333,0.722,0.313,68.6,17.3,0.371
Sr,5-11,Dug McDaniel,Memphis,Amer,11,G,85.6,1.9,4,2.9,1.1,1.8,96.8,99,24.8,41.3,47.4,2.2,8.8,30,23,1.5,0.3,3.5,27.3,2.1,0.512,0.897,0.388,31.5,6.6,0.311
Sr,6-3,Jamarques Lawrence,Nebraska,B10,11,G,64.2,1.9,3.1,1.9,0.6,1.3,111.5,98.2,19.2,61.6,62.4,0.4,7.5,25.6,24,2,0,1.6,20.5,4.1,0.818,0.667,0.577,64.4,9.4,0.426
Jr,6-4,DJ Dudley,Louisiana Tech,CUSA,8,G,62.5,1.9,2.5,2.9,1.9,0.9,108.6,103.6,24.6,55,57.1,1.1,7.1,15.5,18.6,0.9,0,2.5,20,2,0.652,0.75,0.52,37.5,9.2,0.4
Jr,6-4,Trevan Leonhardt,Utah Valley,WAC,10,G,85.9,1.9,4.5,5,1.8,3.2,105,95.5,19.5,55.9,59.6,3.4,15.6,28.8,31.3,2.3,1.9,4,26.3,1.6,0.684,0.85,0.569,32.9,4.1,0.36
Sr,6-4,"Corey Floyd, Jr.",Providence,BE,12,G,59.7,1.9,2.1,1.1,1.9,-0.9,113.1,109.3,17.7,52.7,55.8,2.9,13.7,13.9,14.4,1.9,0.6,1.9,29,2.3,0.59,0.741,0.5,39.8,6.3,0.378
Sr,6-6,Aaron Nkrumah,Tennessee St.,OVC,9,G,79.5,1.9,3.5,4.3,2,2.3,99,101.2,27.5,40.2,47,3.5,13.8,15.4,12.5,1.2,0.8,5.7,42.1,2.1,0.6,0.768,0.444,32.3,8.2,0.209
Sr,6-9,Maliq Brown,Duke,ACC,12,F,43.3,1.9,3.1,8.8,2.4,6.4,125.4,80.7,15.3,76.1,74.9,10.5,15.1,10.6,24.9,0.9,3.3,4.6,22.7,5.4,0.889,0.6,0.889,18.2,2.2,0.125
So,6-6,Jaiden Glover-Toscano,Saint Joseph's,A10,9,F,63.5,1.8,2.4,1,3,-2,110.2,108.4,21.9,49,52.4,7.5,10.6,7.8,11.4,0.8,1.9,1.3,21.2,1.7,0.667,0.818,0.439,60.6,14.3,0.349
Jr,6-4,KJ Lewis,Georgetown,BE,12,G,72.3,1.8,3.3,2.7,1,1.7,100.2,100.4,27.7,43.3,50.4,5.3,16.3,19.5,16.5,1.2,2.6,4.1,54.1,3.8,0.468,0.74,0.441,24.4,5.4,0.273
Sr,6-9,Keeyan Itejere,Rhode Island,A10,12,C,68.8,1.8,3.3,2.8,0.1,2.7,123.6,98.8,13.5,74.5,74.2,10.1,13.4,4.6,23.9,0.4,6.4,2.2,70.2,4.6,0.762,0.697,0.745,0,0,0
Fr,6-6,Antonio Munoz,Grambling St.,SWAC,10,G,64.7,1.8,2,0,0.7,-0.7,99.6,110.1,30.9,52.7,56.3,4.5,11,22.7,20.2,0.9,2.6,2.2,83.5,3.9,0.667,0.618,0.571,7.7,1.6,0
Jr,7-1,Christian Reeves,Charleston,CAA,11,C,40,1.8,1.8,2,2.6,-0.6,120.3,103.8,21.9,61,60.9,14.9,25.7,2.4,11.1,0.4,8.5,0.9,55.9,4.4,0.634,0.576,0.61,0,0,0
Jr,6-9,Max Frazier,Central Connecticut,NEC,9,C,61.8,1.8,2.4,3.2,1.1,2.1,109.9,104.6,21.8,57.5,56.7,8.5,19.4,7,10.8,1,9.9,2.9,43.8,3.4,0.597,0.5,0.575,0,0,0
Sr,6-2,Xavier Lipscomb,Mount St. Mary's,MAAC,12,G,85.6,1.8,2.3,1.3,1,0.3,110.2,113.7,17.5,61.8,67.9,2.6,14.1,25.8,30.4,1.4,0.3,2.6,52.6,2.2,0.773,0.875,0.63,64.5,6.7,0.408
So,6-8,Elyjah Freeman,Auburn,SEC,12,F,63.6,1.8,2.7,2.9,2,0.9,107.9,101.8,18.7,50,55.2,7.3,15.9,10.7,21.9,0.9,2.5,3,43,2.3,0.659,0.765,0.569,35.4,5.2,0.25
So,6-1,Fred Payne,Boston College,ACC,11,G,83.3,1.8,3.5,2.5,1.4,1.1,109.5,102.4,19.7,49.2,52.3,2.5,8.5,18,13,1.9,0.8,1.6,20.7,1.7,0.552,0.8,0.455,54.5,10.5,0.348
Sr,6-8,Sheldon Williams,Texas A&M Corpus Chr,Slnd,7,C,69.5,1.8,2.7,1.8,2.3,-0.5,102,104.8,22.6,50.7,51.6,9.1,21.4,11.1,11.7,1.4,1.2,0.9,34.3,3.9,0.545,0.542,0.5,20,4.1,0.357
Sr,6-2,Tre Dinkins,George Washington,A10,12,G,56.3,1.8,1.8,2.4,3.8,-1.4,117,109.4,18,59.6,61.9,1.7,7.6,14.3,20.1,1.3,1.3,1.2,22.9,1.6,0.571,0.789,0.462,84.3,14.1,0.414
Sr,6-8,Jun Seok Yeo,Seattle,WCC,10,F,75.9,1.8,3,0.4,1.6,-1.2,108.9,104,20.9,59.7,60.9,4.3,12.9,9.3,18.9,0.8,1.5,0.6,22.4,2.5,0.864,0.682,0.682,55.1,10.1,0.352
So,6-6,Angelo Ciaravino,Northwestern,B10,11,F,52.4,1.8,2.5,2.6,1.6,1,121.1,101,15.1,59.3,59.4,6.1,12.7,14.4,12.3,2.6,3.6,0.7,23.7,3.8,0.756,0.571,0.727,25.4,3.5,0.133
Sr,6-5,Alec Oglesby,Middle Tennessee,CUSA,8,G,54.6,1.8,1.8,1.5,1.7,-0.3,121.2,109.5,14,64.6,64.2,1.8,7.6,7.5,14,1.6,0,1.3,29.3,3.4,0.429,0.583,0.286,65.9,8.8,0.556
Sr,7-0,Ugonna Onyenso,Virginia,ACC,11,C,40.9,1.8,2.3,8.2,3.6,4.6,127.7,92.4,17.7,55.4,57,11.4,17.2,6.8,9.2,1.4,16.8,2,26.8,3.3,0.621,0.667,0.61,26.8,4.9,0.267
Jr,6-10,Jake Wahlin,Clemson,ACC,12,F,52.7,1.8,2.6,2.9,1.7,1.2,124.9,97.8,13.8,59.3,61.9,6.3,17.4,6.2,13.5,1.1,1.5,0.7,35.2,3.8,0.667,0.737,0.636,59.3,7.4,0.375
Fr,6-3,Stevie Elam,Milwaukee,Horz,9,G,43.9,1.8,1.2,1.9,3.4,-1.5,120.6,114.9,18,54,55.7,5.1,15.1,6.5,7.2,1.5,1.9,1.6,17.5,3.6,0.5,0.727,0.389,71.4,14.5,0.4
Fr,6-7,Tate Sage,Iowa,B10,12,G,41.4,1.8,2.2,2.8,2.4,0.4,120.3,95.3,20.4,60.4,60.8,8.7,10.3,11.6,13.7,1.4,1.3,1.9,50.9,4.2,0.621,0.593,0.606,37.7,6.2,0.4
Sr,6-7,Steele Venters,Gonzaga,WCC,12,G,42.7,1.8,2.8,8.5,4.2,4.3,127.5,86.4,14.9,60,62.2,1.7,6.8,11,14,2.1,0.6,3.4,15,2.9,0.833,0.889,0.667,85,13.3,0.392
So,6-2,CJ Brown,South Florida,Amer,11,G,70.2,1.8,2.9,0.5,-0.3,0.8,103.3,103.5,25.1,39.5,47,2.2,11,32.2,18.1,2.1,1.1,2.5,52.9,4.5,0.507,0.73,0.456,24.4,4.9,0.138
So,6-10,Aiden Sherrell,Alabama,SEC,11,C,51.7,1.8,2.8,6,2.7,3.3,110.5,94.3,19.2,54.4,54.4,12.5,16.1,4.8,15.5,0.5,13.6,1.8,42.6,4.2,0.619,0.517,0.609,32.4,5,0.273
Sr,6-8,Brandon Noel,Ohio St.,B10,11,F,52.6,1.8,2.3,3.3,2.7,0.6,122.6,100.8,15,66.9,67.4,6.6,16.3,7.5,17.7,0.9,1,0.7,11.9,2.4,0.833,0.714,0.778,23.7,3.4,0.214
Sr,6-8,Raysean Seamster,UT Arlington,WAC,9,C,76.2,1.8,3.3,2,1.1,0.9,99.6,101.4,26.9,54.9,55.5,9.4,14.8,15.6,23.3,0.7,3.6,1.5,31.4,3.2,0.649,0.563,0.564,23.5,5.2,0.333
Jr,6-7,Learic Davis,USC Upstate,BSth,12,F,60.1,1.8,2.3,1.9,1.3,0.6,117.4,105.3,16.8,55.6,59.8,9,17,5.5,13.9,1.1,3.2,2.4,38.9,4.8,0.667,0.786,0.564,45.8,6.4,0.364
Sr,6-0,Jayden Pierre,TCU,B12,11,G,70.6,1.8,3.5,2.6,1.1,1.5,107.7,97.5,19.7,57.3,58,2.6,7.8,16.1,20.6,1.2,0.8,2.2,9.7,3.4,0.6,0.7,0.52,51.5,9.7,0.415
Jr,6-7,Bubu Benjamin,George Washington,A10,12,G,68.3,1.8,2.7,2.7,1.3,1.3,118.1,104.2,14.6,51.8,55.5,5.7,8,6.9,12.5,1.3,2.1,3.2,28.2,3.9,0.607,0.792,0.571,58.8,8.3,0.32
Jr,6-5,Ade Popoola,Tulsa,Amer,10,G,64.4,1.8,2.3,2.8,2.4,0.3,114.5,106.9,17,62.5,64.4,2.4,11.9,10.5,21,1.1,0,3.4,25,2.3,0.333,0.765,0.278,73.5,11.2,0.5
Jr,6-7,Tunde Vahlberg Fasasi,William & Mary,CAA,10,G,63.8,1.8,2.8,2.6,1.7,1,106.6,101.3,21.6,51,53.5,5.4,9.8,17.8,14.3,1.5,3.1,3,16.2,3.4,0.571,0.813,0.556,54.5,11.1,0.315
Jr,6-6,Christian Harmon,Arkansas St.,SB,12,G,64.7,1.8,1.9,1.9,2.7,-0.8,108,111.1,21.4,46.4,51.7,5.3,11.8,16.5,17.9,1.4,0.3,2.4,29.5,2,0.6,0.848,0.543,68.8,13.4,0.286
Fr,5-10,Montana Wheeler,Bradley,MVC,11,G,55.6,1.8,2,0.5,1.3,-0.8,113.2,106.8,21.5,51.2,52.8,2.3,4.7,31.3,12.8,3.6,0,2.1,23.5,4.1,0.6,0.632,0.537,49.4,9.2,0.325
Jr,6-6,Elijah Fisher,Seton Hall,BE,12,G,62.3,1.8,3.2,2.4,0.7,1.7,113.9,95.7,18.8,49.4,53.8,7.6,9.4,9.2,11.5,1.4,2.2,2.8,39.1,4.4,0.56,0.735,0.523,25.3,4.3,0.273
Sr,6-4,Eli King,North Dakota,Sum,12,G,73.7,1.8,2.9,3.7,1.5,2.2,110.3,104.3,19.9,49.1,53.5,4.4,16.1,10.4,8.7,1.8,2.9,5.2,39.5,3.8,0.617,0.733,0.543,38.6,6.9,0.273
Sr,6-11,Mike Walz,Richmond,A10,11,C,49.1,1.8,2.4,6.8,4.2,2.6,117.1,97.1,22.3,59.8,60.1,14.7,24.6,25,21.6,1.6,4.1,1.3,27.9,3.3,0.706,0.588,0.575,34.4,5.3,0.429
Sr,6-7,Nakavieon White,Georgia Southern,SB,13,G,50.3,1.8,1.4,1.7,2.6,-1,107.2,112.8,28.9,47.2,52.5,4.7,12.5,20.5,13.6,1.4,1.7,2.7,63.3,5.8,0.455,0.667,0.426,44,9.9,0.354
Sr,6-8,Isaiah Gaines,Southeastern Louisia,Slnd,11,C,74.2,1.8,2.5,0.3,-0.1,0.3,110.1,108.8,19.2,55.3,58.2,7.3,16.7,14.6,16.1,1.1,3.5,2,63.2,4,0.647,0.646,0.592,6.6,0.9,0
Sr,6-0,Malachi Smith,Connecticut,BE,12,G,48.1,1.8,2.7,4.9,3,1.9,112.1,92.6,19.9,48.1,49,2.7,8.7,34.2,16.7,3.9,0.5,2.1,52.8,2.3,0.444,0.5,0.333,32.1,4.4,0.529
Sr,6-6,Devan Cambridge,UCF,B12,11,F,47,1.8,2.1,5.3,2.9,2.3,125.9,101.1,15.2,59.8,61.5,7.2,16.7,9.9,16.1,1.6,4.1,1.4,50,3.9,0.68,0.652,0.63,41.3,5.2,0.368
Sr,6-11,Jevon Porter,Missouri,SEC,12,F,43.7,1.8,1.8,5,3.9,1.1,127.7,102.4,17.3,55.3,56.9,11,16.1,13.9,12.3,2.4,1.2,2.5,29.8,3.2,0.783,0.647,0.724,49.1,7.5,0.25
Fr,6-0,Zyree Collins,Austin Peay,ASun,9,G,63.8,1.8,3,3.7,1.7,2,97.7,99,33.3,45.6,50.1,4.6,7.8,38.4,19.3,1.7,0,4.7,47.1,4,0.581,0.667,0.524,38.2,9.6,0.231
Fr,6-5,Hudson Mayes,UC San Diego,BW,11,G,47.9,1.8,2.1,2,1.1,0.9,125.4,101.6,16.4,71.4,72.3,4.1,16.8,8,18.3,1,1.1,1.6,73.8,3.6,0.73,0.71,0.711,9.5,1.1,0.5
Jr,6-7,Jayden Ross,Connecticut,BE,12,F,46.5,1.8,2.8,5.5,1.9,3.6,123.7,89.4,13.5,59.8,61,6.8,11,5.8,11.8,1.3,3.1,2.4,19.6,4.8,0.652,0.7,0.607,45.1,6.1,0.391
Jr,6-6,Coen Carr,Michigan St.,B10,12,G,71.5,1.7,4.2,4.7,1.2,3.5,105,90.5,20.7,51.9,55,5.7,13.4,10.2,20,0.8,4.5,1.6,42.9,2.3,0.695,0.667,0.566,21,3.8,0.227
Sr,6-8,Bryant Selebangue,Western Kentucky,CUSA,8,C,41.3,1.7,2.1,4,4,0,118.6,100.6,19,59.5,57.7,14.5,25.4,7.9,11.2,0.9,4.1,1.8,50,2.7,0.615,0.476,0.595,0,0,0
So,6-6,Amari McCottry,Saint Louis,A10,11,G,55.7,1.7,3.7,5.1,1,4,103.6,85.4,28.1,57.4,58.4,6.1,18.5,22.6,26.3,1,3.5,3.9,40,3.8,0.672,0.605,0.627,21.1,4.4,0.25
Fr,6-7,Keith McKnight,Quinnipiac,MAAC,12,F,58,1.7,2.4,2.1,1,1.1,108.8,103.3,23,51.6,55.2,10,14,6.2,14.8,0.6,2.7,3.6,51.1,4.2,0.556,0.667,0.512,8.5,1.6,0.375
Jr,6-2,Camren Hunter,Central Arkansas,ASun,10,G,71.5,1.7,2.7,2,2.3,-0.2,98.6,105.7,28.2,50.4,52.5,3.2,8.2,12.9,13.7,0.9,0,2.9,25.9,1.9,0.655,0.667,0.518,40.3,10.8,0.321
Sr,5-11,Tyren Moore,Georgia Southern,SB,13,G,69.3,1.7,1.7,0.8,1.9,-1.1,111.2,115,19.7,54.9,57.3,0.9,9.3,14.7,16,1.5,0,2.9,24.6,2.4,0.571,0.733,0.571,77,14.1,0.362
Sr,6-7,RJ Keene,Boise St.,MWC,10,G,58.4,1.7,3,4,0.5,3.5,128.7,95.4,7.7,42.9,42.9,7.7,22.1,16.1,6.5,13,0.9,1,0,3.9,0.455,0,0.429,50,3.5,0.286
Sr,6-7,Justin Archer,La Salle,A10,10,C,48.4,1.7,1.9,1.2,1.6,-0.3,124.7,107.6,15.7,53.7,58,14,12.8,2.9,7.3,0.6,2.3,2,95.1,3.6,0.519,0.641,0.537,0,0,0
Jr,6-8,Malek Gomma,Weber St.,BSky,11,C,63.4,1.7,1.9,1,2,-1,112.6,111.1,17.8,58.5,55.2,14.4,16.5,11.5,15.6,1.4,1.9,1.4,50.8,3.8,0.612,0.394,0.574,6.2,0.8,0.5
So,6-4,Ty Robinson,Central Arkansas,ASun,10,G,61,1.7,2.7,2.5,1.8,0.7,104.6,101.5,24.9,46.2,49.6,7.2,15.2,16.6,9.1,1.8,1.1,3.4,25.7,3.4,0.756,0.741,0.615,50.5,12,0.208
Jr,6-10,James Scott,Mississippi,SEC,12,C,46.7,1.7,2.3,6.1,3.5,2.6,130,97.7,11.5,67.6,65.5,10.5,17.2,8.3,13.8,1.7,9.9,1.3,35.3,1.6,0.676,0.5,0.676,0,0,0
Sr,6-0,Geoff Sprouse,American,Pat,10,G,65.6,1.7,1.6,0.3,1.4,-1.2,115.4,115.1,16.7,55.9,57.5,0.8,10.6,15.5,11.5,1.9,0,1.9,15.8,3,0.6,0.75,0.5,78.9,12.9,0.383
Jr,6-4,A'lahn Sumler,Charleston Southern,BSth,10,G,66.8,1.7,2.1,1.1,1.3,-0.3,108.8,110,23.8,57.7,56.7,5.4,13.1,22.5,17.1,1.4,0.4,1.8,35.7,3.7,0.558,0.486,0.507,31.6,6.3,0.484
Jr,6-5,Ayden Carter,Detroit Mercy,Horz,8,G,42.1,1.7,1.4,2,2.6,-0.7,105.9,113.7,27,56.3,59.4,5.3,14.8,15.2,21.3,0.6,0.7,3,26.8,3.3,0.676,0.789,0.642,25.4,6.1,0.222
Sr,6-1,Conor Enright,Indiana,B10,12,G,69,1.7,3.7,3.1,-0.9,4,125.3,94.5,10.2,47.1,50.3,3.1,10.8,25.5,20.1,4.8,0,2.1,28.6,4.8,0.571,0.7,0.6,71.4,4.3,0.28
So,6-2,Jack Stanton,Princeton,Ivy,12,G,79.3,1.7,2.7,2.1,1.6,0.5,111.5,108.7,17.3,53.2,57.1,2.9,14.5,12.4,13.4,1.4,0.3,2,19.3,2,0.471,0.952,0.417,78,13.1,0.376
Jr,6-6,Jacob Patrick,Utah,B12,10,G,41.9,1.7,1.4,0.9,1.6,-0.7,129.5,113.1,12.1,66,65.6,0.6,6.8,4.3,6.9,1.7,2.8,0.8,7.5,6.1,0.4,0.5,0.5,81.1,11.9,0.465
Sr,6-1,Alonzo Dodd,Appalachian St.,SB,12,G,70.5,1.7,2.4,0.5,1.1,-0.6,102.9,108.5,26.4,57.1,59.4,2,15.8,23.8,23.2,1.3,1.1,1.1,37.2,3.4,0.64,0.69,0.557,38.1,7.8,0.395
Sr,6-6,Andrew Rohde,Wisconsin,B10,11,G,63,1.7,2.7,2.8,0.5,2.3,116.9,102.5,14.3,54.6,56.6,2.3,7.4,18,16.7,2.5,0.4,3.2,15.4,3.4,0.714,0.8,0.591,66.2,8.6,0.349
Fr,6-5,TJ Williams,Wichita St.,Amer,11,G,61,1.7,2.6,0.9,1,-0.1,107.4,101.6,22.3,42.8,49.6,8.1,14.5,12.9,15,1.2,0.8,1.3,53,2.7,0.518,0.727,0.459,10.8,2,0.111
Sr,6-4,Dezayne Mingo,Charlotte,Amer,11,G,68.8,1.7,2.1,0.4,0.9,-0.5,108.3,110.9,20.1,46.2,48.5,3.5,11.6,24.6,15.4,2.6,0,2.5,18.5,2.4,0.516,0.706,0.418,40.2,7.6,0.351
So,6-8,Quin Gorman,Stony Brook,CAA,11,F,53.7,1.7,1.9,2.1,0.4,1.7,128.4,106.7,11.7,59.2,61,6.9,14.2,8.2,8.5,2.2,4.4,2,52.6,4,0.75,0.65,0.714,44.7,4.2,0.294
So,6-8,Tyler Betsey,Syracuse,ACC,11,F,43.8,1.7,2.3,4.2,3.9,0.3,110.7,98.4,21.5,50,51.4,6.9,11.2,3.7,6.3,0.8,2,1.9,28.9,4.1,0.214,0.583,0.448,65.1,14.7,0.352
Sr,6-6,Reese Dixon-Waters,San Diego St.,MWC,9,G,61.4,1.7,2.9,0.1,0.3,-0.2,104.7,102.5,19.4,45.1,48.2,1.4,10,12.9,9.4,2.1,0.5,2.1,17.4,2.7,0.636,0.813,0.458,47.8,10,0.295
Jr,6-2,Layden Blocker,DePaul,BE,12,G,67.7,1.7,3.1,1.5,-0.9,2.4,106.9,99.3,23.2,41.7,50.9,2.6,6.7,26.9,15.1,2.3,0,4.2,54.9,3.6,0.538,0.821,0.414,31.4,5.6,0.281
Sr,6-10,Nick Mullen,Central Michigan,MAC,10,C,50.9,1.7,1.2,2.3,2,0.3,120.8,115.7,18,57,59.8,7.7,18.7,11.1,11.4,1.3,7.5,1.8,33.3,3.9,0.813,0.737,0.718,31.6,5.3,0.167
Sr,6-6,Dre Bullock,Hawaii,BW,10,G,68.4,1.7,4.4,6.2,1.9,4.2,107.1,87,23.5,48.4,52.8,6.2,19.4,17.1,15.3,1.3,0.7,3.6,49,2.6,0.604,0.681,0.566,44.8,8.6,0.256
Sr,6-7,Tyon Grant-Foster,Gonzaga,WCC,12,C,50.9,1.7,3.5,2.3,0.6,1.7,104.3,83.9,26.5,47.2,50.6,12.5,15.4,5.4,15.7,0.5,6.1,1.8,38,4.3,0.65,0.659,0.556,25,5.9,0.148
Jr,6-8,Michael Belle,VCU,A10,12,F,46.8,1.7,2.2,5.3,3.4,2,125.7,98.7,14.7,71,70,7.3,18.3,12.8,21.6,1.2,2.7,1.5,24,3,0.667,0.583,0.629,30,3.7,0.6
Sr,6-5,Nate Heise,Iowa St.,B12,11,G,63.1,1.7,3.4,3.3,1.4,2,121.4,93.4,11.9,55.3,58.1,4.5,12,10.1,17,2.1,0.9,1.6,36.2,2.3,0.765,0.706,0.778,61.7,5.9,0.276
Jr,6-3,Jordan Ross,Georgia,SEC,11,G,52.6,1.7,2.4,0.7,0.7,0,118.2,100.1,17.3,53.6,59.3,2.4,11.9,19.5,20.2,2.1,0.4,1.1,58.9,2.9,0.607,0.758,0.568,33.9,4.1,0.316
Sr,6-5,Jayland Randall,New Mexico St.,CUSA,7,G,52.1,1.7,2,3.1,3.1,0,110.7,104.8,21.7,48.2,51.5,3.8,16.9,10.6,9.4,1.8,1.9,1.6,30.4,3.3,0.429,0.706,0.429,50,11.4,0.357
So,6-8,Will Hornseth,Northern Iowa,MVC,10,F,69.2,1.7,3.8,4.4,2.1,2.3,112.4,92.9,18.7,62.7,60.3,5.5,13.3,14.3,12.8,1.7,2.6,1.3,21.5,1.1,0.714,0.353,0.632,3.8,0.7,0.333
Sr,7-4,Matt Van Komen,Marshall,SB,12,C,60.8,1.7,2.9,3.7,1.1,2.6,114.9,98.6,17.7,76.2,76.1,14,22.3,4.6,30.5,0.2,13.5,0.6,39.7,3.8,0.872,0.72,0.762,0,0,0
Jr,6-7,Isaiah Sy,Oregon St.,WCC,12,G,56.8,1.7,1.9,1.4,2.1,-0.6,108.4,108.8,22.2,47.2,53,4.7,11.2,18.2,12.5,1.8,2.5,1.7,34.4,4.3,0.421,0.839,0.367,66.7,12.8,0.35
So,6-9,Kanon Catchings,Georgia,SEC,11,F,50.2,1.7,2.6,1.5,1.4,0.1,114.2,96.1,20.3,48.3,51.8,7,16.2,11.2,13.5,1.4,2.6,1.4,25.3,3.6,0.762,0.773,0.618,60.9,12.1,0.264
Sr,6-6,Jadrian Tracey,VCU,A10,12,G,59.8,1.7,2.7,3.2,2.2,0.9,106.6,100.4,23.2,53.5,56.3,3.4,12.1,17.1,21.4,1,2.1,2.1,39.6,3.6,0.467,0.675,0.419,57.4,11.1,0.414
Sr,6-9,Paul Otieno,Saint Louis,A10,11,C,41.2,1.7,2.3,2.3,0.8,1.5,125.7,93.5,16.6,53.3,60.3,13,12.5,4.8,14.2,0.8,4.8,1.2,53.3,4.9,0.5,0.833,0.5,6.7,0.9,0.667
Jr,6-10,Shon Tupuola,Valparaiso,MVC,10,C,59.5,1.7,2.5,2,1.4,0.6,119.5,102.8,15.6,54.9,58.5,12.6,19.1,5.3,14.1,0.6,7.7,1.2,47.1,2.7,0.611,0.708,0.56,2,0.2,0
Fr,6-0,Eli Ellis,South Carolina,SEC,10,G,62.4,1.7,2.9,0.5,-0.5,1,110.2,102.8,20,45.1,52.5,2.6,9.4,18,12.6,2.2,0,1.9,42,2.1,0.52,0.853,0.51,37,6.3,0.233
Sr,6-6,Davion Sykes,Southern Illinois,MVC,11,F,47.4,1.7,2.2,3.5,1.8,1.7,115.3,98.8,20,57.6,60.2,6.6,22.2,7.6,14.3,0.8,1.1,3.1,43.9,3.8,0.696,0.69,0.585,1.5,0.3,0
Sr,6-8,Ezra McKenna,Buffalo,MAC,11,F,45.5,1.7,1.1,0.2,2,-1.9,128.2,115.7,15.7,65.6,67.6,3.2,17.5,10,13.4,1.2,1.3,0.3,42.2,3.4,0.667,0.737,0.684,57.8,7.8,0.423
Sr,6-10,Nick Pringle,Arkansas,SEC,12,C,52.6,1.7,2.5,1.3,0,1.3,125.1,99.1,11.5,67.6,66.6,8.7,17.1,4.7,16.9,0.9,2.1,1.1,82.4,4.4,0.719,0.607,0.676,0,0,0
So,6-5,Joson Sanon,St. John's,BE,11,G,58.7,1.7,3.2,1.1,-0.1,1.2,106,93.3,20.3,47.1,55.2,3.4,12.6,3.3,18.4,0.3,1.1,2.3,54.1,5,0.407,0.826,0.348,45.9,8.1,0.41
So,6-10,Austin Rapp,Wisconsin,B10,11,C,59.3,1.6,2.3,1.9,1.7,0.2,108.3,104.6,19.9,46,50.8,5.8,11.4,14.6,14.9,1.6,4.8,0.6,23,2.3,0.609,0.9,0.533,65.5,12.1,0.281
Fr,6-5,Kiyan Anthony,Syracuse,ACC,12,G,56.6,1.6,2.3,0.6,1.9,-1.3,101.2,103.8,26.3,49.1,51.4,3.3,6.7,12,13.6,0.9,0.8,1.1,48.6,1.2,0.652,0.585,0.556,33.9,7.8,0.243
So,6-4,Josiah Shackelford,Bowling Green,MAC,10,G,53.9,1.6,2.8,2.7,1.6,1,110.3,95.6,23.2,51.9,56.5,5.8,12.2,9.1,14.7,0.7,1.3,2.9,35.8,3.7,0.64,0.793,0.571,48.1,10.2,0.308
Jr,6-4,Titas Sargiunas,Lipscomb,ASun,10,G,57.2,1.6,1.9,0.7,1.6,-1,110.2,108.3,20.1,58.6,61.6,4.2,8.4,11.8,17.6,1.3,0,1.7,27.6,2.6,0.697,0.81,0.641,48.7,8.7,0.351
Jr,6-9,Antonio Chol,New Mexico,MWC,11,F,66.9,1.6,2.9,2.6,2.3,0.3,113.9,101.9,16.2,55.4,56.6,2.8,11.4,2.5,8.2,0.4,4.4,0.6,19.4,2.2,0.667,0.667,0.548,66.7,11.8,0.371
So,6-2,L.J. Cason,Michigan,B10,9,G,41.4,1.6,2.9,6.4,2.7,3.7,110.6,87.5,19.7,59.8,60.2,2.2,8.1,17.5,22.5,1.4,0,2.9,29.4,2.1,0.714,0.6,0.654,49,7.9,0.36
Sr,6-5,Anias Futrell,Lindenwood,OVC,8,G,61.1,1.6,2.7,3.9,2.9,1,103.5,104.6,24.9,49.5,52,4,15.5,12.7,14.5,1.2,3.3,3.7,25.2,3.5,0.514,0.692,0.436,46.6,11.6,0.375
Fr,6-9,Timofei Rudovskii,Bryant,AE,11,F,81.9,1.6,2.6,0.9,0.9,0,100.4,109.8,21.6,54.2,58,3.7,14.2,17.2,23,0.9,1.7,2.7,25.2,3.2,0.625,0.852,0.5,58.9,10.4,0.381
Sr,6-6,Jamil Muttilib,Grambling St.,SWAC,10,G,62.1,1.6,2.3,3.8,2.7,1,114.1,106.5,17.5,63.2,65.8,2.6,11.5,3.7,17.3,0.3,1.8,4,25,2.9,0.778,0.833,0.708,66.7,11.2,0.396
Sr,6-3,Sincere Parker,Memphis,Amer,11,G,47.8,1.6,2.3,3.2,2,1.2,104.7,98.5,24.9,43.6,46.6,4.4,14.2,15.6,8.4,1.9,1.2,2.4,26.5,3.9,0.581,0.667,0.447,25.5,6.8,0.269
Jr,6-3,Jean Aranguren,George Washington,A10,12,G,54.8,1.6,2,1.2,1.3,-0.1,110.5,106.8,21,57.7,60.8,7.5,9.9,21.1,25.5,1.3,2.2,1.7,58.5,4.7,0.59,0.684,0.574,27.7,3.7,0.389
So,5-11,Ben Hammond,Virginia Tech,ACC,13,G,65.2,1.6,2.9,1.6,-0.3,2,106.9,101.1,21.2,44.1,50.4,0.3,7,21.6,14.9,2.4,0.3,3.8,36,2.5,0.556,0.825,0.43,28.8,5.3,0.313
Fr,7-1,Efe Demirel,Grand Canyon,MWC,11,C,51.9,1.6,2.6,3.2,1,2.2,118.7,96.5,16.6,62.7,64.4,11.4,16,5.2,18.2,0.5,4.7,1,49,3.7,0.705,0.68,0.627,0,0,0
Sr,6-8,Jaxon Ellingsworth,Arkansas St.,SB,12,F,62.7,1.6,2,0.5,1.1,-0.6,110.8,109.8,18.5,48.3,54.1,8,14.7,7.2,16.4,0.7,0.7,2.3,42.2,4.1,0.588,0.789,0.49,45.6,7.4,0.317
Fr,6-7,Connor Igoe,Columbia,Ivy,10,F,42.1,1.6,1.9,2,0.4,1.6,119.3,100,22,52.3,59.4,10.7,18.3,18.9,20.5,1.6,0,2.4,69.8,6.6,0.565,0.767,0.536,34.9,5.2,0.333
Jr,5-11,Johnny Kinziger,Illinois St.,MVC,11,G,79.8,1.6,3.5,1.2,0.1,1.1,105.6,100.8,20.8,52.7,55.3,1,8.4,16.2,18.8,1.4,0,2.6,25.9,2.6,0.733,0.724,0.542,47.3,8.6,0.34
Jr,6-4,Bryce Ford,Arizona St.,B12,10,G,54.4,1.6,2.2,1.3,1.5,-0.2,114.4,108.5,14.8,56.3,57.9,1.9,8,4.9,10.2,1,1,1.5,22.5,2.6,0.6,0.688,0.433,57.7,8.8,0.439
So,6-6,"Ryan Jackson, Jr.",William & Mary,CAA,10,G,47.2,1.6,2.1,1.4,-0.2,1.6,125.3,101.4,12.8,63.8,63.6,5.3,12.7,7.6,8.7,3.8,1.8,2.5,50,5.3,0.667,0.6,0.667,10,1.1,0.25
Sr,6-2,Ja'Borri McGhee,Mississippi St.,SEC,12,G,59.5,1.6,2.1,0.4,0.4,0,108.8,107,19.1,53.2,56,0.7,9.9,12.5,15,1.3,0,1.7,25.5,2.5,0.483,0.75,0.448,38.3,6.9,0.444
Jr,5-11,Jaylen Smith,East Tennessee St.,SC,11,G,61.8,1.6,2.4,0.8,0.3,0.6,103.8,104.7,24.8,50.5,52.3,2.7,10.7,24.5,18.2,1.5,1,4.5,21,5,0.55,0.667,0.559,66,14.2,0.318
Jr,6-7,Jaylin Stewart,Connecticut,BE,12,F,53.9,1.6,3.3,6.4,2.3,4.1,115.3,88.4,14.9,55.2,56.4,3.9,15.6,13.5,15.3,2.2,2.7,2.1,27.6,3.6,0.824,0.625,0.63,53.4,7.1,0.323
Jr,6-7,Chris Fields Jr.,Campbell,CAA,9,F,61.5,1.6,2.3,0.7,1,-0.3,97.1,105.4,28.9,44.9,51.4,14.3,24.6,12.6,21,0.8,1.7,2.9,77.2,5.1,0.558,0.656,0.466,7.6,1.5,0.167
Sr,6-6,Jack Doumbia Jr.,Towson,CAA,10,G,62.4,1.6,2.8,2.3,1,1.3,94.6,100.2,32,40.5,46.6,8.1,19.5,11.8,18.1,0.6,2.5,3.5,54.3,2.9,0.519,0.667,0.441,11.4,3,0.083
So,6-4,Jordan Brathwaite,Yale,Ivy,10,G,40.9,1.6,1.2,1.1,1.7,-0.6,130.9,111.3,14.4,65.9,67.2,1.6,7.6,6.2,12.8,1.6,0,2.6,13.6,5.1,0.3,0.833,0.278,59.1,9.5,0.615
Jr,6-3,Naithan George,Syracuse,ACC,12,G,74.6,1.6,3.7,2.5,0.9,1.6,101.9,97.3,21,47.2,53.5,2.2,9.3,29.9,25.9,1.8,1.2,3.2,39.3,2.1,0.607,0.829,0.509,40.4,5.8,0.278
Fr,6-4,Jalen Haynes,Southern Illinois,MVC,11,G,41.8,1.6,1.7,4,2.4,1.7,113.5,104,23,55.5,61.5,1.3,11.7,24.9,20.6,1.5,1.8,2.7,60,3.4,0.8,0.788,0.703,32.7,5.3,0.167
So,6-9,Andre Pasha,New Haven,NEC,8,F,72.8,1.6,2.5,2.1,2.1,0.1,104.4,108.2,19.8,55.3,55.6,4,16.9,10.5,14.7,1.2,1.6,2.4,4,1.9,0.6,0.667,0.583,36,7.1,0.333
Sr,6-5,Nate Kingz,Syracuse,ACC,12,G,75.1,1.6,3.6,3.2,1.9,1.3,109.6,97.9,15.6,52.4,52.8,2.8,13.1,5.6,9.2,1.2,2,1.9,19,2,0.667,0.55,0.651,59,9.9,0.29
Sr,6-2,Biko Johnson,Idaho,BSky,8,G,67.8,1.6,2.2,0.1,0.3,-0.3,104.3,109.6,23.2,45,49.8,4.4,9.7,22.1,16.5,1.6,0.5,3,37.1,3.7,0.5,0.731,0.429,60,11.4,0.31
Sr,6-7,Lajae Jones,Florida St.,ACC,12,F,65.2,1.6,2.9,2,0.8,1.2,107,100.7,19.9,50,54.2,4.2,14.5,7.8,15.7,0.7,4.3,2.6,37.8,4.2,0.571,0.738,0.525,64,11.7,0.324
Jr,6-9,ND Okafor,Washington St.,WCC,12,C,55.4,1.6,2.3,0,-1.3,1.3,106.1,102.4,22.8,59.8,60.4,9.1,19.8,4.8,20.2,0.3,8.7,1.7,40.2,6,0.646,0.606,0.598,0,0,0
Sr,6-10,Emmanuel Okorafor,Wichita St.,Amer,11,C,42,1.6,2.3,4.9,1.9,3,118.2,92.9,19.3,63,65.3,11.2,22.2,2.2,20.1,0.3,6.5,2.3,52.2,5.6,0.75,0.708,0.63,0,0,0
So,6-8,Tate McCubbin,Austin Peay,ASun,9,F,79.7,1.6,3.7,2.9,1.2,1.7,109.8,99.8,17.7,50,53.5,1.8,16.9,12.5,10.1,2.6,0.4,2.8,20.7,2.8,0.611,0.842,0.464,69.6,12.7,0.344
Jr,6-7,Jaden Daughtry,Richmond,A10,11,G,41.1,1.6,2.1,5.9,4,1.9,110.7,95.2,28.6,64.8,66.6,5.2,18.8,6.3,20.2,0.3,1.4,3.7,43.2,3.5,0.792,0.714,0.629,23.5,5.8,0.474
Sr,6-6,Jayden Brewer,Western Michigan,MAC,11,F,62,1.6,2.1,1,1.6,-0.6,104.9,108.9,24.2,49,54.9,3.8,25.6,7.5,14.5,0.6,3.8,1.7,47.1,1.9,0.574,0.771,0.5,13.7,2.9,0.286
Jr,6-11,Andrija Grbovic,Arizona St.,B12,12,F,51,1.6,2,1.2,1.3,-0.1,117.9,104,14.9,52.7,54.4,5,14.2,3.8,4.7,1.7,1,1.6,12.3,4.7,0.55,0.778,0.481,63,10.6,0.37
Sr,6-5,Drake Allen,Utah St.,MWC,9,G,52.1,1.6,3.6,6.8,1.2,5.5,109.7,87.5,20,54.8,58.1,0.6,12.9,35.2,28.8,2.5,2,6.1,52.4,4,0.591,0.682,0.56,40.5,4.7,0.353
Jr,6-2,David Thomas,Richmond,A10,11,G,41.8,1.5,1.8,4.5,2.3,2.2,132,101.3,13.9,62,64,2.6,5.2,12.3,8.6,3.5,1.4,3.3,10,3.4,0.385,1,0.417,52,7.8,0.538
Sr,6-3,Ben Johnson,Vermont,AE,12,G,41.3,1.5,1,2.1,2.4,-0.3,129.3,115.2,13.1,59.4,59,0,13.4,12.6,2.3,16,1.2,1.5,12.5,3.4,0.8,0.5,0.545,77.1,11.2,0.405
So,6-3,Gicarri Harris,Purdue,B10,12,G,43.3,1.5,2.2,3.8,1.4,2.3,123.7,96,14.1,50,51,4.3,10.3,10.7,8.2,3.8,0,2.3,10.5,1.7,0.647,0.667,0.462,54.4,9,0.355
So,6-11,Santiago Trouet,Arizona St.,B12,12,C,63.1,1.5,2.6,0.6,0.8,-0.2,111.7,103.3,15.9,44.7,49.6,9.6,17.2,5.9,8.2,1.4,2.9,1.1,38.7,2.8,0.629,0.724,0.516,17.3,2.4,0.077
Jr,6-5,Carl Cherenfant,McNeese St.,Slnd,10,G,46.2,1.5,2.5,5.6,1.8,3.8,126.9,93.4,13.7,63.6,65.9,6.7,16.6,12.5,18.7,1.6,2.3,4.5,36.4,4.1,0.65,0.75,0.682,33.3,3.5,0.364
Sr,6-6,Keonte Jones,Dayton,A10,13,G,73.6,1.5,4,4.8,0.9,3.9,112.5,93.9,15.3,57.7,58.7,5.2,16.9,15.5,18.1,1.7,3.4,3.9,42.3,3.7,0.6,0.606,0.563,17.9,2,0.429
Jr,6-8,Tyler Harris,Vanderbilt,SEC,12,C,40.1,1.5,1.8,0.4,2.8,-2.3,112.9,99.7,22,51.6,51.7,7.3,13.7,3.4,3.8,1.3,6,0.3,22,2.3,0.875,0.5,0.65,56,14.1,0.275
Jr,6-3,Tyler Byrd,Alabama St.,SWAC,10,G,48.8,1.5,1.5,3.5,0.7,2.8,114.5,109.9,18.6,57.5,60.1,1.1,16.5,12,14.1,1.5,1.2,5.2,31.7,4.3,0.679,0.737,0.571,30,5.2,0.389
Jr,6-9,Brigham Rogers,Belmont,MVC,12,C,48.9,1.5,2.2,3.7,1.8,1.8,120,100.4,16.6,71.9,68.2,8.2,13.6,9,18.3,1.2,5,1.4,18.8,3.4,0.772,0.25,0.719,0,0,0
Fr,6-4,Kade Sebastian,American,Pat,10,G,56.3,1.5,1.6,0.9,0.3,0.6,120.5,112.4,14.2,55.6,63.7,5.4,8.5,13.3,19.3,1.9,0.5,3.3,69.4,4.6,0.455,0.84,0.417,66.7,6,0.417
Sr,6-8,Kamari Lands,Middle Tennessee,CUSA,8,F,72.6,1.5,2.7,1.2,1.5,-0.3,100.4,105.8,21.9,45.5,49.3,0.9,16.2,10.3,12.4,1.4,1.3,1.2,27,2.4,0.6,0.75,0.462,56.2,12.3,0.3
Jr,6-4,Maki Johnson,East Tennessee St.,SC,11,G,51.5,1.5,1.9,2.5,2.7,-0.2,123.1,106.7,13.6,56.7,57.4,4.9,12.3,5.3,5.7,2.3,1.8,3.4,6.7,2.6,0.571,0.75,0.571,88.3,13.7,0.377
Fr,6-4,Tate Darner,Chattanooga,SC,8,G,47.5,1.5,1,1.8,3.8,-2,117.3,119.5,17,59.8,60.8,2.2,13.3,11.8,8.2,1.6,0,1.7,13.7,1.9,0.583,0.714,0.444,64.7,11.5,0.455
Fr,6-6,DeShawn Gory,Fresno St.,MWC,11,G,53.5,1.5,1.9,0.2,1,-0.7,111.6,106.8,19.9,53,54,4.9,11.9,10.2,9.6,1.3,0.5,1.4,26.5,3.2,0.636,0.591,0.553,43.4,8.6,0.333
Sr,6-9,Dominic Parolin,Boise St.,MWC,10,C,40.2,1.5,2.2,4,1.6,2.4,117,92.9,17.4,42.9,57.3,14.8,20.7,4.7,16.7,0.6,2.8,1.8,110.7,5,0.429,0.806,0.409,21.4,2.2,0.333
Sr,6-9,Hayden Welling,Utah Valley,WAC,10,F,47.3,1.5,2.1,1.2,1.7,-0.5,105.5,101.6,25.1,55.8,58.2,4.1,12.2,9.2,19.1,0.7,4.5,1.2,30.8,3.4,0.767,0.708,0.551,37.2,8.7,0.379
Jr,6-0,Braeden Smith,Gonzaga,WCC,12,G,43.2,1.5,3,8.6,2.6,6,119.9,82.3,16,48.8,52.9,1.1,12.9,31.6,21,4,0,4.4,25.6,2.1,0.636,0.818,0.5,44.2,4.9,0.316
Fr,6-6,Roman Siulepa,Pittsburgh,ACC,13,G,55.7,1.5,2.3,0.4,0.3,0.1,108.9,103.3,20.1,52.2,50.9,8.9,9.9,6.2,9.4,1,2,2.5,37,3.7,0.567,0.412,0.545,28.3,5.4,0.308
Sr,6-9,JJ Traynor,Murray St.,MVC,12,F,58,1.5,2,1.2,1,0.2,114.9,107.5,18,61.3,61.2,8.7,10,9.3,20.6,0.8,3.5,1,23.8,3.7,0.757,0.579,0.649,28.7,4.5,0.348
Jr,6-5,Garwey Dual,McNeese St.,Slnd,10,G,61.5,1.5,3.3,4.1,0.3,3.8,106.2,94.4,22.6,52,53.6,5.6,8.8,27.7,23.4,2.3,1.8,6,20.3,5,0.636,0.667,0.607,24.3,4.3,0.167
Sr,6-5,Scooter Williams Jr.,Louisiana Tech,CUSA,8,F,55.2,1.5,2.4,3.5,2.4,1.1,107.7,101.7,23.9,47.1,51,6,13.7,9,11.6,1.2,3.9,1.1,35.3,3.4,0.621,0.708,0.605,36.8,8.6,0.16
So,6-3,Fazl Oshodi,Southern,SWAC,9,G,49.1,1.5,0.9,1.9,3.1,-1.2,117.4,119.9,15.9,53.8,54.9,0.6,5.1,6.4,5.6,2,1.8,2.1,4.5,2.4,0.333,1,0.211,71.2,13.9,0.447
So,6-10,Khani Rooths,Louisville,ACC,12,F,40.2,1.5,2.5,5.1,1.8,3.3,116,88.3,18.5,51.8,55.6,4,23.9,14.3,13.6,1.9,1.7,2.5,50,2.7,0.792,0.679,0.741,51.8,8.1,0.207
Fr,6-4,Adrien Stevens,Marquette,BE,13,G,46.5,1.5,1.8,2.8,1.1,1.7,122.8,104.7,13.5,58.9,60,4.5,7.7,11.4,11.7,2.1,0,3.2,12.9,3.4,0.688,0.75,0.611,71,10,0.386
Jr,6-8,Isaiah Malone,Florida Gulf Coast,ASun,11,C,40.8,1.5,1.5,0.8,0.3,0.5,120.4,107.2,18.7,55.7,59.8,11.2,23,3.9,13,0.6,9.6,2.1,45.3,7.8,0.583,0.75,0.543,13.2,2.1,0.429
So,6-0,Redd Thompson Jr.,Longwood,BSth,12,G,45.7,1.5,0.8,0.1,3,-2.9,109.4,119.5,26.7,52.4,59.3,3.5,12.2,24.5,21,1.3,0,1,45.2,4.1,0.636,0.868,0.531,61.9,13.3,0.346
Fr,6-5,Derek Dixon,North Carolina,ACC,12,G,42.6,1.5,2.1,3.9,2.8,1.2,117.3,97.5,17.1,56.1,60.8,2.3,12.9,18.1,20.1,1.8,0,0.6,36.7,1.6,0.2,0.833,0.313,67.3,9.4,0.455
Sr,6-7,Jalen Warley,Gonzaga,WCC,12,F,49.5,1.5,3.7,7.6,1.5,6.2,115.9,79.1,16.1,51.9,55.1,8.5,17.9,10.4,15.4,1.7,2.6,4.3,61.5,5,0.537,0.625,0.519,0,0,0
So,6-6,Micah Robinson,TCU,B12,11,G,57.2,1.5,3.3,3.5,0.6,2.9,106.4,90.7,20.9,44.8,53.4,6,19.8,8.9,16.3,0.9,3.3,2.7,80.6,3.9,0.387,0.722,0.333,46.3,7,0.387
Jr,5-11,Jordan Marsh,USC,B10,12,G,47.8,1.5,2,2.2,1.4,0.8,115.5,102.4,17.3,59.8,64.5,1.6,9,21.4,24,1.7,0.5,2.1,54.9,3.7,0.4,0.786,0.393,45.1,5.3,0.565
Jr,6-7,Adam Harakow,Wyoming,MWC,11,G,40.7,1.5,1.7,3.2,2.7,0.5,125.8,102.4,15.3,58.7,59.2,5,10.9,6.4,8,2,0.7,2.8,28.8,3.8,0.545,0.6,0.583,53.8,8.6,0.393
Sr,6-3,Wilson Dubinsky,Marshall,SB,12,G,50.7,1.5,1.8,1.1,1.2,-0.2,123.4,107.3,13.4,52.9,58.8,6.5,11.8,8.7,13.8,1.6,0,1.8,35.3,3.6,0.333,0.889,0.3,80.4,9.5,0.39
Sr,6-11,Felix Okpara,Tennessee,SEC,11,C,63.2,1.5,3.7,5,1.7,3.2,113.3,91.2,14.1,55.6,57.1,8.1,14.7,3.6,17.7,0.5,9,1.2,38.1,2.3,0.634,0.625,0.527,12.7,1.7,0.5
Jr,6-9,Seth Joba,Idaho,BSky,8,C,43.3,1.5,1.4,1,1.6,-0.7,119.6,108.7,17.7,62.5,63.3,8.6,24.2,9.2,16.8,1.1,4.1,0.4,10,5.8,0.8,0.75,0.625,60,10.2,0.417
Sr,6-8,Sincere Malone,Nicholls St.,Slnd,9,F,83.8,1.5,2.7,0.2,-0.6,0.8,109,109.8,16.3,62.1,64.4,2.5,11.9,14.1,23.3,1,1.2,3.2,45.2,3.1,0.719,0.714,0.651,30.6,3.6,0.368
Sr,6-6,Joshua O'Garro,Cal St. Northridge,BW,9,F,72.9,1.5,2.6,0.8,1.3,-0.5,101.1,109.5,22.3,54.3,54.8,6.5,24.8,16.1,21.6,1,2.2,1.9,22.1,2.2,0.691,0.565,0.614,32.7,6.3,0.265
So,6-5,Qadir Martin,Mercyhurst,NEC,11,C,78.3,1.5,3,2,0.8,1.2,113.6,105.3,15.7,57.4,55.9,8,17.4,5,7.9,1.1,9.6,2.3,20.5,2.4,0.75,0.389,0.605,13.6,2.1,0.25
Sr,6-9,Khouri Carvey,North Carolina Centr,MEAC,10,C,67.5,1.5,1.7,0.1,1,-0.9,96.9,114.5,26.7,51.6,52.7,10.2,18.6,15.4,17.1,0.7,7,2,61.5,4.7,0.615,0.536,0.524,7.7,1.5,0.286
Fr,6-6,JJ Kelly,Ohio,MAC,11,F,55.7,1.4,1.8,0.8,0.3,0.5,116.4,109.7,13.4,57.8,61.6,5.9,13.8,5.2,16.9,0.6,3.8,1.6,27.5,4,0.704,0.857,0.629,31.4,3.6,0.313
Sr,6-4,JJ Starling,Syracuse,ACC,10,G,57.9,1.4,3.2,1.4,1.3,0.1,101.3,99.5,20.1,49.5,49.6,1.2,9.6,15.8,13.4,1.8,1.1,1.3,24.5,2.1,0.545,0.478,0.476,33,6.4,0.355
Jr,6-4,Chuck Bailey III,Nevada,MWC,12,G,57.9,1.4,2.2,0.9,1.3,-0.4,107.7,105.7,18.9,44.2,46.8,5.5,13.3,14.4,7.8,2.9,1.4,1.7,18.9,4.1,0.455,0.722,0.375,32.6,6.5,0.387
Jr,6-5,Dorian Finister,Louisiana,SB,13,G,79.6,1.4,2.4,0.3,0.7,-0.4,100.4,111,23.3,46.9,52.2,4.2,13.6,12.7,15.5,0.8,2.5,1.7,44.5,3.2,0.553,0.737,0.494,33.6,6.5,0.279
So,6-10,Robert Miller III,LSU,SEC,11,C,48.8,1.4,2.4,4.8,1.4,3.5,120,97.7,15,67.9,72.7,6.5,12.3,5.5,24.3,0.6,6,1.8,146.4,4.4,0.75,0.756,0.704,3.6,0.3,0
Sr,6-3,Chase Johnston,High Point,BSth,11,G,41.7,1.4,1.3,3.3,3.1,0.2,124.9,110.3,15.6,60.9,61.6,1.2,5.7,5.5,7.7,2,0.7,4,3.1,4.3,0,1,0,98.4,19,0.413
So,6-4,Josh Ahayere,Colgate,Pat,10,G,49.1,1.4,1.8,1,0.3,0.8,117.6,106.6,14.5,55.3,57.3,1.2,17.5,8.7,6.1,3,1.1,2.6,31.9,4.4,0.632,0.667,0.531,31.9,4.5,0.4
Sr,6-4,Efrem Johnson,Clemson,ACC,12,G,44,1.4,2,3.2,2,1.2,121.6,99.7,14.5,49.1,53.8,2.7,9.1,7.5,5.8,3,1.8,1.4,22.4,1.3,0.667,0.923,0.6,65.5,10.6,0.289
Fr,6-8,Timotej Malovec,Miami FL,ACC,12,F,47.2,1.4,2.2,3.1,2.1,1,123.7,98.7,13.8,59,60.6,2.1,9.2,10,15.8,1.8,2,1.5,11.5,3,0.5,0.857,0.375,86.9,12.8,0.415
Jr,6-8,Isaac Finlinson,Hawaii,BW,10,F,44.3,1.4,2.4,3.8,1.9,1.9,116,94.6,20.3,62.8,66.6,4.1,15.2,6.7,19.8,0.4,0.6,0.9,78.7,2.9,0.625,0.73,0.593,42.6,6.2,0.45
Sr,7-0,Quincy Ballard,Mississippi St.,SEC,12,C,55.3,1.4,2.4,1,0.5,0.5,115.3,101.5,14.3,57.1,58.9,8.3,22.7,2.6,14.4,0.4,4.9,0.4,22.2,2.4,0.641,0.714,0.571,0,0,0
So,6-10,Ryan Soulis,Columbia,Ivy,10,C,52,1.4,2.4,4.2,2,2.2,119.2,99.5,16.5,58.2,60.6,9.2,17.3,11.4,20.4,1,7.4,1.1,30.6,2.7,0.867,0.733,0.583,26.5,3.7,0.385
So,6-6,Andrea Holden,Wright St.,Horz,10,C,42.3,1.4,2.2,5.1,1.6,3.4,116.6,94.6,19.2,67.4,66.1,13.5,23,6.7,21.2,0.4,10.3,3.7,30.2,5.4,0.704,0.538,0.674,0,0,0
Jr,6-5,Brayden Shorter,Murray St.,MVC,12,C,40.8,1.4,1.3,1.6,3.7,-2,118.8,109.9,19.3,52.5,54.9,4.1,9,8.6,11.5,1.2,0.8,0.8,12.7,2.2,1,0.9,1,94.9,20.8,0.333
Sr,6-5,Curt Lewis,Southern Miss,SB,11,G,70.4,1.4,2.1,1.5,0.9,0.6,121.9,111.6,10.2,53.4,55.7,3.1,8.7,5.5,9.1,1.7,1.6,2.4,16.9,2.8,0.25,0.8,0.3,83.1,9.1,0.388
Jr,6-11,Ridvan Tutic,Stonehill,NEC,8,C,44.8,1.4,1.8,0.2,0.4,-0.2,112.2,109.8,18.6,57.1,57.1,11,21.6,15.1,15.5,1.3,1.7,0.3,26.5,4.2,0.619,0.538,0.571,0,0,0
So,6-9,Jayden Hastings,Boston College,ACC,11,C,48.9,1.4,2.8,5.6,0.5,5.1,119.6,92.3,16.3,63.4,66.2,10.6,17.3,7.8,20,0.7,7.6,2.4,61,5.4,0.618,0.72,0.634,0,0,0
Sr,6-5,Brit Harris,FIU,CUSA,8,G,49.4,1.4,1.6,1.4,1.8,-0.4,117,110.1,16.2,54.9,54.7,0,10.6,18.2,8.5,3.5,1.4,2.4,15.7,3,0.667,0.5,0.636,78.4,13.7,0.35
Sr,6-9,P.J. Eason,Alabama A&M,SWAC,8,C,55.6,1.4,2.4,1.2,-0.2,1.5,104,105.5,19.9,55,56.9,11.9,17.7,5.8,19.2,0.4,8.9,2.4,95,4.6,0.615,0.579,0.55,0,0,0
Jr,6-5,Jalen Forrest,Southeastern Louisia,Slnd,11,G,47.5,1.4,1.5,0.5,1.3,-0.8,107.3,110.6,24,49.2,59.4,3.1,15,5.7,16.6,0.5,0,2.3,76.2,3.6,0.632,0.833,0.514,41.3,7.4,0.308
So,6-5,Drew Steffe,Southern Illinois,MVC,11,G,66.7,1.4,2.2,0.7,1.2,-0.5,106.3,108.9,19,53.3,54.2,1.2,6,17.2,17.5,1.8,1.5,1.7,26.1,3.2,0.611,0.583,0.559,63,10.7,0.345
So,6-8,Reece Robinson,North Texas,Amer,11,C,55.4,1.4,2.6,0,-0.7,0.8,113.5,99.4,17.8,58.1,61,10.9,14.2,6.9,18.1,0.5,4.6,1.7,29,4.9,0.718,0.778,0.638,24.2,3.7,0.267
Sr,5-11,Julien Soumaoro,Western Carolina,SC,9,G,66.4,1.4,1.5,0.2,1.5,-1.3,98.3,116.2,23.5,52.2,53.4,2.2,13.8,19.6,21.1,1.3,0.5,2,16.1,3.3,0.571,0.667,0.472,61.3,12.9,0.368
Sr,6-4,Trey Campbell,Northern Iowa,MVC,10,G,78.9,1.3,4.9,4.2,0.1,4.1,99.5,87.7,24.9,48.1,52.3,2.2,10.9,23.7,16.9,1.6,0.4,4.6,35.9,2.6,0.25,0.73,0.419,58.3,11.5,0.35
Jr,6-4,Quante Berry,Memphis,Amer,11,G,42.4,1.3,2.1,5.5,1.6,3.9,113.2,96.5,17.3,53.6,55,5,9.5,11.3,13.7,1.4,2,4.2,36.4,5.5,0.647,0.6,0.565,58.2,9.5,0.344
So,6-8,Kam Williams,Kentucky,SEC,12,F,46.6,1.3,2.5,3,0.7,2.3,118.2,94.6,13.5,48.2,51.9,5.6,12,8.9,9.3,2.6,3.1,1.5,18.2,3.9,0.813,0.9,0.765,69.1,9.6,0.237
Jr,6-8,Dasear Haskins,Saint Joseph's,A10,10,F,62.3,1.3,2.1,0.2,0.8,-0.6,113,109,17.6,55.5,58,8,14.1,10.4,17,1.1,3.1,0.7,20.5,2.2,0.659,0.8,0.652,37,6.2,0.259
Jr,6-8,Jared Turner,Old Dominion,SB,12,F,51.9,1.3,1.5,0.7,1.1,-0.4,119.6,112.6,13.4,59.2,59.7,4.5,12.5,7.7,10.2,1.7,2.1,1.4,10,5.1,0.5,0.667,0.444,85,11.6,0.412
Jr,6-8,Keyon Kensie Jr.,Portland St.,BSky,8,F,76.4,1.3,3.4,1.1,-0.2,1.3,108.9,100.5,17.9,50.7,52.9,4.6,22.7,7.3,10.3,1.1,2.7,1.4,30.3,4.4,0.605,0.652,0.56,34.2,6,0.269
So,6-10,Joseph Grahovac,St. Bonaventure,A10,12,C,49.1,1.3,2,4.7,2,2.7,121.4,102.9,13.7,65.7,67.5,4,14.4,7.2,21.5,0.9,9.5,1.7,14.8,3.9,0.9,0.875,0.64,53.7,7.1,0.448
Fr,6-5,Elzie Harrington,San Diego St.,MWC,10,G,46.6,1.3,1.7,1.8,2.5,-0.7,105,107,22,58.9,59.8,0.6,6.6,25.2,24.6,1.3,1.4,0.9,19.4,2.3,0.533,0.667,0.435,25.8,4.8,0.688
Sr,6-8,Brandon Mitchell-Day,Dartmouth,Ivy,10,F,73.1,1.3,2.9,1.5,0.3,1.2,101,104.2,25.2,51.5,54.3,8.9,24.4,23.9,24.1,1.1,3.5,2.2,26.3,2.6,0.592,0.731,0.514,29.3,5.7,0.345
Sr,6-1,Ryan Myers,Western Kentucky,CUSA,9,G,52.8,1.3,1.7,0.5,1.8,-1.2,111.5,109.6,17.9,56.9,58.7,1,8,9.8,15.5,1.2,0,1.1,18.5,3.7,0.308,0.75,0.304,64.6,11.7,0.476
Sr,6-5,Cody Pennebaker,Lamar,Slnd,9,G,71.6,1.3,2.8,3.3,0.6,2.8,110.2,104.9,16.2,62.3,61.2,8.1,10.9,17.9,23.7,1.5,1.4,4.7,6.6,2.9,0.708,0.25,0.604,13.1,1.8,0.5
So,6-5,Noah Meeusen,Arizona St.,B12,9,G,43.6,1.3,2.6,4.1,1.4,2.7,117.7,100.7,11.4,69.1,69.2,0.6,10.5,16.5,25.9,1.8,1.2,3.5,8.8,2.9,1,0.667,0.875,76.5,7,0.423
Jr,6-6,Camp Wagner,Indiana St.,MVC,10,G,76.7,1.3,3,0.3,0.6,-0.2,99.7,104.9,22.7,47.1,52,2.5,14.4,11.5,13.5,1,0.6,1.8,24.4,3.5,0.435,0.897,0.423,78.2,16.8,0.323
Sr,6-3,Anthony McComb III,Norfolk St.,MEAC,10,G,86.5,1.3,3.2,0.6,0.8,-0.2,97.2,106.2,23.7,41.3,47.8,3.5,13.1,7.6,13.4,0.7,1.8,1.8,37.9,2,0.4,0.8,0.372,34.8,7.7,0.326
Jr,6-0,Kanye Clary,Oklahoma St.,B12,11,G,51.7,1.3,2.3,4,2.4,1.6,104.7,101.5,22.6,43.6,49.6,2,7.7,32.4,20.8,2.4,0.5,3.4,50,1.8,0.462,0.714,0.436,44.3,7,0.29
Sr,6-8,Kaleb Banks,DePaul,BE,12,F,50.9,1.3,2.2,0.4,0.1,0.3,113.7,102.1,18.5,59.3,61.7,4.9,14.1,8.1,15.1,0.8,1.3,1.2,42.9,5.6,0.607,0.7,0.528,48.6,7.9,0.441
Sr,6-5,Jaidon Lipscomb,Cleveland St.,Horz,10,G,56.8,1.3,1,0.7,1.8,-1.1,108.1,120.7,20.6,54.3,59,0.5,11.8,21.5,21.2,1.4,1.9,2.9,37.7,3.3,0.385,0.808,0.429,79.7,13.3,0.382
So,6-3,Justin Menard,Marist,MAAC,10,G,67.6,1.3,3.7,3.8,0.8,3.1,104.3,93.8,22.4,53.3,55.3,0.4,14,28.7,21.3,1.8,1.4,3.9,10.9,2.2,0.706,0.9,0.55,56.5,11.3,0.346
So,6-7,Kaspar Sepp,Cornell,Ivy,9,F,47.6,1.3,1.4,0.1,-0.6,0.7,113.3,111,19.1,48.8,54.8,6.7,26.8,21.5,19.3,1.9,0.6,1.8,44.2,7.3,0.545,0.789,0.536,34.9,4.6,0.267
Jr,6-10,Brandon Garrison,Kentucky,SEC,12,F,42.9,1.3,2.5,3.4,-0.1,3.5,113.7,91.4,16.7,59.2,60.7,7.7,17.5,12.6,21.4,1.2,2.8,1.9,26.5,5.2,0.714,0.692,0.634,16.3,2.2,0.25
Jr,6-9,Berke Buyuktuncel,Nebraska,B10,10,F,53.5,1.3,3.5,2.5,0,2.5,105.5,90,19.4,44.3,49.6,10,18.4,8,13.6,1.1,6.1,1.9,54.1,3.1,0.679,0.667,0.553,37.7,5.5,0.174
Fr,6-11,Chris Cenac Jr,Houston,B12,12,C,57.4,1.3,3.8,0.6,-0.6,1.2,104.2,84.9,21.2,53.1,53.5,9.2,26.8,4.6,18.5,0.4,3.3,1.1,16.3,4.7,0.704,0.563,0.519,21.4,4.6,0.381
Jr,6-4,Joshua Ingram,Lehigh,Pat,11,G,80,1.3,2.6,0.7,1,-0.3,104.5,109.8,18.5,58.8,59.4,3.2,14.9,11.2,19.6,0.9,1.6,2.8,21.6,2.4,0.815,0.619,0.588,47.4,7.6,0.391
So,6-6,Jeremy Elyzee,Southeastern Louisia,Slnd,11,G,72.9,1.3,2.6,0.4,-0.1,0.6,98.9,106.9,24.9,45.2,50.9,7.5,13.6,16.3,16.3,1,4,3.2,49.5,3.9,0.714,0.712,0.548,20,3.9,0.048
So,6-5,Dontrez Williams,Lindenwood,OVC,8,G,66.1,1.3,2.8,3.2,1.5,1.7,101.1,105.7,23,49.4,49.7,5,10,19.7,14.5,1.4,3,4.3,41.1,3,0.508,0.486,0.47,26.7,5.4,0.375
Jr,5-10,Adam Clark,Seton Hall,BE,12,G,71.3,1.3,3.9,1.8,-0.9,2.7,99.3,93.2,24.5,45.5,49.7,1,8.2,36,23.2,2.1,0.4,4.5,48.5,3.9,0.586,0.646,0.481,18.2,3.1,0.222
Jr,6-8,Joseph Tugler,Houston,B12,12,C,53.2,1.3,4,8.4,0.6,7.8,105.6,78.6,21,52,53.5,11.6,13.8,12.3,22.5,0.9,11.6,5.4,19.7,6,0.641,0.667,0.507,1.3,0.2,1
Jr,6-1,Dylan Darling,St. John's,BE,10,G,42,1.3,2.6,3.6,-0.9,4.4,113.4,91.8,15.5,44,51,2.4,12.1,19.9,15,2.9,0.5,3.8,54.8,5.6,0.563,0.739,0.524,50,6.1,0.238
Sr,6-2,Josiah Hammons,Illinois Chicago,MVC,10,G,42.1,1.3,1.3,0.1,1.2,-1.1,113.5,111,20.6,48.6,52.5,1.3,7.5,5.1,10,0.6,0.8,3.1,18.1,4.3,0.273,0.923,0.313,77.8,19.3,0.357
Sr,6-3,Chendall Weaver,Texas,SEC,11,G,51.3,1.3,2.4,0.1,0,0.2,111,99.4,18.2,38.1,48.3,7.1,19.8,10.8,12.4,1.3,0,1.3,62.7,3.7,0.565,0.784,0.441,42.4,6.3,0.2
Fr,6-1,Jaylen Petty,Texas Tech,B12,11,G,60.8,1.3,2.8,0.1,-0.3,0.4,110.2,102.1,13.9,43.7,47.2,1.8,11.7,9.9,9.8,2.7,0.3,1.6,12.7,3,0.286,1,0.25,69.6,10.7,0.345
So,6-7,Ryan Mela,Providence,BE,13,G,52,1.3,1.9,0.7,0.5,0.2,105.8,105.9,20.8,46.6,51.3,5.4,18.6,18,17.7,1.6,0.4,2.9,27,2.9,0.527,0.833,0.515,25.8,4.5,0.217
Fr,6-4,Austin Williford,Saint Joseph's,A10,10,G,46.3,1.3,2.2,5.5,1.2,4.2,119.3,98.9,16.6,57.8,61.4,6.3,17.9,18.4,18.7,1.6,1.6,4.6,33.3,3.7,0.7,0.8,0.55,55.6,7.8,0.4
Jr,6-10,Thomas Ndong,Cal Baptist,WAC,12,C,45.4,1.3,2.3,1.6,1,0.6,113.2,99.6,19.2,52.8,55.9,18.2,26.6,7,19.2,0.6,3.7,1,64.8,4.6,0.556,0.629,0.551,9.3,1.2,0.2
So,6-4,T.O. Barrett,Missouri,SEC,12,G,43.5,1.3,1.6,1.4,0.7,0.7,117.9,106.1,18,61.7,63.8,4.9,5.9,24.2,26.9,1.8,0.6,2.7,21.3,4.8,0.735,0.8,0.684,19.1,2.4,0.222
Fr,6-6,Matt Able,N.C. State,ACC,13,G,48.2,1.3,2.6,4,1,2.9,105.1,93.3,21,49.5,52.2,3.3,14.8,9.9,13.7,1.2,2.8,4.2,19.1,3.6,0.462,0.778,0.5,55.3,11.5,0.327
Fr,6-2,Armelo Boone,Western Kentucky,CUSA,9,G,56.7,1.3,2.6,2.4,1.3,1.1,97.8,99.7,27.7,40.8,45.4,5.8,19,21.9,13.1,1.4,2.4,3.1,30.6,3.7,0.511,0.733,0.466,25.5,6.5,0.16
So,6-2,Luke Skaljac,Miami OH,MAC,10,G,61.3,1.3,2.1,0.5,0,0.5,113.7,108.3,16.8,40.9,47.3,3.6,11.6,23.1,12.2,3.3,0.5,2.5,36.4,2.9,0.375,0.8,0.31,47.3,5.9,0.346
Sr,6-3,Derek Simpson,Saint Joseph's,A10,10,G,79.3,1.3,2.9,0.5,0,0.5,106.9,106.6,18.8,48.4,52.4,4.3,14.7,20.9,18.3,1.9,0.9,2.2,19.8,1.9,0.686,0.895,0.536,41.7,7.3,0.275
Jr,6-9,Emondrek Erkins-Ford,Jacksonville St.,CUSA,8,C,51,1.3,1.6,0,0.3,-0.3,109.2,110.7,20.4,56.1,55.3,9.7,16.1,15.9,14.5,1,5.6,0,63.4,3.7,0.696,0.5,0.606,19.5,3,0.25
Jr,6-4,Jayson Petty,UMKC,Sum,11,G,80.3,1.3,2.4,0.5,0.3,0.2,103.8,111.2,18.4,46,52.1,6.2,9.3,8.8,14.4,1,0.8,3.3,39.6,2.6,0.565,0.8,0.574,53.5,8.4,0.241
So,6-10,Aidan Cammann,Stanford,ACC,12,F,53,1.2,2.5,3,0,3,113.2,99.2,15.3,61.3,65,8,13.5,10.9,25.8,0.9,2.6,3.3,85,5.2,0.818,0.706,0.667,25,2.2,0.3
Jr,6-8,N'famara Dabo,Brown,Ivy,11,C,63.6,1.2,2.9,0.8,-1.2,2,112.6,99.6,17.1,57.9,56.5,13,20.5,8.1,13.6,0.9,9,1.5,73.7,5.3,0.582,0.5,0.579,0,0,0
Sr,6-7,Xzavier Long,Hampton,CAA,11,C,84.8,1.2,2.9,0.8,1,-0.2,105.6,107.9,18.2,50.7,54.1,11.1,27.6,13.9,21,1,2.9,1.8,68.4,3.3,0.571,0.615,0.583,36.8,4.5,0.25
Jr,6-10,Miles Heide,San Diego St.,MWC,10,C,46.7,1.2,2.2,1.2,0.3,0.9,110.3,99.4,17.2,54.7,53.9,15.8,18.5,12.5,19.1,1.2,2.8,1.5,30.2,5.4,0.8,0.462,0.579,11.6,1.5,0.2
So,6-6,Ben Oosterbaan,St. Thomas,Sum,12,G,58.1,1.2,2.3,2.2,0.3,1.9,121.1,104.2,12.1,60.7,61.3,2.3,14.2,11.2,10.2,2.1,1.3,3.7,7.1,3.3,0.778,0.75,0.762,62.5,7.2,0.343
Jr,6-5,Shane Blakeney,Drexel,CAA,11,G,84.3,1.2,2.7,0.5,0.6,-0.1,100.9,110.1,22.3,43.9,47.3,2.9,12.8,18,15,1.3,3,2.9,20,2.2,0.4,0.786,0.375,48.6,10.8,0.338
Fr,6-2,Cam Miles,Florida St.,ACC,12,G,43.8,1.2,1.7,0.7,-0.1,0.8,106.9,104.6,22.2,46.4,50.1,2.7,4.7,23.1,14.3,2.1,0,3.4,29.8,3.8,0.76,0.72,0.649,56,11.5,0.213
Jr,6-9,Sean Stewart,Oregon,B10,11,C,52.7,1.2,2.2,0.3,-0.4,0.6,103.5,102.7,20.6,51.7,53.2,14.2,12.9,8.5,20.2,0.6,2.4,2,72.4,5.5,0.618,0.548,0.517,0,0,0
Fr,6-8,Trent Sisley,Indiana,B10,12,C,50.2,1.2,2.7,1.5,1.4,0.1,111.6,94.5,17.7,54.9,54.3,9,18.7,5.1,9.3,1,0.4,0.5,31.9,2.7,0.625,0.478,0.634,43.1,7.3,0.29
Fr,6-7,Dillan Shaw,Saint Mary's,WCC,11,F,47.3,1.2,2.8,6.5,2.3,4.2,110.8,90,17.2,57.8,58.1,6,18.3,8.2,19.7,0.9,3,2.5,20.7,4,0.684,0.583,0.56,56.9,9.3,0.394
So,6-9,Braedan Lue,Kennesaw St.,CUSA,8,C,64.9,1.2,2.2,0.7,0,0.7,106,108.1,20.2,50,54.1,4.8,15.8,10.8,19.2,0.8,6,1.5,27.6,4.3,0.725,0.81,0.614,25,4.6,0.105
Fr,6-8,Tre Singleton,Northwestern,B10,12,F,58.3,1.2,2.9,2.2,-0.1,2.3,111.7,97.6,15.8,55.8,60,3.6,19.1,10.7,18.5,1.3,2.4,1.5,46.7,4.1,0.8,0.75,0.684,36.7,4.6,0.227
Jr,6-9,Karson Templin,Utah St.,MWC,10,C,42.4,1.2,2.3,0.9,-0.6,1.4,107.8,93,22.3,57.1,58.8,8,15.2,4.3,19.6,0.5,5.6,2.7,25.4,5.8,0.686,0.688,0.577,17.5,3.7,0.364
Jr,6-8,Jakub Necas,Duquesne,A10,10,F,62.7,1.2,2.5,2.3,1,1.3,115.4,104.5,14.3,68.2,69.5,8.7,20,6,25.1,0.6,4,2.1,61.4,4.7,0.792,0.704,0.724,34.1,3.2,0.4
Sr,6-9,Joseph Locandro,Maryland Eastern Sho,MEAC,14,F,54,1.2,1.5,0.7,2.2,-1.4,102.2,112.6,23.9,59.8,61.2,3.9,16.1,7.9,21.8,0.4,2.8,1.2,14.5,3.9,0.629,0.765,0.561,43.6,10.2,0.431
Fr,6-8,Nikolas Khamenia,Duke,ACC,12,F,51.5,1.2,3,2.2,1,1.2,108.8,91.3,16.6,56,56.4,7.4,12.7,12.5,23.3,1.2,0,1.1,27.6,3.6,0.692,0.563,0.588,70.7,9.3,0.366
Fr,6-8,Trey Simpson,Kennesaw St.,CUSA,8,C,43.3,1.2,1.4,2.6,2.8,-0.2,122.6,109.2,14.1,52.5,55.9,6.5,18.7,4.9,10.4,0.5,4.5,0.7,25,3.1,0.889,0.8,0.75,70,10.2,0.286
Sr,6-9,AJ Casey,Evansville,MVC,10,F,65.8,1.2,2.4,0.3,-0.3,0.7,101.9,106.8,19.8,44.7,51.4,10.2,15.1,12.6,17.8,1,1.8,2.9,50,4.3,0.679,0.758,0.472,19.7,2.9,0.231
Sr,6-11,Charles Johnston,Furman,SC,9,C,70.9,1.2,3,1.4,1.1,0.4,105.7,101.9,18.6,55.8,55.5,11,27.9,9.3,20.8,0.9,1.7,1.8,20.3,3,0.682,0.5,0.655,58,9.1,0.325
Jr,6-3,Dimp Pernell,Texas St.,SB,9,G,40.9,1.2,1.6,0,0.3,-0.2,106.9,111.2,20.4,50.7,54.3,0.6,12.2,17.3,17.5,1.8,1.2,2.1,20.9,3.4,0.727,0.857,0.475,40.3,8.1,0.37
Jr,6-3,RJ Smith,DePaul,BE,12,G,64.5,1.2,2.5,0.7,0.4,0.4,113.7,104.7,14.9,49.4,53.8,2.3,9.6,15.3,11.1,2.9,0.7,1.1,26,2.8,0.35,0.85,0.452,59.7,8.4,0.348
Jr,6-7,Miles Byrd,San Diego St.,MWC,10,G,64.7,1.2,3.1,3.6,1.1,2.6,99.8,98.5,20.2,48.2,51.3,2.7,12.1,16.9,20.4,1.3,2.5,3.5,21.7,2.4,0.625,0.778,0.475,51.8,9.3,0.326
So,6-3,Austin Herro,St. Thomas,Sum,11,G,49.9,1.2,2.5,4.4,0.6,3.8,115.7,99.8,15.2,59,63.5,3.8,15,18.8,21.9,2.1,2,5.2,48.7,3,0.654,0.789,0.63,30.8,2.9,0.333
Sr,5-10,Jack Campion,SIU Edwardsville,OVC,9,G,66.8,1.2,2.4,0.5,-1.4,1.9,107.5,106.8,19.2,44.8,49.3,2.2,11.7,36.1,17.8,3.2,0,4.2,39.7,3.8,0.615,0.696,0.435,20.7,2.9,0.333
Sr,6-7,Brendan Coyle,Siena,MAAC,12,G,77.2,1.2,3.1,0.4,0.1,0.3,109.3,103.9,17.3,48.1,52.7,2.7,15.3,8,12.4,1.2,0.9,1.8,32,2.3,0.4,0.788,0.545,78.6,13.4,0.309
Sr,6-4,Roderick Coffee III,Grambling St.,SWAC,10,G,83.6,1.1,2.9,1.9,0.7,1.2,105.6,108,16.9,55.5,58.6,1.5,13.3,28.6,25.6,1.8,0.3,3.3,42.2,2.2,0.476,0.704,0.444,43.8,4.8,0.464
Jr,6-9,Jafeth Martinez,USC Upstate,BSth,12,C,48.4,1.1,1.9,0.1,-1.6,1.8,119.1,104.9,13,73.3,70,12.1,18.8,2.4,22.3,0.3,10.5,0.5,90,5.6,0.724,0.593,0.733,0,0,0
So,5-11,Ponce James,Delaware St.,MEAC,9,G,72.5,1.1,2.4,0.5,0.3,0.2,96.4,111.4,26,42.4,48.7,2.2,8.2,28.4,15.5,1.8,0.4,4,28.6,2.5,0.472,0.906,0.408,32.1,7.3,0.306
Sr,6-6,Luke Haupt,New Mexico,MWC,11,G,57.4,1.1,2.7,1.7,-0.3,2.1,113,98.9,14.6,50,58.1,6.6,13.3,16.8,22.7,2.1,1.1,2,78.4,3.3,0.609,0.759,0.56,32.4,2.7,0.25
Jr,6-4,Brandon McCreesh,Bucknell,Pat,8,G,42.2,1.1,1.4,0.3,1.6,-1.3,110.5,118.1,13.9,52.9,53.8,3.6,10.3,13,11.6,2.2,2.3,1.1,15.7,2.2,0.583,0.625,0.474,62.7,8.6,0.375
Sr,6-8,Owen Aquino,High Point,BSth,11,F,68.9,1.1,2.6,1.5,0.1,1.4,106.4,105.8,18.7,54,54.9,10.1,14.6,14.2,22.6,1.2,4.8,3.5,64.5,4.6,0.563,0.55,0.552,6.5,0.7,0.25
Fr,6-10,Jamarion Davis-Fleming,Mississippi St.,SEC,12,C,47.3,1.1,2,2.6,-0.1,2.8,125.4,102,8.2,60,57.1,7.9,14.6,6.9,11.7,2.5,6.6,1.5,40,3.3,0.778,0.4,0.625,4,0.2,0
Jr,6-5,Tanner Toolson,TCU,B12,11,G,45.3,1.1,2.1,0.7,1,-0.3,107.8,99.9,19.3,43.2,48.6,8.2,6.1,7.2,10.4,1.1,2.4,1.1,28.8,2,0.481,0.842,0.429,47,8.9,0.29
Sr,6-10,Justice Ajogbor,Saint Joseph's,A10,10,C,50.5,1.1,2.1,3.6,-1.1,4.7,126.3,102.6,10.5,68.2,69.9,4.2,16.4,12,19,1.9,10.7,1.1,104.5,4.4,0.778,0.696,0.682,0,0,0
Sr,6-4,Matt Compas,IU Indy,Horz,11,G,44.4,1.1,0.9,0.4,2.2,-1.8,104.1,118.7,25.3,52.4,53.5,4.3,6.7,13.2,11.2,1.9,2.5,4.1,12.4,2.7,0.714,0.692,0.554,21,5.7,0.273
Jr,6-0,Brayden Fagbemi,UC Davis,BW,8,G,51.1,1.1,2.2,2.3,0.8,1.5,100.1,104.7,22.1,45,47.6,6.1,7.5,37.7,22.2,2.3,0,4.9,24,2.2,0.615,0.667,0.6,50,7.7,0.2
Sr,6-5,Maximus Edwards,Duquesne,A10,9,G,42.8,1.1,1.4,1.3,2.9,-1.7,107.5,111,21.7,44.1,48,6.1,12.4,16.6,10,2.4,1.3,0.9,25,1.4,0.481,0.765,0.429,48.5,10.2,0.303
Fr,6-10,Bryson Tiller,Kansas,B12,12,C,63.9,1.1,3.9,2.4,-0.5,3,98.5,88.6,18.9,50.6,53.1,5.1,17.6,3.7,17.4,0.4,7,0.2,36.5,3.4,0.7,0.645,0.544,32.9,5.4,0.286
Fr,6-1,JJ Mandaquit,Washington,B10,11,G,54.3,1.1,2.4,0.1,-0.9,0.9,112.1,101.3,16,48.1,52.9,1.8,11.5,27.4,21.7,2.7,0.4,1.2,34.6,4.4,0.533,0.778,0.5,38.5,4.6,0.3
Jr,6-7,Rihards Vavers,Washington St.,WCC,11,F,43,1.1,1.5,0.6,2.3,-1.8,107.8,110,18.3,52.7,54,3.1,13.6,0.9,9.3,0.2,1.7,1.1,5.3,1.9,0.818,1,0.611,76,16.1,0.333
Fr,6-2,"Azavier ""Stink"" Robinson",Butler,BE,12,G,41.1,1.1,2.1,4.7,0,4.7,110.1,95.5,18.6,59.2,61.8,4.9,8.2,21.7,28,1.4,2.2,4.7,32.7,6.2,0.536,0.75,0.548,36.7,4.9,0.444
Sr,6-5,Tae Dozier,Northern Kentucky,Horz,11,G,67,1.1,2.4,1.6,-0.1,1.7,116,106.5,14.6,53.8,55.4,7.5,12.1,13.8,17,1.9,5.7,3.6,26.2,4.5,0.704,0.647,0.657,46.2,5.7,0.267
Jr,6-11,Jonathan Griman,Cal Baptist,WAC,11,C,44.4,1.1,2.5,0.8,-1,1.8,113.2,99,15.5,62.7,63.8,9.1,19.3,2.5,22.6,0.2,3.3,1.5,35.3,5.7,0.737,0.667,0.696,9.8,1.3,0
Jr,6-10,Jarin Stevenson,North Carolina,ACC,12,F,66.6,1.1,3.5,3.4,0.5,2.9,108.1,95.1,14.2,45.3,50.5,7.3,9.2,7.7,15.4,1.3,2.4,1.8,43.8,2.3,0.857,0.714,0.667,53.1,6.2,0.176
Jr,6-8,Jaylen Peterson,Presbyterian,BSth,11,C,64.8,1.1,2.4,1,0.3,0.7,111.7,106.5,14.8,63,59.9,8.5,21.5,7.3,16.4,0.8,3.3,1.5,50,3.4,0.707,0.444,0.63,0,0,0
Sr,7-0,Harlan Obioha,West Virginia,B12,12,C,50.2,1.1,2.7,1.9,-0.3,2.2,109.6,93.7,18.5,52.1,54.8,11.7,19.3,10.2,17.2,1,3.9,1,85.4,3.7,0.581,0.585,0.521,0,0,0
Jr,6-5,Sebastian Tidor,Portland St.,BSky,8,G,49.5,1.1,2,2.6,1.9,0.7,111.3,103.5,18.2,56.7,57.7,2.1,13.4,8.7,13.7,1.7,0.7,2.1,21.2,3,0.5,0.636,0.5,73.1,13.6,0.395
Fr,6-10,Victory Onuetu,Hofstra,CAA,11,C,57.7,1,2.9,0.7,-1.1,1.7,107.1,96.6,17.8,61.5,61.5,16.7,22.5,3.7,26.4,0.3,7.3,1.9,36.5,4.9,0.628,0.579,0.615,0,0,0
Sr,6-6,AJ Smith,Bradley,MVC,11,G,63.4,1,3.3,2.5,0.6,1.8,105,95.9,19.2,46.8,52.1,6.7,17.8,8.3,14.7,0.9,3.6,4,44.2,3.2,0.5,0.735,0.419,44.2,6.8,0.353
Jr,6-2,AJ Dancler,Coastal Carolina,SB,12,G,78,1,3,0.2,-0.3,0.5,98.4,105,23.9,42.2,46.4,1.9,13.3,16.9,8.2,2.2,0.8,1.9,25.3,3.2,0.413,0.769,0.33,42.9,9.9,0.364
Sr,6-4,Dontae Horne,Prairie View A&M,SWAC,7,G,66.5,1,2,0.4,-0.2,0.6,98.3,111.5,23.6,44.9,50.3,2.7,10.3,22.9,17,1.3,0,4.9,29,3.4,0.462,0.85,0.463,21.7,4.3,0.267
Fr,6-7,Francis Folefac,Siena,MAAC,12,C,57.2,1,2.8,2.4,-0.9,3.3,106.2,97.7,21.1,57.1,61,7.6,15.3,10,23.2,0.6,4.9,3.3,71.4,4.5,0.6,0.689,0.581,1.6,0.2,0
Jr,6-4,Parker Friedrichsen,Davidson,A10,10,G,55,1,2.2,0.8,0.3,0.5,101.9,103.6,21.8,53.8,54,3.5,11.3,16.3,19.2,1.4,0,3.1,28.8,2.9,0.7,0.526,0.516,53,9.8,0.371
Sr,6-11,Ben Gold,Marquette,BE,13,C,65.4,1,2.8,0.7,0.6,0.1,108.2,101.7,14.7,48.4,50.3,5.8,21.8,4.8,8.7,1.1,2.2,1.8,28,2.1,0.6,0.615,0.6,67.7,10.1,0.286
Sr,6-3,Dylan Andrews,Boise St.,MWC,10,G,72.3,1,3.7,1.1,-0.5,1.6,92.1,96.4,24.3,36.4,46.1,0.4,12.4,24,22.4,1.5,0,2.2,47.8,1.1,0.464,0.841,0.309,40.2,7.5,0.297
So,6-9,Darrion Sutton,Missouri St.,CUSA,7,F,47,1,1.7,4.6,3,1.7,111.7,106.6,16.9,54.5,55.9,9.8,18.5,15.9,16.1,1.3,6.9,3.2,12.1,2.7,0.647,0.75,0.5,27.3,4.1,0.444
So,6-3,Martin Somerville,Florida St.,ACC,12,G,63,1,2.7,1.2,-0.5,1.7,107.9,102.1,15.5,53.7,56.6,3.4,9.9,10.7,20.9,1.1,0,3.6,25.9,4.8,0.125,0.762,0.25,85.2,11.8,0.391
Sr,6-5,Devon Malcolm,Cal Baptist,WAC,13,G,45.2,1,2.4,5.5,1.2,4.3,106.3,94.5,21.7,51.3,52.1,9.8,14.1,7.5,15.9,0.6,3.2,4.9,50.7,5.1,0.596,0.526,0.554,25.3,4.7,0.263
Jr,6-9,Emmett Marquardt,Eastern Washington,BSky,11,F,46.3,1,0.9,0.6,2.4,-1.8,109.4,118.9,17.3,60.4,62.2,4.5,12.6,10.3,23.4,0.8,2.1,1.6,22.6,2.9,0.571,0.75,0.533,71.7,10.3,0.421
Jr,6-7,Bobby Durkin,Minnesota,B10,11,G,59.3,1,2.5,1.3,0.5,0.7,110.4,101.9,14.9,47.8,52,1.8,12.7,12.1,10.8,2.3,0,2.1,25.4,1.8,0.75,0.824,0.615,80.6,12.4,0.296
Sr,6-7,Matthew Mors,South Dakota St.,Sum,11,F,64.4,1,2.4,1.2,-0.5,1.7,106.7,105.6,15.6,47.8,52.9,4.8,10.8,8,14.5,0.9,4.3,2.7,29.4,4,0.69,0.85,0.611,47.1,6.6,0.219
Fr,6-10,Mouhamed Sylla,Georgia Tech,ACC,12,C,63.1,1,3.4,1.4,-0.5,1.9,101.4,94,21,60.3,57.1,10,24.6,4.7,18.2,0.3,5.7,2.2,44.3,4.1,0.658,0.395,0.613,4.1,0.7,0.25
Sr,6-6,Chris Howell,New Mexico,MWC,10,G,57.3,1,3.2,2.9,-0.5,3.4,106.9,96.2,15.9,46.4,56.2,3.3,9.9,22.7,26.5,1.8,1.1,3.8,57.1,3.3,0.455,0.875,0.444,35.7,3.3,0.333
So,6-9,Treyson Anderson,North Dakota St.,Sum,10,C,40,1,2.1,2.7,1.3,1.5,103.2,94.7,25.4,56.3,57,11.3,29.9,9.2,21.9,0.4,6,2.8,27,4.4,0.667,0.588,0.579,39.7,8.7,0.36
Jr,6-2,Kyan Evans,North Carolina,ACC,12,G,62.6,1,3.2,0.4,-1.4,1.8,104.5,96.1,16.1,47.8,49.5,0,8.5,27.4,23,2.6,0,2.1,11.6,3.2,0.611,0.75,0.545,68.1,9.1,0.298
So,5-10,Jaylen Washington,UT Rio Grande Valley,Slnd,9,G,43.8,0.9,1.6,0.3,-0.6,0.9,105.3,105.9,18.9,55.6,57,2.9,9.6,17.3,19.5,2.7,0.8,2.6,11.1,3.8,0.684,0.8,0.528,20,3.3,0.444
Sr,6-0,Mason Gibson,Texas A&M Corpus Chr,Slnd,6,G,53.2,0.9,2.2,2.7,1.8,1,100.5,107.6,17.5,51,52,0.7,3.2,9.8,10.9,1.4,0,2.7,12,2.4,0.308,0.667,0.261,54,10.3,0.481
Fr,6-6,Tomas Valentiny,Stony Brook,CAA,11,G,52.1,0.9,1.7,0.6,1.2,-0.6,107.4,109.5,17.4,52.4,53.8,4.3,14.2,8,11.8,1.7,2.5,1.3,31.7,2.2,0.455,0.6,0.429,55.6,9,0.4
Sr,6-11,Franck Kepnang,Washington,B10,11,C,53.2,0.9,3,3.6,0.4,3.1,109.7,91.9,16.1,46.3,50.9,15.8,17.6,1.4,16.2,0.2,12,1.7,46.3,4,0.48,0.68,0.463,0,0,0
Jr,6-5,Landon Wolf,Illinois St.,MVC,11,F,45.8,0.9,2.5,3.3,0.2,3.1,114.6,94.2,14.7,51.2,55.6,8.8,18.5,7.4,15.5,1.1,1.6,3.4,39,3.8,0.81,0.75,0.72,39,4.5,0.125
Fr,6-5,Kohl Rosario,Kansas,B12,12,G,41.5,0.9,2.2,1.2,-0.5,1.7,106.2,94,15.9,51.9,52.9,6.7,5.7,7.4,15,1,1.1,1.8,11.5,4.4,1,0.667,1,76.9,11.9,0.25
Fr,6-8,Dame Sarr,Duke,ACC,12,F,47.7,0.9,3.3,4.4,0,4.4,104.4,83.1,17.4,53.2,52.8,4.2,15.8,8.2,17,1,1,3.9,39.7,4,0.478,0.48,0.478,63.5,9.8,0.375
Sr,6-9,Antwone Woolfolk,Miami OH,MAC,10,C,52.5,0.9,2.4,1.1,-0.7,1.8,101.5,99.9,23.8,59.8,58.7,9.7,21.8,12.8,24.5,0.7,4.8,3.4,25.8,4,0.766,0.471,0.655,12.1,2.1,0.125
So,6-4,Alex Chaikin,UC San Diego,BW,11,G,48.6,0.9,2,0.4,0.5,-0.2,108.1,103.4,18.3,54.8,57.4,1.7,11.2,9.1,16.2,0.9,1.7,1.9,22.2,3.6,0.3,0.786,0.273,82.5,14,0.404
Sr,6-3,Hunter Erickson,Hawaii,BW,10,G,73.2,0.9,3.6,0.9,-0.6,1.4,110.5,97.6,14.4,58.2,61.1,0.8,9.9,17.1,23.3,1.7,0.3,0.6,29.5,2.6,0.65,0.778,0.613,49.2,5.6,0.367
So,6-7,Hudson Ward,Western Michigan,MAC,11,F,46.8,0.9,1.3,0.4,0.4,0.1,118.6,112.9,11.7,58.5,57.4,3.9,15.6,7.9,9.3,1.8,1.9,1.9,4.3,4.1,0.8,0,0.636,53.2,6.8,0.36
Jr,6-4,Jamari McDowell,Kansas,B12,12,G,43.4,0.9,2.4,4.8,0.8,4,111.6,92.8,11.8,55.9,57.3,1.7,7.7,11.3,16.9,2,1.1,2,38.2,2.7,0.333,0.615,0.25,88.2,8.5,0.4
Jr,6-8,Ronald Jessamy,Cal St. Bakersfield,BW,11,C,64.1,0.8,2.3,2.5,0.1,2.4,96.4,107,24.2,52.9,57.3,8.6,16.2,10.4,26.6,0.4,11.9,3.7,57.6,4.3,0.711,0.694,0.538,8.2,1.4,0.286
Sr,6-4,Ja'Quavian Florence,Tennessee Tech,OVC,10,G,51.9,0.8,1.6,0.7,0.1,0.7,98.1,110.6,23.7,48,49.8,3.4,12.8,20.8,15.7,1.4,1.6,3.7,32,3.9,0.625,0.583,0.474,24,4.8,0.333
Sr,6-5,Mekhi Mason,Wake Forest,ACC,13,G,53.3,0.8,2.6,0.3,-0.2,0.6,96.8,98.1,23.4,44.7,46.9,6.9,13.6,12.4,17.7,1,0.5,3.1,35.6,3.4,0.545,0.568,0.395,63.5,13,0.318
Sr,6-9,Tuongthach Gatkek,Little Rock,OVC,8,C,52,0.8,1.6,0.6,-0.3,0.9,102.3,116.4,18.6,56.3,57.2,11.2,14,14.4,24.7,0.9,7.2,3.3,50,4.5,0.758,0.583,0.574,2.1,0.3,0
Jr,6-4,Cale Jacobsen,Nebraska,B10,11,G,50,0.8,3,3.6,-0.8,4.3,112.9,90.3,12.6,56.9,56.7,4.3,14.2,11,16.4,2,1.8,3.3,47.2,3.5,0.684,0.529,0.593,25,2.3,0.333
So,6-5,Dominick Stewart,Penn St.,B10,12,G,43.9,0.8,1.4,0.1,0.6,-0.5,108.7,109.7,17.4,53.3,53.3,3.5,10.5,8,11.2,1.4,1.7,2.8,26.7,3.8,0.385,0.5,0.421,68.3,11.4,0.39
Fr,6-10,Abass Bodija,Fordham,A10,9,C,41.3,0.8,1.7,0.5,0.5,0,110.4,102.4,19.8,53.9,58,11.6,17.6,3.6,18.9,0.7,4.7,1.2,47.4,2.2,0.52,0.722,0.543,7.9,1.2,0.333
Fr,6-10,Aleksas Bieliauskas,Wisconsin,B10,11,C,41.5,0.8,1.9,1.4,0.1,1.3,112,99.9,13.8,60.3,59.9,9.5,23.2,6.5,22,0.7,4.9,0.9,10.3,4.8,0.588,0.5,0.619,46.2,5.5,0.389
Jr,6-8,Kilian Brockhoff,William & Mary,CAA,10,F,60.2,0.8,3,0.8,-1.5,2.3,92.9,96.8,25.2,50.6,54.6,3.6,17.9,20,26.8,1,6.1,2.8,28.7,4.8,0.6,0.8,0.605,56.3,10.7,0.286
So,6-6,Jonathan Powell,North Carolina,ACC,12,G,45.1,0.8,2.2,1.7,0.3,1.4,108.3,97.2,14.8,49.1,49.1,5.4,6.3,6.2,9.1,1.6,0.9,1.9,22.4,3.1,0.4,0.462,0.462,77.6,12.1,0.333
Sr,6-5,Damian Garcia,East Texas A&M,Slnd,9,G,45.7,0.8,1.4,0.4,1.5,-1.2,94.5,110.9,26.5,50,50.2,2.1,13.3,18.9,14.1,1.8,2,2.1,16,3.9,0.48,0.5,0.375,57.3,14.7,0.395
Jr,6-6,Javion Guy-King,Central Arkansas,ASun,10,G,46.8,0.8,2.1,1.5,-0.2,1.7,98.2,100.7,23.5,55.9,56.8,3.9,18,18.9,22.6,1.1,0.7,3.3,44.1,6.1,0.667,0.577,0.5,59.3,10.3,0.4
So,6-11,Garrett Sundra,Notre Dame,ACC,12,F,44.9,0.8,1.9,1.1,0.6,0.6,114.4,102.3,11.7,57.3,56.6,7.4,14.3,3.9,16.5,0.7,1.2,0.6,7.3,3.1,0.667,0.333,0.556,56.1,6.3,0.391
Sr,6-7,Ben Vander Wal,Furman,SC,9,G,74.6,0.8,2.9,2.1,-0.6,2.7,108.4,105.1,13.8,69.7,57.9,7.7,13.3,14.8,20.3,1.5,3.3,2.4,76.3,3.7,0.735,0.241,0.714,7.9,0.6,0.333
Fr,6-8,Shon Abaev,Cincinnati,B12,11,F,58.5,0.8,3.3,0.1,-1.1,1.1,92.7,92.1,26.6,44.4,47.2,4,15.3,15.9,15.7,1,0.9,1.7,35.3,3.3,0.667,0.61,0.523,62.1,15,0.264
So,6-1,Travis Perry,Mississippi,SEC,12,G,41.8,0.7,1.9,2.8,0.6,2.2,105.6,99.8,17.2,47.7,49.4,0.6,8.5,13.2,10.3,2.3,1.8,3.6,9.2,4.4,0.667,0.833,0.333,81.5,15.6,0.34
So,6-8,Cameron Jackson,UT Arlington,WAC,9,C,61,0.7,3,1.6,-1,2.6,109.2,98,13.4,61,59.5,10.6,17.9,3.9,20.2,0.5,4,2.4,26.8,4.9,0.6,0.455,0.61,0,0,0
Fr,6-8,Jordan Scott,Michigan St.,B10,12,C,40.3,0.7,2.5,5.1,0.6,4.5,110.7,88.5,14.2,42.3,47.3,11.3,11.9,8.3,15.1,1.4,4,2.8,46.2,4.3,0.8,0.667,0.5,69.2,8.3,0.259
Jr,6-5,Peter Hemschemeier,Southeastern Louisia,Slnd,9,G,40.7,0.7,1.5,0.9,2.1,-1.2,100.6,111.4,22.5,52.4,53.5,2.4,12.2,27.4,19.2,1.5,0.7,2.3,7.9,2.9,0.4,0.8,0.45,68.3,14.2,0.372
Sr,7-1,Ahmet Jonovic,Bradley,MVC,11,C,54.2,0.7,2.5,0,-2.1,2.1,108.3,99.7,15.7,52,57.1,5.1,18.4,11.3,19.5,1.1,8.5,1.2,35.3,4.9,0.739,0.833,0.521,5.9,0.7,0.333
Fr,6-6,Kruz McClure,DePaul,BE,12,G,45.2,0.7,1.9,0.3,-0.1,0.3,100.8,102,22.9,51.6,56.6,1.6,9.5,23.5,24,1.3,0.5,2.4,49.2,3.5,0.5,0.742,0.455,65.1,10.7,0.366
Sr,6-7,Terrance Williams II,USC,B10,12,G,41.5,0.7,1.6,1.3,0.8,0.5,117.5,104.6,10.1,41.4,48.6,7.4,6.7,6.8,7.9,3,0.5,1.6,65.5,2.5,0.417,0.684,0.4,48.3,3.7,0.286
Sr,6-4,Chase Forte,Boston College,ACC,11,G,60.8,0.7,2.9,0.8,-1.7,2.5,100.5,98.9,20.8,42.2,47.1,1.9,7.8,24.1,14.7,2.3,1.5,3,50.6,3.2,0.516,0.641,0.463,46.8,7.9,0.25
Sr,6-2,Cam Haffner,Western Kentucky,CUSA,9,G,40.6,0.7,1.4,0.6,1.2,-0.6,109.9,108.6,15.2,51,52.4,0,11.2,5,7.1,1.7,0,1.1,5.8,2.2,0.75,1,0.444,82.7,15.6,0.349
Jr,6-9,Dylan Arnett,North Texas,Amer,11,C,67.6,0.7,3.5,1.4,-0.7,2.1,101.9,95.8,18.4,54.4,52.5,9.7,19.4,13.1,17.7,1.1,5,2.2,22.8,3.3,0.688,0.333,0.544,0,0,0
Sr,6-6,Dezdrick Lindsay,Oregon,B10,11,G,51.2,0.7,2.2,1,-0.3,1.3,101.8,102.3,16.9,48.1,51.6,6.3,12.8,9.9,20.9,0.9,1,2.5,50.9,3.4,0.316,0.63,0.441,35.8,4.8,0.368
Sr,6-3,Maleek Arington,Seattle,WCC,10,G,73.9,0.7,3.7,0.8,-2.3,3,107.9,97.1,14.2,39.2,48.2,2.2,10.9,28.2,23.1,3.5,0.4,4.2,73,3.9,0.348,0.704,0.333,18.9,1.4,0.429
Fr,6-6,Devin Brown,Davidson,A10,10,G,49.3,0.7,2,0.2,-0.8,1,104.6,103.1,17.2,56.5,57.4,0.6,13.2,13.6,19.9,1.4,0.6,2.8,32.6,2.8,0.786,0.6,0.609,50,7.2,0.348
So,6-6,Tyler Thompson,Montana,BSky,9,G,69.2,0.7,2.1,1.1,1.7,-0.6,105.7,111.1,14,63.3,63.7,0,14.7,6.6,20,0.8,2.2,1.1,6.3,2.2,0.714,0.75,0.5,81.3,11.2,0.442
Sr,6-4,Jeremiah Williams,Georgetown,BE,12,G,46.9,0.7,1.8,1.2,-0.6,1.8,104.9,104.5,17.2,37.5,43.5,3.8,9.3,26.1,10.3,4.9,2.5,3.5,59.6,4,0.435,0.613,0.366,21.2,2.8,0.273
Sr,6-8,Gytis Nemeiksa,Hawaii,BW,10,F,58.3,0.7,3.3,0.7,-1,1.7,101.2,92.2,20.3,50.6,53.3,5.7,15.6,4.4,17.3,0.7,2.1,1.4,28.7,3.6,0.649,0.696,0.54,37.5,7,0.3
So,6-9,CJ Happy,Princeton,Ivy,11,F,45.6,0.7,1.8,0.4,0,0.3,95.7,107.3,25.6,54.9,52.8,5.5,14.1,23.5,20,1.1,2.9,1.6,23.5,5.7,0.577,0.316,0.514,54.3,11.8,0.386
Jr,6-4,Sencire Harris,Cincinnati,B12,11,G,45,0.6,2.8,2.1,-2.4,4.6,98.2,88.8,22,42.6,48.2,5.7,9.1,16.4,14.8,1.4,1.2,4.1,68.9,5,0.576,0.619,0.46,18,3,0.182
Sr,6-6,Treysen Eaglestaff,West Virginia,B12,12,F,57.8,0.6,3,0.4,-0.3,0.7,99.1,95.1,20.6,43.8,46.2,5.3,15.1,11.4,13.4,1.2,2.5,1.5,19.6,2.1,0.538,0.684,0.465,55.7,11.5,0.278
Sr,6-3,Jasper Floyd,West Virginia,B12,12,G,68.1,0.6,4.1,3.4,-1.6,4.9,98.5,89.1,20,49.3,53.8,2.1,12.8,26.4,27.9,1.5,0,5.1,46.6,3,0.484,0.706,0.429,23.3,3.1,0.471
Sr,6-5,Kyndall Davis,Texas St.,SB,10,F,43.7,0.6,2,0.3,0.2,0.1,99.2,104.7,20.5,44.9,50.4,12.3,15.4,7.4,21.9,0.6,4.9,3.1,37.3,4,0.632,0.773,0.464,52.5,8.7,0.29
Fr,6-4,Jovan Jester Jr.,UC Irvine,BW,10,G,41,0.6,2.3,2.3,-0.8,3.2,95.7,93,23.9,48,54.1,3.2,11.2,21.1,22.9,1.3,1.2,3.4,54,5.5,0.467,0.741,0.375,52,8.9,0.385
Jr,6-3,Marcus Rigsby Jr.,UT Arlington,WAC,9,G,46.3,0.6,2,1.6,0,1.6,110,101.9,13.1,58.3,59.5,4.4,14,7.4,21.8,1.1,2,1.8,5.6,4.3,0.6,1,0.643,61.1,7.8,0.364
Jr,6-6,Kennard Davis Jr.,BYU,B12,9,G,53.8,0.6,3.6,0.3,-0.9,1.2,103.5,97,13.3,50,50,1.9,6.3,6.5,14.9,1.2,0,2.4,3,2.2,0.75,0.5,0.5,63.6,9.2,0.333
Jr,6-6,Malik Presley,George Mason,A10,10,G,61,0.6,2.8,1.5,-0.7,2.2,109.6,99.5,14,59.1,58.5,5.1,7.3,11.3,20.6,1.2,2.1,1.9,43.2,3.1,0.633,0.526,0.606,25,2.6,0.364
Jr,6-4,Jayden Ndjigue,Massachusetts,MAC,12,G,73.6,0.6,3.5,2.8,-0.2,3.1,107.9,99.1,13.7,49.1,54.1,10.5,15.9,14.8,24.5,1.5,1.4,3.2,50,3.7,0.522,0.714,0.535,23.2,2,0.231
Fr,6-2,Leroy Kelly IV,Tarleton St.,WAC,9,G,45.5,0.5,2.1,2,-0.1,2.2,104.3,100.3,16,56,57.4,4.6,17.3,9.1,23.1,1.1,0,5.4,16.7,3.4,0.636,0.714,0.591,47.6,6.7,0.35
So,6-5,Derin Saran,UC Irvine,BW,10,G,78.1,0.5,4,0.1,-1,1.1,89.1,96,25.6,42.5,47,3,13,22,18.9,1.6,0,2.2,43.4,1.6,0.531,0.653,0.429,25.7,5.2,0.276
Jr,6-6,Aaron McBride,Loyola Marymount,WCC,11,F,71.6,0.5,3.8,1.3,-1.9,3.2,111.4,95,10.8,56.1,56.4,8.7,15.6,6.5,20,1.2,3.7,2.4,14.3,4,0.692,0.571,0.556,26.5,2.4,0.385
Fr,6-2,Amir Jenkins,West Virginia,B12,12,G,40.9,0.5,2.2,1,-1.5,2.5,100.9,94.1,20.2,41.1,45.2,3.5,12.5,26.2,14.8,2.8,0,3.1,84.4,2.6,0.389,0.526,0.389,20,2.7,0.333
Sr,6-7,Zach Davis,Memphis,Amer,11,F,51.5,0.5,2.5,0.4,-0.6,1.1,91.9,97.6,21.6,41.9,48.6,6.8,16.1,12.1,25.9,0.7,1.1,2.4,44.1,3.5,0.478,0.767,0.417,47.1,7.8,0.281
Sr,6-9,Lassina Traore,Texas,SEC,11,C,44,0.4,2.4,0.7,-0.7,1.4,100.3,93.9,17.6,46.9,52.4,14.8,27.5,4.1,24.9,0.3,1.6,2.1,103.1,5,0.526,0.606,0.484,3.1,0.3,0
Sr,7-1,Rick Issanza,Loyola Marymount,WCC,11,C,41,0.4,2.1,0.5,-3,3.5,109.5,95.9,13,63,57.1,13.2,14.8,4.9,19.5,0.6,11.7,0.3,55.6,5.7,0.714,0.333,0.654,3.7,0.3,0
So,6-0,Jeremiah Jenkins,Brown,Ivy,11,G,73.4,0.4,3.3,1.3,-1.1,2.4,94.9,100.1,22.1,44.8,49.3,3.1,13.6,34.9,27.3,1.8,0.4,4.6,25.6,3,0.296,0.818,0.238,51.2,8,0.432
Jr,6-5,Logan Woods,Wright St.,Horz,10,G,57.2,0.3,2.3,0.5,-1,1.5,102.1,104.4,15.5,50.9,51.5,2,9.6,13.2,17.9,2,1.4,3.5,20.4,2.9,0.667,0.545,0.56,53.7,7.3,0.31
Fr,6-2,Elijah Perryman,Utah St.,MWC,10,G,41.3,0.3,2.2,1.3,-1.2,2.5,95.2,95.1,20.8,44.9,48.8,0,10.6,29.6,30,1.9,3.3,3.1,38.5,3.6,0.545,0.667,0.5,33.3,4.5,0.231
Sr,6-8,Apostolos Roumoglou,Richmond,A10,11,C,46.3,0.3,2.3,3.5,1.1,2.3,112.6,97.1,11.1,53.7,54.3,2.9,21.4,10.3,14.5,2.2,4.3,1.9,2.4,1.6,0.875,1,0.909,73.2,8.1,0.267
Sr,6-9,Aidan Shaw,Boston College,ACC,11,C,66.7,0.3,3.4,0.7,-1.9,2.7,107.9,95.9,12.1,49,51.7,9.5,19.8,7.2,18.1,1,5.9,0.8,27.1,3.8,0.606,0.692,0.55,16.7,1.6,0.125
Jr,7-0,Elijah Chol,UC Irvine,BW,10,C,41.8,0.3,2.3,0.6,-2.6,3.2,96.2,92.9,18.7,47.7,49.3,6.2,14.4,6.5,12.6,1.3,7.5,1.3,67.4,5,0.609,0.517,0.516,27.9,4,0.25
Sr,6-10,Jacob Conner,Dayton,A10,13,C,42.4,0.3,1.9,0.1,-1.2,1.3,106.3,100.1,12.2,48.9,50.8,3.8,13.6,8.7,12.4,1.8,2.1,2,25,3.6,0.636,0.636,0.667,72.7,8.1,0.281
Jr,6-5,Kaden Cooper,Louisiana Tech,CUSA,8,C,65.3,0.3,3.6,1.2,-0.3,1.5,95.6,92.9,20,44.4,47.5,9.6,25.7,3.9,19,0.3,5.3,2.1,29,1.5,0.5,0.667,0.469,21,3.8,0.231
So,7-2,Moustapha Thiam,Cincinnati,B12,11,C,64.7,0.2,4.5,2.9,-2.1,5,94.3,82.9,19,54.9,54.5,7.6,22.8,3.5,20.9,0.2,9.9,2.5,43.9,3.5,0.765,0.5,0.627,18.3,2.8,0.133
Fr,6-2,DJ Stickman,Fresno St.,MWC,11,G,43.3,0.2,2.1,1.6,-1.5,3.1,102,98.1,15.1,64.5,66.4,3.7,19.6,14.7,33.2,1,1.9,3.8,45.2,4,0.737,0.714,0.583,22.6,2.1,0.571
Sr,6-8,Quincy Allen,Bryant,AE,10,F,59.5,0.2,2.7,1.3,-0.3,1.6,87.6,103.6,22.7,44.8,46.9,3,15.4,8.7,16.1,0.8,7,3.9,16.5,3.2,0.667,0.688,0.5,56.7,12.6,0.273
Jr,6-8,Ashton Hardaway,Memphis,Amer,10,F,46.8,0.2,2.3,1,-0.5,1.5,93.2,100.5,16.6,49.2,50.1,2.5,10.7,12.7,25.8,0.9,4.1,1.3,6.8,2.9,0.769,0.75,0.5,52.5,8.3,0.323
Sr,6-8,Ben Schwieger,Northern Iowa,MVC,10,F,65,0.2,3.9,0.5,-2.5,3,97.8,89.4,17.5,45.2,50.4,1.3,15.4,15.7,15.9,2,3.7,2.1,32.3,3.2,0.467,0.8,0.444,41.9,6,0.308
Jr,6-6,Brent Moss,UTSA,Amer,9,G,53.2,0.2,1.9,1.1,0,1.2,93.8,107.1,19.8,40.7,43.7,1.9,11.9,6.2,8.9,1.1,0,4.4,17.3,1.5,0.563,0.769,0.452,58.7,12.9,0.25
Sr,6-4,Jayden Jackson,Cal Baptist,WAC,7,G,40,0.1,2.6,0.6,-1.1,1.6,96.5,107.7,17.8,43.9,46.8,4,11,13.5,23.5,1.1,1.6,2.2,26.3,2.5,0.417,0.667,0.35,64.9,10.3,0.324
So,6-1,TJ Burch,Wright St.,Horz,10,G,48.8,0.1,2.5,1.3,-3.3,4.7,85.8,95.2,27.9,37.8,39.6,4.1,6.2,21.7,15.8,2,1.7,8.3,29.3,4.3,0.481,0.5,0.424,19.5,4.7,0.125
So,6-9,Khadim Mboup,BYU,B12,12,C,42.2,0.1,2.8,1.5,-1.9,3.4,99.5,85.1,12.1,55.6,53.5,9.6,26.1,5.8,27.8,0.7,6.1,1.7,37,5.1,0.7,0.4,0.6,7.4,0.6,0
Sr,6-7,Franck Yetna,Texas A&M Corpus Chr,Slnd,7,F,43.4,0,1.9,0,-1.1,1.2,87.4,102,19.9,36.8,40,9.7,11.8,9.5,11.8,1.5,2.8,3.3,31.6,4,0.526,0.583,0.423,31.6,5.6,0.167
Fr,6-5,Jerry Easter II,USC,B10,12,G,48.4,0,2.3,0,-1,1,96.3,99.3,14.9,36.5,44.4,4.2,15.5,12.1,18.3,1.5,2.3,1.8,40.4,1.5,0.44,0.81,0.364,15.4,1.8,0.25
Sr,6-3,Joseph Venzant,Abilene Christian,WAC,9,G,62.4,-0.1,2.2,0,-2.2,2.3,103.5,107.3,8.7,60,59.2,5.9,11.9,7.8,27.3,1.1,2.3,3.7,65,5.5,0.5,0.538,0.5,40,2.1,0.5
Sr,6-7,Justin Thomas,Bowling Green,MAC,10,G,80.8,-0.3,4.1,0.9,-1.5,2.4,99.2,96.2,13.1,44.9,49.7,1.4,13.3,18.5,24,2.1,2.5,2.3,53.1,2.1,0.444,0.654,0.394,32.7,2.8,0.375
Jr,6-2,Chansey Willis Jr.,Minnesota,B10,7,G,41.9,-0.8,3.3,0.8,-3.8,4.6,85.3,96.6,18.9,43.6,44.5,1.3,12.2,24.3,25.8,1.5,1.3,5.5,56.4,2.6,0.818,0.455,0.5,28.2,3.6,0.182
Sr,6-7,Jaden Daughtry,Marist,MAAC,10,F,54.2,-1,3.5,0.9,-4.5,5.4,80.5,85.9,19.6,41,43.5,5.4,23.6,15.2,28.9,1,6.3,4.3,36,4.2,0.583,0.556,0.5,36,4.9,0.167