Player,Team,RimMade,RimMiss,RimAst,MidMade,MidMiss,MidAst,ThreeMade,ThreeMiss,ThreeAst,DunkMade,DunkMiss,DunkAst,player_lower,Role,YR,ND_RimMade,ND_RimMiss,ND_RimAtt,NonDunk_Rim%,NonDunk_Assisted%,RimAtt,Total_Rim%,Total_Assisted_Rim%,Mid_Att,Mid_FG%,Mid_Assisted%,TwoPt_Att,TwoPt_FG%,TwoPt_Assisted%,Three_Att,Three_FG%,Three_Assisted%,Total_Assisted%,Total_Att,Rim_Freq,Mid_Freq,Three_Freq,TwoPt_Freq,DunkAtt,Dunk_Freq,Dunk_FG%,First_Season,Last_Season
Elijah Elliott,New Mexico St.,1,2,0,4,8,0,11,19,7,0,0,0,elijah elliott,G,Sr,1,2,3,0.3333333333333333,0.0,3,0.3333333333333333,0.0,12,0.3333333333333333,0.0,15,0.3333333333333333,0.0,30,0.36666666666666664,0.6363636363636364,0.4375,45,0.06666666666666667,0.26666666666666666,0.6666666666666666,0.3333333333333333,0,0.0,,2026,2026
Addison Patterson,Eastern Michigan,24,16,10,8,8,2,8,10,7,4,2,4,addison patterson,F,Sr,20,14,34,0.5882352941176471,0.3,40,0.6,0.4166666666666667,16,0.5,0.25,56,0.5714285714285714,0.375,18,0.4444444444444444,0.875,0.475,74,0.5405405405405406,0.21621621621621623,0.24324324324324326,0.7567567567567568,6,0.08108108108108109,0.6666666666666666,2026,2026
Rienk Mast,Nebraska,26,6,14,9,14,5,16,21,16,0,0,0,rienk mast,F,Sr,26,6,32,0.8125,0.5384615384615384,32,0.8125,0.5384615384615384,23,0.391304347826087,0.5555555555555556,55,0.6363636363636364,0.5428571428571428,37,0.43243243243243246,1.0,0.6862745098039216,92,0.34782608695652173,0.25,0.40217391304347827,0.5978260869565217,0,0.0,,2026,2026
Rick Issanza,Loyola Marymount,14,4,11,2,3,0,0,1,0,12,2,11,rick issanza,C,Sr,2,2,4,0.5,0.0,18,0.7777777777777778,0.7857142857142857,5,0.4,0.0,23,0.6956521739130435,0.6875,1,0.0,,0.6875,24,0.75,0.20833333333333334,0.041666666666666664,0.9583333333333334,14,0.5833333333333334,0.8571428571428571,2026,2026
Steele Venters,Gonzaga,3,0,0,1,2,0,13,26,12,0,0,0,steele venters,G,Sr,3,0,3,1.0,0.0,3,1.0,0.0,3,0.3333333333333333,0.0,6,0.6666666666666666,0.0,39,0.3333333333333333,0.9230769230769231,0.7058823529411765,45,0.06666666666666667,0.06666666666666667,0.8666666666666667,0.13333333333333333,0,0.0,,2026,2026
Micah Thomas,Northwestern St.,5,4,0,19,27,4,13,16,7,0,0,0,micah thomas,G,Sr,5,4,9,0.5555555555555556,0.0,9,0.5555555555555556,0.0,46,0.41304347826086957,0.21052631578947367,55,0.43636363636363634,0.16666666666666666,29,0.4482758620689655,0.5384615384615384,0.2972972972972973,84,0.10714285714285714,0.5476190476190477,0.34523809523809523,0.6547619047619048,0,0.0,,2026,2026
Rashaun Agee,Texas A&M,25,13,17,6,5,3,3,17,3,6,1,5,rashaun agee,F,Sr,19,12,31,0.6129032258064516,0.631578947368421,38,0.6578947368421053,0.68,11,0.5454545454545454,0.5,49,0.6326530612244898,0.6451612903225806,20,0.15,1.0,0.6764705882352942,69,0.5507246376811594,0.15942028985507245,0.2898550724637681,0.7101449275362319,7,0.10144927536231885,0.8571428571428571,2026,2026
Tyler Cochran,Rhode Island,28,27,2,5,9,0,11,30,9,0,0,0,tyler cochran,G,Sr,28,27,55,0.509090909090909,0.07142857142857142,55,0.509090909090909,0.07142857142857142,14,0.35714285714285715,0.0,69,0.4782608695652174,0.06060606060606061,41,0.2682926829268293,0.8181818181818182,0.25,110,0.5,0.12727272727272726,0.37272727272727274,0.6272727272727273,0,0.0,,2026,2026
Curt Lewis,Southern Miss,1,0,0,2,1,2,12,17,11,0,0,0,curt lewis,G,Sr,1,0,1,1.0,0.0,1,1.0,0.0,3,0.6666666666666666,1.0,4,0.75,0.6666666666666666,29,0.41379310344827586,0.9166666666666666,0.8666666666666667,33,0.030303030303030304,0.09090909090909091,0.8787878787878788,0.12121212121212122,0,0.0,,2026,2026
Chase Johnston,High Point,0,0,0,0,1,0,23,33,22,0,0,0,chase johnston,G,Sr,0,0,0,,,0,,,1,0.0,,1,0.0,,56,0.4107142857142857,0.9565217391304348,0.9565217391304348,57,0.0,0.017543859649122806,0.9824561403508771,0.017543859649122806,0,0.0,,2026,2026
Devan Cambridge,UCF,13,7,12,0,2,0,3,11,3,4,0,4,devan cambridge,F,Sr,9,7,16,0.5625,0.8888888888888888,20,0.65,0.9230769230769231,2,0.0,,22,0.5909090909090909,0.9230769230769231,14,0.21428571428571427,1.0,0.9375,36,0.5555555555555556,0.05555555555555555,0.3888888888888889,0.6111111111111112,4,0.1111111111111111,1.0,2026,2026
Gianni Hunt,East Texas A&M,13,5,1,1,6,0,6,11,5,0,0,0,gianni hunt,G,Sr,13,5,18,0.7222222222222222,0.07692307692307693,18,0.7222222222222222,0.07692307692307693,7,0.14285714285714285,0.0,25,0.56,0.07142857142857142,17,0.35294117647058826,0.8333333333333334,0.3,42,0.42857142857142855,0.16666666666666666,0.40476190476190477,0.5952380952380952,0,0.0,,2026,2026
Morgan Safford,Kent St.,11,9,4,2,7,0,24,34,24,1,0,0,morgan safford,G,Sr,10,9,19,0.5263157894736842,0.4,20,0.55,0.36363636363636365,9,0.2222222222222222,0.0,29,0.4482758620689655,0.3076923076923077,58,0.41379310344827586,1.0,0.7567567567567568,87,0.22988505747126436,0.10344827586206896,0.6666666666666666,0.3333333333333333,1,0.011494252873563218,1.0,2026,2026
Matt Van Komen,Marshall,32,6,23,7,8,2,0,0,0,17,0,14,matt van komen,C,Sr,15,6,21,0.7142857142857143,0.6,38,0.8421052631578947,0.71875,15,0.4666666666666667,0.2857142857142857,53,0.7358490566037735,0.6410256410256411,0,,,0.6410256410256411,53,0.7169811320754716,0.2830188679245283,0.0,1.0,17,0.32075471698113206,1.0,2026,2026
Josh Ogundele,Hampton,14,11,7,0,1,0,1,2,1,1,0,1,josh ogundele,F,Sr,13,11,24,0.5416666666666666,0.46153846153846156,25,0.56,0.5,1,0.0,,26,0.5384615384615384,0.5,3,0.3333333333333333,1.0,0.5333333333333333,29,0.8620689655172413,0.034482758620689655,0.10344827586206896,0.896551724137931,1,0.034482758620689655,1.0,2026,2026
Jahari Long,George Mason,13,7,1,1,13,1,16,16,11,0,0,0,jahari long,G,Sr,13,7,20,0.65,0.07692307692307693,20,0.65,0.07692307692307693,14,0.07142857142857142,1.0,34,0.4117647058823529,0.14285714285714285,32,0.5,0.6875,0.43333333333333335,66,0.30303030303030304,0.21212121212121213,0.48484848484848486,0.5151515151515151,0,0.0,,2026,2026
Javon Cooley,Pepperdine,12,6,10,5,11,5,12,25,12,1,0,1,javon cooley,G,Sr,11,6,17,0.6470588235294118,0.8181818181818182,18,0.6666666666666666,0.8333333333333334,16,0.3125,1.0,34,0.5,0.8823529411764706,37,0.32432432432432434,1.0,0.9310344827586207,71,0.2535211267605634,0.22535211267605634,0.5211267605633803,0.4788732394366197,1,0.014084507042253521,1.0,2026,2026
Toneari Lane,San Diego,7,3,2,5,1,1,12,30,12,0,0,0,toneari lane,G,Sr,7,3,10,0.7,0.2857142857142857,10,0.7,0.2857142857142857,6,0.8333333333333334,0.2,16,0.75,0.25,42,0.2857142857142857,1.0,0.625,58,0.1724137931034483,0.10344827586206896,0.7241379310344828,0.27586206896551724,0,0.0,,2026,2026
Trae Broadnax,Rice,11,14,2,18,25,0,13,23,9,0,0,0,trae broadnax,G,Sr,11,14,25,0.44,0.18181818181818182,25,0.44,0.18181818181818182,43,0.4186046511627907,0.0,68,0.4264705882352941,0.06896551724137931,36,0.3611111111111111,0.6923076923076923,0.2619047619047619,104,0.2403846153846154,0.41346153846153844,0.34615384615384615,0.6538461538461539,0,0.0,,2026,2026
Jeremiah Williams,Georgetown,2,5,1,3,8,0,3,6,3,0,1,0,jeremiah williams,G,Sr,2,4,6,0.3333333333333333,0.5,7,0.2857142857142857,0.5,11,0.2727272727272727,0.0,18,0.2777777777777778,0.2,9,0.3333333333333333,1.0,0.5,27,0.25925925925925924,0.4074074074074074,0.3333333333333333,0.6666666666666666,1,0.037037037037037035,0.0,2026,2026
Keishon Porter,Evansville,13,8,4,10,15,2,4,18,4,3,2,1,keishon porter,G,Sr,10,6,16,0.625,0.3,21,0.6190476190476191,0.3076923076923077,25,0.4,0.2,46,0.5,0.2608695652173913,22,0.18181818181818182,1.0,0.37037037037037035,68,0.3088235294117647,0.36764705882352944,0.3235294117647059,0.6764705882352942,5,0.07352941176470588,0.6,2026,2026
Alec Oglesby,Middle Tennessee,2,3,0,1,5,1,13,8,13,0,0,0,alec oglesby,G,Sr,2,3,5,0.4,0.0,5,0.4,0.0,6,0.16666666666666666,1.0,11,0.2727272727272727,0.3333333333333333,21,0.6190476190476191,1.0,0.875,32,0.15625,0.1875,0.65625,0.34375,0,0.0,,2026,2026
Tegra Izay,Southern Miss,3,1,1,2,2,2,0,0,0,1,0,1,tegra izay,C,Sr,2,1,3,0.6666666666666666,0.0,4,0.75,0.3333333333333333,4,0.5,1.0,8,0.625,0.6,0,,,0.6,8,0.5,0.5,0.0,1.0,1,0.125,1.0,2026,2026
Latrell Wrightsell Jr.,Alabama,3,1,0,1,4,0,6,12,4,0,0,0,latrell wrightsell jr.,G,Sr,3,1,4,0.75,0.0,4,0.75,0.0,5,0.2,0.0,9,0.4444444444444444,0.0,18,0.3333333333333333,0.6666666666666666,0.4,27,0.14814814814814814,0.18518518518518517,0.6666666666666666,0.3333333333333333,0,0.0,,2026,2026
Nijel Pack,Oklahoma,7,3,2,13,15,1,35,37,26,0,0,0,nijel pack,G,Sr,7,3,10,0.7,0.2857142857142857,10,0.7,0.2857142857142857,28,0.4642857142857143,0.07692307692307693,38,0.5263157894736842,0.15,72,0.4861111111111111,0.7428571428571429,0.5272727272727272,110,0.09090909090909091,0.2545454545454545,0.6545454545454545,0.34545454545454546,0,0.0,,2026,2026
Chad Baker-Mazara,USC,12,8,4,24,23,6,22,38,13,1,0,1,chad baker-mazara,F,Sr,11,8,19,0.5789473684210527,0.2727272727272727,20,0.6,0.3333333333333333,47,0.5106382978723404,0.25,67,0.5373134328358209,0.2777777777777778,60,0.36666666666666664,0.5909090909090909,0.39655172413793105,127,0.15748031496062992,0.3700787401574803,0.47244094488188976,0.5275590551181102,1,0.007874015748031496,1.0,2026,2026
Dante Harris,Tennessee St.,13,14,2,8,16,1,6,10,4,0,0,0,dante harris,G,Sr,13,14,27,0.48148148148148145,0.15384615384615385,27,0.48148148148148145,0.15384615384615385,24,0.3333333333333333,0.125,51,0.4117647058823529,0.14285714285714285,16,0.375,0.6666666666666666,0.25925925925925924,67,0.40298507462686567,0.3582089552238806,0.23880597014925373,0.7611940298507462,0,0.0,,2026,2026
Jay Rodgers,Central Connecticut,5,8,0,11,15,0,9,11,7,0,0,0,jay rodgers,G,Sr,5,8,13,0.38461538461538464,0.0,13,0.38461538461538464,0.0,26,0.4230769230769231,0.0,39,0.41025641025641024,0.0,20,0.45,0.7777777777777778,0.28,59,0.22033898305084745,0.4406779661016949,0.3389830508474576,0.6610169491525424,0,0.0,,2026,2026
Jalen Speer,Marshall,5,3,1,6,18,2,25,46,14,0,0,0,jalen speer,G,Sr,5,3,8,0.625,0.2,8,0.625,0.2,24,0.25,0.3333333333333333,32,0.34375,0.2727272727272727,71,0.352112676056338,0.56,0.4722222222222222,103,0.07766990291262135,0.23300970873786409,0.6893203883495146,0.3106796116504854,0,0.0,,2026,2026
Saba Gigiberia,San Francisco,7,2,5,3,1,0,0,0,0,4,0,4,saba gigiberia,F,Sr,3,2,5,0.6,0.3333333333333333,9,0.7777777777777778,0.7142857142857143,4,0.75,0.0,13,0.7692307692307693,0.5,0,,,0.5,13,0.6923076923076923,0.3076923076923077,0.0,1.0,4,0.3076923076923077,1.0,2026,2026
Tyon Grant-Foster,Gonzaga,31,18,19,5,7,1,4,19,3,11,1,7,tyon grant-foster,F,Sr,20,17,37,0.5405405405405406,0.6,49,0.6326530612244898,0.6129032258064516,12,0.4166666666666667,0.2,61,0.5901639344262295,0.5555555555555556,23,0.17391304347826086,0.75,0.575,84,0.5833333333333334,0.14285714285714285,0.27380952380952384,0.7261904761904762,12,0.14285714285714285,0.9166666666666666,2026,2026
Yame Butler,Butler,6,6,2,4,3,0,4,10,4,0,0,0,yame butler,G,Sr,6,6,12,0.5,0.3333333333333333,12,0.5,0.3333333333333333,7,0.5714285714285714,0.0,19,0.5263157894736842,0.2,14,0.2857142857142857,1.0,0.42857142857142855,33,0.36363636363636365,0.21212121212121213,0.42424242424242425,0.5757575757575758,0,0.0,,2026,2026
Anthony Roy,Oklahoma St.,14,11,2,3,3,0,13,19,10,0,0,0,anthony roy,F,Sr,14,11,25,0.56,0.14285714285714285,25,0.56,0.14285714285714285,6,0.5,0.0,31,0.5483870967741935,0.11764705882352941,32,0.40625,0.7692307692307693,0.4,63,0.3968253968253968,0.09523809523809523,0.5079365079365079,0.49206349206349204,0,0.0,,2026,2026
Graham Ike,Gonzaga,28,22,20,20,19,7,6,11,6,4,1,3,graham ike,F,Sr,24,21,45,0.5333333333333333,0.7083333333333334,50,0.56,0.7142857142857143,39,0.5128205128205128,0.35,89,0.5393258426966292,0.5625,17,0.35294117647058826,1.0,0.6111111111111112,106,0.4716981132075472,0.36792452830188677,0.16037735849056603,0.839622641509434,5,0.04716981132075472,0.8,2026,2026
Quincy Ballard,Mississippi St.,19,8,13,9,9,7,0,0,0,9,1,8,quincy ballard,C,Sr,10,7,17,0.5882352941176471,0.5,27,0.7037037037037037,0.6842105263157895,18,0.5,0.7777777777777778,45,0.6222222222222222,0.7142857142857143,0,,,0.7142857142857143,45,0.6,0.4,0.0,1.0,10,0.2222222222222222,0.9,2026,2026
Devin Askew,Villanova,7,3,1,6,6,1,14,19,14,0,0,0,devin askew,G,Sr,7,3,10,0.7,0.14285714285714285,10,0.7,0.14285714285714285,12,0.5,0.16666666666666666,22,0.5909090909090909,0.15384615384615385,33,0.42424242424242425,1.0,0.5925925925925926,55,0.18181818181818182,0.21818181818181817,0.6,0.4,0,0.0,,2026,2026
Markhi Strickland,North Dakota St.,24,13,9,21,17,6,0,0,0,5,1,4,markhi strickland,F,Sr,19,12,31,0.6129032258064516,0.2631578947368421,37,0.6486486486486487,0.375,38,0.5526315789473685,0.2857142857142857,75,0.6,0.3333333333333333,0,,,0.3333333333333333,75,0.49333333333333335,0.5066666666666667,0.0,1.0,6,0.08,0.8333333333333334,2026,2026
Yacine Toumi,Hawaii,14,5,10,3,5,1,0,0,0,1,0,1,yacine toumi,C,Sr,13,5,18,0.7222222222222222,0.6923076923076923,19,0.7368421052631579,0.7142857142857143,8,0.375,0.3333333333333333,27,0.6296296296296297,0.6470588235294118,0,,,0.6470588235294118,27,0.7037037037037037,0.2962962962962963,0.0,1.0,1,0.037037037037037035,1.0,2026,2026
Skylar Wicks,Saint Francis,14,17,3,18,22,4,15,27,13,2,1,2,skylar wicks,F,Sr,12,16,28,0.42857142857142855,0.08333333333333333,31,0.45161290322580644,0.21428571428571427,40,0.45,0.2222222222222222,71,0.4507042253521127,0.21875,42,0.35714285714285715,0.8666666666666667,0.425531914893617,113,0.2743362831858407,0.35398230088495575,0.37168141592920356,0.6283185840707964,3,0.02654867256637168,0.6666666666666666,2026,2026
Kaden Metheny,Liberty,15,6,3,0,0,0,20,26,14,0,0,0,kaden metheny,G,Sr,15,6,21,0.7142857142857143,0.2,21,0.7142857142857143,0.2,0,,,21,0.7142857142857143,0.2,46,0.43478260869565216,0.7,0.4857142857142857,67,0.31343283582089554,0.0,0.6865671641791045,0.31343283582089554,0,0.0,,2026,2026
David Green,Tulsa,14,13,5,7,4,3,14,28,14,1,0,1,david green,F,Sr,13,13,26,0.5,0.3076923076923077,27,0.5185185185185185,0.35714285714285715,11,0.6363636363636364,0.42857142857142855,38,0.5526315789473685,0.38095238095238093,42,0.3333333333333333,1.0,0.6285714285714286,80,0.3375,0.1375,0.525,0.475,1,0.0125,1.0,2026,2026
Tramon Mark,Texas,14,3,4,7,4,0,6,24,2,1,0,0,tramon mark,G,Sr,13,3,16,0.8125,0.3076923076923077,17,0.8235294117647058,0.2857142857142857,11,0.6363636363636364,0.0,28,0.75,0.19047619047619047,30,0.2,0.3333333333333333,0.2222222222222222,58,0.29310344827586204,0.1896551724137931,0.5172413793103449,0.4827586206896552,1,0.017241379310344827,1.0,2026,2026
Jadon Jones,Oklahoma,1,0,1,0,0,0,6,13,6,0,0,0,jadon jones,G,Sr,1,0,1,1.0,1.0,1,1.0,1.0,0,,,1,1.0,1.0,19,0.3157894736842105,1.0,1.0,20,0.05,0.0,0.95,0.05,0,0.0,,2026,2026
Joshua O'Garro,Cal St. Northridge,29,10,6,4,10,1,3,21,3,2,0,2,joshua o'garro,F,Sr,27,10,37,0.7297297297297297,0.14814814814814814,39,0.7435897435897436,0.20689655172413793,14,0.2857142857142857,0.25,53,0.6226415094339622,0.21212121212121213,24,0.125,1.0,0.2777777777777778,77,0.5064935064935064,0.18181818181818182,0.3116883116883117,0.6883116883116883,2,0.025974025974025976,1.0,2026,2026
Cam'Ron Fletcher,High Point,43,17,31,4,8,0,10,23,10,18,1,16,cam'ron fletcher,F,Sr,25,16,41,0.6097560975609756,0.6,60,0.7166666666666667,0.7209302325581395,12,0.3333333333333333,0.0,72,0.6527777777777778,0.6595744680851063,33,0.30303030303030304,1.0,0.7192982456140351,105,0.5714285714285714,0.11428571428571428,0.3142857142857143,0.6857142857142857,19,0.18095238095238095,0.9473684210526315,2026,2026
Nate Heise,Iowa St.,11,3,10,1,0,0,7,16,7,1,0,1,nate heise,G,Sr,10,3,13,0.7692307692307693,0.9,14,0.7857142857142857,0.9090909090909091,1,1.0,0.0,15,0.8,0.8333333333333334,23,0.30434782608695654,1.0,0.8947368421052632,38,0.3684210526315789,0.02631578947368421,0.6052631578947368,0.39473684210526316,1,0.02631578947368421,1.0,2026,2026
Niko Rocak,UC Davis,16,5,8,1,1,1,7,9,7,3,0,2,niko rocak,F,Sr,13,5,18,0.7222222222222222,0.46153846153846156,21,0.7619047619047619,0.5,2,0.5,1.0,23,0.7391304347826086,0.5294117647058824,16,0.4375,1.0,0.6666666666666666,39,0.5384615384615384,0.05128205128205128,0.41025641025641024,0.5897435897435898,3,0.07692307692307693,1.0,2026,2026
John Hugley IV,Duquesne,29,14,16,9,7,4,6,14,5,5,0,4,john hugley iv,F,Sr,24,14,38,0.631578947368421,0.5,43,0.6744186046511628,0.5517241379310345,16,0.5625,0.4444444444444444,59,0.6440677966101694,0.5263157894736842,20,0.3,0.8333333333333334,0.5681818181818182,79,0.5443037974683544,0.20253164556962025,0.25316455696202533,0.7468354430379747,5,0.06329113924050633,1.0,2026,2026
Brandon Noel,Ohio St.,27,3,21,4,3,2,2,5,1,10,0,9,brandon noel,F,Sr,17,3,20,0.85,0.7058823529411765,30,0.9,0.7777777777777778,7,0.5714285714285714,0.5,37,0.8378378378378378,0.7419354838709677,7,0.2857142857142857,0.5,0.7272727272727273,44,0.6818181818181818,0.1590909090909091,0.1590909090909091,0.8409090909090909,10,0.22727272727272727,1.0,2026,2026
Alex Huibregtse,Bradley,8,0,4,1,9,0,31,44,28,0,0,0,alex huibregtse,G,Sr,8,0,8,1.0,0.5,8,1.0,0.5,10,0.1,0.0,18,0.5,0.4444444444444444,75,0.41333333333333333,0.9032258064516129,0.8,93,0.08602150537634409,0.10752688172043011,0.8064516129032258,0.1935483870967742,0,0.0,,2026,2026
Dawson Baker,BYU,3,4,0,2,3,2,9,10,9,0,0,0,dawson baker,G,Sr,3,4,7,0.42857142857142855,0.0,7,0.42857142857142855,0.0,5,0.4,1.0,12,0.4166666666666667,0.4,19,0.47368421052631576,1.0,0.7857142857142857,31,0.22580645161290322,0.16129032258064516,0.6129032258064516,0.3870967741935484,0,0.0,,2026,2026
Jacob Crews,Missouri,15,4,8,1,5,1,25,26,23,3,0,2,jacob crews,F,Sr,12,4,16,0.75,0.5,19,0.7894736842105263,0.5333333333333333,6,0.16666666666666666,1.0,25,0.64,0.5625,51,0.49019607843137253,0.92,0.7804878048780488,76,0.25,0.07894736842105263,0.6710526315789473,0.32894736842105265,3,0.039473684210526314,1.0,2026,2026
Jeremiah Oden,San Diego St.,11,1,8,1,4,0,5,11,5,5,0,4,jeremiah oden,F,Sr,6,1,7,0.8571428571428571,0.6666666666666666,12,0.9166666666666666,0.7272727272727273,5,0.2,0.0,17,0.7058823529411765,0.6666666666666666,16,0.3125,1.0,0.7647058823529411,33,0.36363636363636365,0.15151515151515152,0.48484848484848486,0.5151515151515151,5,0.15151515151515152,1.0,2026,2026
Kasen Jennings,Appalachian St.,13,5,3,12,30,3,14,23,12,0,0,0,kasen jennings,G,Sr,13,5,18,0.7222222222222222,0.23076923076923078,18,0.7222222222222222,0.23076923076923078,42,0.2857142857142857,0.25,60,0.4166666666666667,0.24,37,0.3783783783783784,0.8571428571428571,0.46153846153846156,97,0.18556701030927836,0.4329896907216495,0.38144329896907214,0.6185567010309279,0,0.0,,2026,2026
Jaron Pierre Jr.,SMU,31,13,22,12,25,3,15,33,13,5,1,4,jaron pierre jr.,G,Sr,26,12,38,0.6842105263157895,0.6923076923076923,44,0.7045454545454546,0.7096774193548387,37,0.32432432432432434,0.25,81,0.5308641975308642,0.5813953488372093,48,0.3125,0.8666666666666667,0.6551724137931034,129,0.34108527131782945,0.2868217054263566,0.37209302325581395,0.627906976744186,6,0.046511627906976744,0.8333333333333334,2026,2026
Justin Wright,UNC Asheville,8,7,1,29,18,4,16,19,10,0,0,0,justin wright,G,Sr,8,7,15,0.5333333333333333,0.125,15,0.5333333333333333,0.125,47,0.6170212765957447,0.13793103448275862,62,0.5967741935483871,0.13513513513513514,35,0.45714285714285713,0.625,0.2830188679245283,97,0.15463917525773196,0.4845360824742268,0.36082474226804123,0.6391752577319587,0,0.0,,2026,2026
J'Vonne Hadley,Louisville,17,14,10,5,4,0,8,9,7,1,0,1,j'vonne hadley,G,Sr,16,14,30,0.5333333333333333,0.5625,31,0.5483870967741935,0.5882352941176471,9,0.5555555555555556,0.0,40,0.55,0.45454545454545453,17,0.47058823529411764,0.875,0.5666666666666667,57,0.543859649122807,0.15789473684210525,0.2982456140350877,0.7017543859649122,1,0.017543859649122806,1.0,2026,2026
Martel Williams,Cal Baptist,36,45,1,9,11,1,13,25,13,0,1,0,martel williams,G,Sr,36,44,80,0.45,0.027777777777777776,81,0.4444444444444444,0.027777777777777776,20,0.45,0.1111111111111111,101,0.44554455445544555,0.044444444444444446,38,0.34210526315789475,1.0,0.25862068965517243,139,0.5827338129496403,0.14388489208633093,0.2733812949640288,0.7266187050359713,1,0.007194244604316547,0.0,2026,2026
A.J. Staton-McCray,Seton Hall,19,13,10,6,12,2,21,32,20,2,0,2,a.j. staton-mccray,G,Sr,17,13,30,0.5666666666666667,0.47058823529411764,32,0.59375,0.5263157894736842,18,0.3333333333333333,0.3333333333333333,50,0.5,0.48,53,0.39622641509433965,0.9523809523809523,0.6956521739130435,103,0.3106796116504854,0.17475728155339806,0.5145631067961165,0.4854368932038835,2,0.019417475728155338,1.0,2026,2026
Brandon Lieb,Illinois St.,12,8,10,6,5,2,0,0,0,6,1,5,brandon lieb,C,Sr,6,7,13,0.46153846153846156,0.8333333333333334,20,0.6,0.8333333333333334,11,0.5454545454545454,0.3333333333333333,31,0.5806451612903226,0.6666666666666666,0,,,0.6666666666666666,31,0.6451612903225806,0.3548387096774194,0.0,1.0,7,0.22580645161290322,0.8571428571428571,2026,2026
Adam Miller,Gonzaga,11,2,4,6,6,0,15,29,14,0,0,0,adam miller,G,Sr,11,2,13,0.8461538461538461,0.36363636363636365,13,0.8461538461538461,0.36363636363636365,12,0.5,0.0,25,0.68,0.23529411764705882,44,0.3409090909090909,0.9333333333333333,0.5625,69,0.18840579710144928,0.17391304347826086,0.6376811594202898,0.36231884057971014,0,0.0,,2026,2026
Alyn Breed,N.C. State,2,2,0,0,2,0,2,3,2,0,0,0,alyn breed,G,Sr,2,2,4,0.5,0.0,4,0.5,0.0,2,0.0,,6,0.3333333333333333,0.0,5,0.4,1.0,0.5,11,0.36363636363636365,0.18181818181818182,0.45454545454545453,0.5454545454545454,0,0.0,,2026,2026
Hunter Erickson,Hawaii,12,7,4,3,5,0,11,17,9,0,0,0,hunter erickson,G,Sr,12,7,19,0.631578947368421,0.3333333333333333,19,0.631578947368421,0.3333333333333333,8,0.375,0.0,27,0.5555555555555556,0.26666666666666666,28,0.39285714285714285,0.8181818181818182,0.5,55,0.34545454545454546,0.14545454545454545,0.509090909090909,0.4909090909090909,0,0.0,,2026,2026
Carson Towt,Notre Dame,18,10,10,7,7,6,0,0,0,3,1,3,carson towt,C,Sr,15,9,24,0.625,0.4666666666666667,28,0.6428571428571429,0.5555555555555556,14,0.5,0.8571428571428571,42,0.5952380952380952,0.64,0,,,0.64,42,0.6666666666666666,0.3333333333333333,0.0,1.0,4,0.09523809523809523,0.75,2026,2026
Jared Garcia,Nebraska,2,4,1,2,2,2,3,7,3,0,0,0,jared garcia,F,Sr,2,4,6,0.3333333333333333,0.5,6,0.3333333333333333,0.5,4,0.5,1.0,10,0.4,0.75,10,0.3,1.0,0.8571428571428571,20,0.3,0.2,0.5,0.5,0,0.0,,2026,2026
Boden Skunberg,Illinois St.,11,7,5,6,13,4,17,23,14,0,0,0,boden skunberg,G,Sr,11,7,18,0.6111111111111112,0.45454545454545453,18,0.6111111111111112,0.45454545454545453,19,0.3157894736842105,0.6666666666666666,37,0.4594594594594595,0.5294117647058824,40,0.425,0.8235294117647058,0.6764705882352942,77,0.23376623376623376,0.24675324675324675,0.5194805194805194,0.4805194805194805,0,0.0,,2026,2026
Aly Khalifa,Louisville,5,4,3,0,3,0,4,9,4,0,0,0,aly khalifa,F,Sr,5,4,9,0.5555555555555556,0.6,9,0.5555555555555556,0.6,3,0.0,,12,0.4166666666666667,0.6,13,0.3076923076923077,1.0,0.7777777777777778,25,0.36,0.12,0.52,0.48,0,0.0,,2026,2026
Duke Miles,Vanderbilt,23,6,4,8,15,0,18,24,12,1,0,1,duke miles,G,Sr,22,6,28,0.7857142857142857,0.13636363636363635,29,0.7931034482758621,0.17391304347826086,23,0.34782608695652173,0.0,52,0.5961538461538461,0.12903225806451613,42,0.42857142857142855,0.6666666666666666,0.32653061224489793,94,0.30851063829787234,0.24468085106382978,0.44680851063829785,0.5531914893617021,1,0.010638297872340425,1.0,2026,2026
Terrance Williams II,USC,5,7,1,1,1,0,3,7,3,0,0,0,terrance williams ii,G,Sr,5,7,12,0.4166666666666667,0.2,12,0.4166666666666667,0.2,2,0.5,0.0,14,0.42857142857142855,0.16666666666666666,10,0.3,1.0,0.4444444444444444,24,0.5,0.08333333333333333,0.4166666666666667,0.5833333333333334,0,0.0,,2026,2026
Nick Boyd,Wisconsin,41,25,4,9,10,0,16,34,10,0,0,0,nick boyd,G,Sr,41,25,66,0.6212121212121212,0.0975609756097561,66,0.6212121212121212,0.0975609756097561,19,0.47368421052631576,0.0,85,0.5882352941176471,0.08,50,0.32,0.625,0.21212121212121213,135,0.4888888888888889,0.14074074074074075,0.37037037037037035,0.6296296296296297,0,0.0,,2026,2026
Dwayne Koroma,Connecticut,8,6,6,0,1,0,0,0,0,1,0,1,dwayne koroma,F,Sr,7,6,13,0.5384615384615384,0.7142857142857143,14,0.5714285714285714,0.75,1,0.0,,15,0.5333333333333333,0.75,0,,,0.75,15,0.9333333333333333,0.06666666666666667,0.0,1.0,1,0.06666666666666667,1.0,2026,2026
Jamal West Jr.,UTEP,7,6,1,4,5,1,2,4,2,2,0,1,jamal west jr.,G,Sr,5,6,11,0.45454545454545453,0.0,13,0.5384615384615384,0.14285714285714285,9,0.4444444444444444,0.25,22,0.5,0.18181818181818182,6,0.3333333333333333,1.0,0.3076923076923077,28,0.4642857142857143,0.32142857142857145,0.21428571428571427,0.7857142857142857,2,0.07142857142857142,1.0,2026,2026
Jadrian Tracey,VCU,11,13,4,4,7,2,19,28,15,3,2,3,jadrian tracey,G,Sr,8,11,19,0.42105263157894735,0.125,24,0.4583333333333333,0.36363636363636365,11,0.36363636363636365,0.5,35,0.42857142857142855,0.4,47,0.40425531914893614,0.7894736842105263,0.6176470588235294,82,0.2926829268292683,0.13414634146341464,0.573170731707317,0.4268292682926829,5,0.06097560975609756,0.6,2026,2026
Jayden Stone,Missouri,16,2,8,3,1,3,10,14,9,3,0,2,jayden stone,G,Sr,13,2,15,0.8666666666666667,0.46153846153846156,18,0.8888888888888888,0.5,4,0.75,1.0,22,0.8636363636363636,0.5789473684210527,24,0.4166666666666667,0.9,0.6896551724137931,46,0.391304347826087,0.08695652173913043,0.5217391304347826,0.4782608695652174,3,0.06521739130434782,1.0,2026,2026
Nick Pringle,Arkansas,17,7,14,0,2,0,0,0,0,10,0,8,nick pringle,C,Sr,7,7,14,0.5,0.8571428571428571,24,0.7083333333333334,0.8235294117647058,2,0.0,,26,0.6538461538461539,0.8235294117647058,0,,,0.8235294117647058,26,0.9230769230769231,0.07692307692307693,0.0,1.0,10,0.38461538461538464,1.0,2026,2026
Nimari Burnett,Michigan,12,7,5,1,1,0,12,15,12,2,1,2,nimari burnett,G,Sr,10,6,16,0.625,0.3,19,0.631578947368421,0.4166666666666667,2,0.5,0.0,21,0.6190476190476191,0.38461538461538464,27,0.4444444444444444,1.0,0.68,48,0.3958333333333333,0.041666666666666664,0.5625,0.4375,3,0.0625,0.6666666666666666,2026,2026
Deuce Turner,Fairfield,12,9,2,6,19,2,15,29,10,0,0,0,deuce turner,G,Sr,12,9,21,0.5714285714285714,0.16666666666666666,21,0.5714285714285714,0.16666666666666666,25,0.24,0.3333333333333333,46,0.391304347826087,0.2222222222222222,44,0.3409090909090909,0.6666666666666666,0.42424242424242425,90,0.23333333333333334,0.2777777777777778,0.4888888888888889,0.5111111111111111,0,0.0,,2026,2026
Javohn Garcia,McNeese St.,14,12,4,4,7,0,9,12,9,0,0,0,javohn garcia,G,Sr,14,12,26,0.5384615384615384,0.2857142857142857,26,0.5384615384615384,0.2857142857142857,11,0.36363636363636365,0.0,37,0.4864864864864865,0.2222222222222222,21,0.42857142857142855,1.0,0.48148148148148145,58,0.4482758620689655,0.1896551724137931,0.3620689655172414,0.6379310344827587,0,0.0,,2026,2026
Dominic Parolin,Boise St.,7,9,6,0,1,0,1,2,1,0,0,0,dominic parolin,F,Sr,7,9,16,0.4375,0.8571428571428571,16,0.4375,0.8571428571428571,1,0.0,,17,0.4117647058823529,0.8571428571428571,3,0.3333333333333333,1.0,0.875,20,0.8,0.05,0.15,0.85,0,0.0,,2026,2026
Reese Dixon-Waters,San Diego St.,5,2,2,11,12,4,12,21,7,0,0,0,reese dixon-waters,G,Sr,5,2,7,0.7142857142857143,0.4,7,0.7142857142857143,0.4,23,0.4782608695652174,0.36363636363636365,30,0.5333333333333333,0.375,33,0.36363636363636365,0.5833333333333334,0.4642857142857143,63,0.1111111111111111,0.36507936507936506,0.5238095238095238,0.47619047619047616,0,0.0,,2026,2026
Meechie Johnson,South Carolina,15,17,1,9,8,0,20,33,18,1,0,0,meechie johnson,G,Sr,14,17,31,0.45161290322580644,0.07142857142857142,32,0.46875,0.06666666666666667,17,0.5294117647058824,0.0,49,0.4897959183673469,0.041666666666666664,53,0.37735849056603776,0.9,0.4318181818181818,102,0.3137254901960784,0.16666666666666666,0.5196078431372549,0.4803921568627451,1,0.00980392156862745,1.0,2026,2026
Franck Kepnang,Washington,11,7,5,9,14,2,0,0,0,6,0,3,franck kepnang,C,Sr,5,7,12,0.4166666666666667,0.4,18,0.6111111111111112,0.45454545454545453,23,0.391304347826087,0.2222222222222222,41,0.4878048780487805,0.35,0,,,0.35,41,0.43902439024390244,0.5609756097560976,0.0,1.0,6,0.14634146341463414,1.0,2026,2026
Tre-Vaughn Minott,Portland St.,29,13,24,3,5,1,0,1,0,16,5,15,tre-vaughn minott,C,Sr,13,8,21,0.6190476190476191,0.6923076923076923,42,0.6904761904761905,0.8275862068965517,8,0.375,0.3333333333333333,50,0.64,0.78125,1,0.0,,0.78125,51,0.8235294117647058,0.1568627450980392,0.0196078431372549,0.9803921568627451,21,0.4117647058823529,0.7619047619047619,2026,2026
Dola Adebayo,George Mason,10,9,6,0,6,0,5,12,5,4,1,3,dola adebayo,F,Sr,6,8,14,0.42857142857142855,0.5,19,0.5263157894736842,0.6,6,0.0,,25,0.4,0.6,17,0.29411764705882354,1.0,0.7333333333333333,42,0.4523809523809524,0.14285714285714285,0.40476190476190477,0.5952380952380952,5,0.11904761904761904,0.8,2026,2026
Frankie Collins,Vanderbilt,15,12,1,2,6,0,2,8,2,1,0,0,frankie collins,G,Sr,14,12,26,0.5384615384615384,0.07142857142857142,27,0.5555555555555556,0.06666666666666667,8,0.25,0.0,35,0.4857142857142857,0.058823529411764705,10,0.2,1.0,0.15789473684210525,45,0.6,0.17777777777777778,0.2222222222222222,0.7777777777777778,1,0.022222222222222223,1.0,2026,2026
Justice Ajogbor,Saint Joseph's,7,3,7,1,1,1,0,0,0,3,1,3,justice ajogbor,C,Sr,4,2,6,0.6666666666666666,1.0,10,0.7,1.0,2,0.5,1.0,12,0.6666666666666666,1.0,0,,,1.0,12,0.8333333333333334,0.16666666666666666,0.0,1.0,4,0.3333333333333333,0.75,2026,2026
Jordan Riley,East Carolina,26,18,7,23,35,2,9,15,7,8,0,3,jordan riley,G,Sr,18,18,36,0.5,0.2222222222222222,44,0.5909090909090909,0.2692307692307692,58,0.39655172413793105,0.08695652173913043,102,0.4803921568627451,0.1836734693877551,24,0.375,0.7777777777777778,0.27586206896551724,126,0.3492063492063492,0.4603174603174603,0.19047619047619047,0.8095238095238095,8,0.06349206349206349,1.0,2026,2026
Chance Moore,West Virginia,20,11,7,0,4,0,2,5,1,4,0,3,chance moore,F,Sr,16,11,27,0.5925925925925926,0.25,31,0.6451612903225806,0.35,4,0.0,,35,0.5714285714285714,0.35,7,0.2857142857142857,0.5,0.36363636363636365,42,0.7380952380952381,0.09523809523809523,0.16666666666666666,0.8333333333333334,4,0.09523809523809523,1.0,2026,2026
Honor Huff,West Virginia,3,4,0,4,6,0,36,57,29,0,0,0,honor huff,G,Sr,3,4,7,0.42857142857142855,0.0,7,0.42857142857142855,0.0,10,0.4,0.0,17,0.4117647058823529,0.0,93,0.3870967741935484,0.8055555555555556,0.6744186046511628,110,0.06363636363636363,0.09090909090909091,0.8454545454545455,0.15454545454545454,0,0.0,,2026,2026
Bryce Harris,Howard,27,24,11,4,7,2,13,24,13,2,0,2,bryce harris,G,Sr,25,24,49,0.5102040816326531,0.36,51,0.5294117647058824,0.4074074074074074,11,0.36363636363636365,0.5,62,0.5,0.41935483870967744,37,0.35135135135135137,1.0,0.5909090909090909,99,0.5151515151515151,0.1111111111111111,0.37373737373737376,0.6262626262626263,2,0.020202020202020204,1.0,2026,2026
Tahj Staveskie,Incarnate Word,13,9,0,18,13,1,9,20,3,0,0,0,tahj staveskie,G,Jr,13,9,22,0.5909090909090909,0.0,22,0.5909090909090909,0.0,31,0.5806451612903226,0.05555555555555555,53,0.5849056603773585,0.03225806451612903,29,0.3103448275862069,0.3333333333333333,0.1,82,0.2682926829268293,0.3780487804878049,0.35365853658536583,0.6463414634146342,0,0.0,,2026,2026
Robert Vaihola,Minnesota,7,3,7,0,0,0,0,0,0,0,0,0,robert vaihola,C,Sr,7,3,10,0.7,1.0,10,0.7,1.0,0,,,10,0.7,1.0,0,,,1.0,10,1.0,0.0,0.0,1.0,0,0.0,,2026,2026
Kobe Knox,South Carolina,16,4,9,2,7,0,7,19,6,6,0,4,kobe knox,G,Sr,10,4,14,0.7142857142857143,0.5,20,0.8,0.5625,9,0.2222222222222222,0.0,29,0.6206896551724138,0.5,26,0.2692307692307692,0.8571428571428571,0.6,55,0.36363636363636365,0.16363636363636364,0.4727272727272727,0.5272727272727272,6,0.10909090909090909,1.0,2026,2026
Parsa Fallah,Oklahoma St.,46,19,30,3,2,1,1,2,1,2,0,1,parsa fallah,F,Sr,44,19,63,0.6984126984126984,0.6590909090909091,65,0.7076923076923077,0.6521739130434783,5,0.6,0.3333333333333333,70,0.7,0.6326530612244898,3,0.3333333333333333,1.0,0.64,73,0.8904109589041096,0.0684931506849315,0.0410958904109589,0.958904109589041,2,0.0273972602739726,1.0,2026,2026
Ariel Bland,Bethune Cookman,11,8,7,2,3,1,0,0,0,3,0,3,ariel bland,F,Sr,8,8,16,0.5,0.5,19,0.5789473684210527,0.6363636363636364,5,0.4,0.5,24,0.5416666666666666,0.6153846153846154,0,,,0.6153846153846154,24,0.7916666666666666,0.20833333333333334,0.0,1.0,3,0.125,1.0,2026,2026
Tay Mosher,East Texas A&M,4,0,2,0,1,0,4,8,3,0,0,0,tay mosher,G,Sr,4,0,4,1.0,0.5,4,1.0,0.5,1,0.0,,5,0.8,0.5,12,0.3333333333333333,0.75,0.625,17,0.23529411764705882,0.058823529411764705,0.7058823529411765,0.29411764705882354,0,0.0,,2026,2026
Jalen Breath,Ohio,17,11,10,1,1,1,0,1,0,0,0,0,jalen breath,F,Sr,17,11,28,0.6071428571428571,0.5882352941176471,28,0.6071428571428571,0.5882352941176471,2,0.5,1.0,30,0.6,0.6111111111111112,1,0.0,,0.6111111111111112,31,0.9032258064516129,0.06451612903225806,0.03225806451612903,0.967741935483871,0,0.0,,2026,2026
Khamari McGriff,Kansas St.,35,7,24,4,2,4,0,1,0,6,0,6,khamari mcgriff,C,Sr,29,7,36,0.8055555555555556,0.6206896551724138,42,0.8333333333333334,0.6857142857142857,6,0.6666666666666666,1.0,48,0.8125,0.717948717948718,1,0.0,,0.717948717948718,49,0.8571428571428571,0.12244897959183673,0.02040816326530612,0.9795918367346939,6,0.12244897959183673,1.0,2026,2026
Will Tschetter,Michigan,2,2,0,0,1,0,9,15,9,0,0,0,will tschetter,F,Sr,2,2,4,0.5,0.0,4,0.5,0.0,1,0.0,,5,0.4,0.0,24,0.375,1.0,0.8181818181818182,29,0.13793103448275862,0.034482758620689655,0.8275862068965517,0.1724137931034483,0,0.0,,2026,2026
AJ Lopez,Richmond,13,9,6,4,7,1,10,16,9,1,0,1,aj lopez,G,Sr,12,9,21,0.5714285714285714,0.4166666666666667,22,0.5909090909090909,0.46153846153846156,11,0.36363636363636365,0.25,33,0.5151515151515151,0.4117647058823529,26,0.38461538461538464,0.9,0.5925925925925926,59,0.3728813559322034,0.1864406779661017,0.4406779661016949,0.559322033898305,1,0.01694915254237288,1.0,2026,2026
Julien Soumaoro,Western Carolina,12,6,5,4,9,0,18,31,13,0,0,0,julien soumaoro,G,Sr,12,6,18,0.6666666666666666,0.4166666666666667,18,0.6666666666666666,0.4166666666666667,13,0.3076923076923077,0.0,31,0.5161290322580645,0.3125,49,0.3673469387755102,0.7222222222222222,0.5294117647058824,80,0.225,0.1625,0.6125,0.3875,0,0.0,,2026,2026
Brenton Knapper,Santa Clara,11,9,6,3,2,2,10,29,9,0,0,0,brenton knapper,G,Sr,11,9,20,0.55,0.5454545454545454,20,0.55,0.5454545454545454,5,0.6,0.6666666666666666,25,0.56,0.5714285714285714,39,0.2564102564102564,0.9,0.7083333333333334,64,0.3125,0.078125,0.609375,0.390625,0,0.0,,2026,2026
Chris Howell,New Mexico,10,10,3,2,3,0,3,10,3,1,0,0,chris howell,G,Sr,9,10,19,0.47368421052631576,0.3333333333333333,20,0.5,0.3,5,0.4,0.0,25,0.48,0.25,13,0.23076923076923078,1.0,0.4,38,0.5263157894736842,0.13157894736842105,0.34210526315789475,0.6578947368421053,1,0.02631578947368421,1.0,2026,2026
Tyler Lundblade,Belmont,2,4,2,8,4,0,30,48,29,0,0,0,tyler lundblade,G,Sr,2,4,6,0.3333333333333333,1.0,6,0.3333333333333333,1.0,12,0.6666666666666666,0.0,18,0.5555555555555556,0.2,78,0.38461538461538464,0.9666666666666667,0.775,96,0.0625,0.125,0.8125,0.1875,0,0.0,,2026,2026
Montavious Myrick,Eastern Kentucky,8,6,2,11,13,4,0,0,0,4,0,2,montavious myrick,C,Sr,4,6,10,0.4,0.0,14,0.5714285714285714,0.25,24,0.4583333333333333,0.36363636363636365,38,0.5,0.3157894736842105,0,,,0.3157894736842105,38,0.3684210526315789,0.631578947368421,0.0,1.0,4,0.10526315789473684,1.0,2026,2026
Justin Neely,UNC Greensboro,31,19,10,11,15,4,3,9,3,1,0,1,justin neely,F,Sr,30,19,49,0.6122448979591837,0.3,50,0.62,0.3225806451612903,26,0.4230769230769231,0.36363636363636365,76,0.5526315789473685,0.3333333333333333,12,0.25,1.0,0.37777777777777777,88,0.5681818181818182,0.29545454545454547,0.13636363636363635,0.8636363636363636,1,0.011363636363636364,1.0,2026,2026
Gus Larson,Queens,12,5,4,0,2,0,3,5,3,1,0,1,gus larson,F,Sr,11,5,16,0.6875,0.2727272727272727,17,0.7058823529411765,0.3333333333333333,2,0.0,,19,0.631578947368421,0.3333333333333333,8,0.375,1.0,0.4666666666666667,27,0.6296296296296297,0.07407407407407407,0.2962962962962963,0.7037037037037037,1,0.037037037037037035,1.0,2026,2026
Zaire Williams,Mercer,7,1,2,2,10,0,18,27,18,1,0,0,zaire williams,G,Sr,6,1,7,0.8571428571428571,0.3333333333333333,8,0.875,0.2857142857142857,12,0.16666666666666666,0.0,20,0.45,0.2222222222222222,45,0.4,1.0,0.7407407407407407,65,0.12307692307692308,0.18461538461538463,0.6923076923076923,0.3076923076923077,1,0.015384615384615385,1.0,2026,2026
Liam Murphy,Purdue,1,0,1,0,0,0,6,6,6,0,0,0,liam murphy,F,Sr,1,0,1,1.0,1.0,1,1.0,1.0,0,,,1,1.0,1.0,12,0.5,1.0,1.0,13,0.07692307692307693,0.0,0.9230769230769231,0.07692307692307693,0,0.0,,2026,2026
Theo Seng,Troy,35,16,20,1,5,1,5,23,5,1,0,1,theo seng,F,Sr,34,16,50,0.68,0.5588235294117647,51,0.6862745098039216,0.5714285714285714,6,0.16666666666666666,1.0,57,0.631578947368421,0.5833333333333334,28,0.17857142857142858,1.0,0.6341463414634146,85,0.6,0.07058823529411765,0.32941176470588235,0.6705882352941176,1,0.011764705882352941,1.0,2026,2026
Grant Asman,Lipscomb,12,4,8,1,4,1,21,27,21,2,0,1,grant asman,F,Sr,10,4,14,0.7142857142857143,0.7,16,0.75,0.6666666666666666,5,0.2,1.0,21,0.6190476190476191,0.6923076923076923,48,0.4375,1.0,0.8823529411764706,69,0.2318840579710145,0.07246376811594203,0.6956521739130435,0.30434782608695654,2,0.028985507246376812,1.0,2026,2026
Sir Issac Herron,Louisiana Tech,12,2,6,5,1,2,0,0,0,2,0,2,sir issac herron,C,Sr,10,2,12,0.8333333333333334,0.4,14,0.8571428571428571,0.5,6,0.8333333333333334,0.4,20,0.85,0.47058823529411764,0,,,0.47058823529411764,20,0.7,0.3,0.0,1.0,2,0.1,1.0,2026,2026
Lamin Sabally,Iona,42,19,21,3,11,2,0,7,0,7,1,4,lamin sabally,F,Sr,35,18,53,0.660377358490566,0.4857142857142857,61,0.6885245901639344,0.5,14,0.21428571428571427,0.6666666666666666,75,0.6,0.5111111111111111,7,0.0,,0.5111111111111111,82,0.7439024390243902,0.17073170731707318,0.08536585365853659,0.9146341463414634,8,0.0975609756097561,0.875,2026,2026
Jalen Warley,Gonzaga,17,12,7,5,1,3,0,0,0,3,0,2,jalen warley,G,Sr,14,12,26,0.5384615384615384,0.35714285714285715,29,0.5862068965517241,0.4117647058823529,6,0.8333333333333334,0.6,35,0.6285714285714286,0.45454545454545453,0,,,0.45454545454545453,35,0.8285714285714286,0.17142857142857143,0.0,1.0,3,0.08571428571428572,1.0,2026,2026
KeShawn Murphy,Auburn,23,5,12,7,9,3,6,6,5,5,0,4,keshawn murphy,F,Sr,18,5,23,0.782608695652174,0.4444444444444444,28,0.8214285714285714,0.5217391304347826,16,0.4375,0.42857142857142855,44,0.6818181818181818,0.5,12,0.5,0.8333333333333334,0.5555555555555556,56,0.5,0.2857142857142857,0.21428571428571427,0.7857142857142857,5,0.08928571428571429,1.0,2026,2026
Alden Applewhite,Georgia Southern,16,14,4,6,3,3,14,26,12,0,0,0,alden applewhite,G,Sr,16,14,30,0.5333333333333333,0.25,30,0.5333333333333333,0.25,9,0.6666666666666666,0.5,39,0.5641025641025641,0.3181818181818182,40,0.35,0.8571428571428571,0.5277777777777778,79,0.379746835443038,0.11392405063291139,0.5063291139240507,0.4936708860759494,0,0.0,,2026,2026
Josh Odunowo,UMBC,13,8,7,5,9,3,0,0,0,2,1,2,josh odunowo,F,Sr,11,7,18,0.6111111111111112,0.45454545454545453,21,0.6190476190476191,0.5384615384615384,14,0.35714285714285715,0.6,35,0.5142857142857142,0.5555555555555556,0,,,0.5555555555555556,35,0.6,0.4,0.0,1.0,3,0.08571428571428572,0.6666666666666666,2026,2026
Trey Kaufman-Renn,Purdue,19,11,7,23,18,14,1,1,1,3,0,2,trey kaufman-renn,F,Sr,16,11,27,0.5925925925925926,0.3125,30,0.6333333333333333,0.3684210526315789,41,0.5609756097560976,0.6086956521739131,71,0.5915492957746479,0.5,2,0.5,1.0,0.5116279069767442,73,0.410958904109589,0.5616438356164384,0.0273972602739726,0.9726027397260274,3,0.0410958904109589,1.0,2026,2026
A.J. Neal,LIU,0,1,0,6,4,1,3,3,1,0,0,0,a.j. neal,G,Sr,0,1,1,0.0,,1,0.0,,10,0.6,0.16666666666666666,11,0.5454545454545454,0.16666666666666666,6,0.5,0.3333333333333333,0.2222222222222222,17,0.058823529411764705,0.5882352941176471,0.35294117647058826,0.6470588235294118,0,0.0,,2026,2026
Jao Ituka,Northern Illinois,9,9,2,3,4,0,10,18,10,0,0,0,jao ituka,G,Jr,9,9,18,0.5,0.2222222222222222,18,0.5,0.2222222222222222,7,0.42857142857142855,0.0,25,0.48,0.16666666666666666,28,0.35714285714285715,1.0,0.5454545454545454,53,0.33962264150943394,0.1320754716981132,0.5283018867924528,0.4716981132075472,0,0.0,,2026,2026
Joshua Beadle,Coastal Carolina,27,29,4,15,21,1,8,20,5,2,0,1,joshua beadle,G,Sr,25,29,54,0.46296296296296297,0.12,56,0.48214285714285715,0.14814814814814814,36,0.4166666666666667,0.06666666666666667,92,0.45652173913043476,0.11904761904761904,28,0.2857142857142857,0.625,0.2,120,0.4666666666666667,0.3,0.23333333333333334,0.7666666666666667,2,0.016666666666666666,1.0,2026,2026
C.J. Anthony,Iona,18,19,0,8,12,0,15,23,11,0,0,0,c.j. anthony,G,Sr,18,19,37,0.4864864864864865,0.0,37,0.4864864864864865,0.0,20,0.4,0.0,57,0.45614035087719296,0.0,38,0.39473684210526316,0.7333333333333333,0.2682926829268293,95,0.3894736842105263,0.21052631578947367,0.4,0.6,0,0.0,,2026,2026
Kezza Giffa,Mississippi,7,3,2,5,10,1,7,10,7,0,0,0,kezza giffa,G,Sr,7,3,10,0.7,0.2857142857142857,10,0.7,0.2857142857142857,15,0.3333333333333333,0.2,25,0.48,0.25,17,0.4117647058823529,1.0,0.5263157894736842,42,0.23809523809523808,0.35714285714285715,0.40476190476190477,0.5952380952380952,0,0.0,,2026,2026
Jordan Battle,Old Dominion,8,11,2,8,12,2,14,24,11,0,0,0,jordan battle,G,Sr,8,11,19,0.42105263157894735,0.25,19,0.42105263157894735,0.25,20,0.4,0.25,39,0.41025641025641024,0.25,38,0.3684210526315789,0.7857142857142857,0.5,77,0.24675324675324675,0.2597402597402597,0.4935064935064935,0.5064935064935064,0,0.0,,2026,2026
Will McClendon,North Texas,2,3,1,0,3,0,7,10,7,0,0,0,will mcclendon,G,Sr,2,3,5,0.4,0.5,5,0.4,0.5,3,0.0,,8,0.25,0.5,17,0.4117647058823529,1.0,0.8888888888888888,25,0.2,0.12,0.68,0.32,0,0.0,,2026,2026
Robert McCray V,Florida St.,30,28,2,5,10,0,10,23,8,3,2,1,robert mccray v,G,Sr,27,26,53,0.5094339622641509,0.037037037037037035,58,0.5172413793103449,0.06666666666666667,15,0.3333333333333333,0.0,73,0.4794520547945205,0.05714285714285714,33,0.30303030303030304,0.8,0.2222222222222222,106,0.5471698113207547,0.14150943396226415,0.3113207547169811,0.6886792452830188,5,0.04716981132075472,0.6,2026,2026
Quimari Peterson,Washington,8,7,2,6,6,0,22,39,20,0,0,0,quimari peterson,G,Sr,8,7,15,0.5333333333333333,0.25,15,0.5333333333333333,0.25,12,0.5,0.0,27,0.5185185185185185,0.14285714285714285,61,0.36065573770491804,0.9090909090909091,0.6111111111111112,88,0.17045454545454544,0.13636363636363635,0.6931818181818182,0.3068181818181818,0,0.0,,2026,2026
Julian Mackey,FIU,12,9,7,1,3,0,14,16,12,2,0,2,julian mackey,G,Sr,10,9,19,0.5263157894736842,0.5,21,0.5714285714285714,0.5833333333333334,4,0.25,0.0,25,0.52,0.5384615384615384,30,0.4666666666666667,0.8571428571428571,0.7037037037037037,55,0.38181818181818183,0.07272727272727272,0.5454545454545454,0.45454545454545453,2,0.03636363636363636,1.0,2026,2026
Jayme Mitchell Jr.,Jackson St.,12,13,7,7,8,1,17,22,17,3,0,2,jayme mitchell jr.,G,Jr,9,13,22,0.4090909090909091,0.5555555555555556,25,0.48,0.5833333333333334,15,0.4666666666666667,0.14285714285714285,40,0.475,0.42105263157894735,39,0.4358974358974359,1.0,0.6944444444444444,79,0.31645569620253167,0.189873417721519,0.4936708860759494,0.5063291139240507,3,0.0379746835443038,1.0,2026,2026
Sam Hoiberg,Nebraska,16,7,5,0,3,0,4,8,4,0,0,0,sam hoiberg,G,Sr,16,7,23,0.6956521739130435,0.3125,23,0.6956521739130435,0.3125,3,0.0,,26,0.6153846153846154,0.3125,12,0.3333333333333333,1.0,0.45,38,0.6052631578947368,0.07894736842105263,0.3157894736842105,0.6842105263157895,0,0.0,,2026,2026
Houston Mallette,Alabama,4,2,1,0,0,0,16,31,16,0,0,0,houston mallette,G,Sr,4,2,6,0.6666666666666666,0.25,6,0.6666666666666666,0.25,0,,,6,0.6666666666666666,0.25,47,0.3404255319148936,1.0,0.85,53,0.11320754716981132,0.0,0.8867924528301887,0.11320754716981132,0,0.0,,2026,2026
Kowacie Reeves Jr.,Georgia Tech,12,13,8,8,14,3,24,35,23,3,2,3,kowacie reeves jr.,G,Sr,9,11,20,0.45,0.5555555555555556,25,0.48,0.6666666666666666,22,0.36363636363636365,0.375,47,0.425531914893617,0.55,59,0.4067796610169492,0.9583333333333334,0.7727272727272727,106,0.2358490566037736,0.20754716981132076,0.5566037735849056,0.44339622641509435,5,0.04716981132075472,0.6,2026,2026
Tre Carroll,Xavier,32,15,20,17,26,9,18,30,16,5,1,2,tre carroll,F,Sr,27,14,41,0.6585365853658537,0.6666666666666666,47,0.6808510638297872,0.625,43,0.3953488372093023,0.5294117647058824,90,0.5444444444444444,0.5918367346938775,48,0.375,0.8888888888888888,0.6716417910447762,138,0.34057971014492755,0.3115942028985507,0.34782608695652173,0.6521739130434783,6,0.043478260869565216,0.8333333333333334,2026,2026
Quincy Allen,Bryant,15,9,7,3,11,1,13,36,9,12,3,7,quincy allen,F,Sr,3,6,9,0.3333333333333333,0.0,24,0.625,0.4666666666666667,14,0.21428571428571427,0.3333333333333333,38,0.47368421052631576,0.4444444444444444,49,0.2653061224489796,0.6923076923076923,0.5483870967741935,87,0.27586206896551724,0.16091954022988506,0.5632183908045977,0.4367816091954023,15,0.1724137931034483,0.8,2026,2026
Mason Miller,Murray St.,2,3,0,2,2,0,24,23,23,0,0,0,mason miller,F,Sr,2,3,5,0.4,0.0,5,0.4,0.0,4,0.5,0.0,9,0.4444444444444444,0.0,47,0.5106382978723404,0.9583333333333334,0.8214285714285714,56,0.08928571428571429,0.07142857142857142,0.8392857142857143,0.16071428571428573,0,0.0,,2026,2026
John Camden,California,14,4,9,5,7,3,21,35,19,4,0,4,john camden,F,Sr,10,4,14,0.7142857142857143,0.5,18,0.7777777777777778,0.6428571428571429,12,0.4166666666666667,0.6,30,0.6333333333333333,0.631578947368421,56,0.375,0.9047619047619048,0.775,86,0.20930232558139536,0.13953488372093023,0.6511627906976745,0.3488372093023256,4,0.046511627906976744,1.0,2026,2026
Johnathan Lawson,Little Rock,16,5,5,6,15,2,19,32,13,3,0,1,johnathan lawson,G,Sr,13,5,18,0.7222222222222222,0.3076923076923077,21,0.7619047619047619,0.3125,21,0.2857142857142857,0.3333333333333333,42,0.5238095238095238,0.3181818181818182,51,0.37254901960784315,0.6842105263157895,0.4878048780487805,93,0.22580645161290322,0.22580645161290322,0.5483870967741935,0.45161290322580644,3,0.03225806451612903,1.0,2026,2026
Rafael Castro,George Washington,47,21,31,5,5,3,0,0,0,16,2,15,rafael castro,C,Sr,31,19,50,0.62,0.5161290322580645,68,0.6911764705882353,0.6595744680851063,10,0.5,0.6,78,0.6666666666666666,0.6538461538461539,0,,,0.6538461538461539,78,0.8717948717948718,0.1282051282051282,0.0,1.0,18,0.23076923076923078,0.8888888888888888,2026,2026
Adetokunbo Bakare,Saint Peter's,3,5,2,0,3,0,8,16,8,0,0,0,adetokunbo bakare,G,Sr,3,5,8,0.375,0.6666666666666666,8,0.375,0.6666666666666666,3,0.0,,11,0.2727272727272727,0.6666666666666666,24,0.3333333333333333,1.0,0.9090909090909091,35,0.22857142857142856,0.08571428571428572,0.6857142857142857,0.3142857142857143,0,0.0,,2026,2026
Brent Bland,Saint Peter's,10,10,1,2,6,0,24,38,21,1,0,0,brent bland,G,Sr,9,10,19,0.47368421052631576,0.1111111111111111,20,0.5,0.1,8,0.25,0.0,28,0.42857142857142855,0.08333333333333333,62,0.3870967741935484,0.875,0.6111111111111112,90,0.2222222222222222,0.08888888888888889,0.6888888888888889,0.3111111111111111,1,0.011111111111111112,1.0,2026,2026
Sam Silverstein,Illinois Chicago,11,6,3,1,2,0,0,5,0,1,0,1,sam silverstein,G,Sr,10,6,16,0.625,0.2,17,0.6470588235294118,0.2727272727272727,3,0.3333333333333333,0.0,20,0.6,0.25,5,0.0,,0.25,25,0.68,0.12,0.2,0.8,1,0.04,1.0,2026,2026
Ben Schwieger,Northern Iowa,11,9,5,1,2,1,7,12,7,1,0,1,ben schwieger,F,Sr,10,9,19,0.5263157894736842,0.4,20,0.55,0.45454545454545453,3,0.3333333333333333,1.0,23,0.5217391304347826,0.5,19,0.3684210526315789,1.0,0.6842105263157895,42,0.47619047619047616,0.07142857142857142,0.4523809523809524,0.5476190476190477,1,0.023809523809523808,1.0,2026,2026
Devin McGlockton,Vanderbilt,35,7,26,6,3,3,5,14,5,0,0,0,devin mcglockton,F,Sr,35,7,42,0.8333333333333334,0.7428571428571429,42,0.8333333333333334,0.7428571428571429,9,0.6666666666666666,0.5,51,0.803921568627451,0.7073170731707317,19,0.2631578947368421,1.0,0.7391304347826086,70,0.6,0.12857142857142856,0.2714285714285714,0.7285714285714285,0,0.0,,2026,2026
RJ Keene,Boise St.,4,4,1,0,2,0,3,7,3,0,0,0,rj keene,F,Sr,4,4,8,0.5,0.25,8,0.5,0.25,2,0.0,,10,0.4,0.25,10,0.3,1.0,0.5714285714285714,20,0.4,0.1,0.5,0.5,0,0.0,,2026,2026
Leonardo Bettiol,Massachusetts,43,26,28,9,11,5,1,1,1,0,1,0,leonardo bettiol,F,Sr,43,25,68,0.6323529411764706,0.6511627906976745,69,0.6231884057971014,0.6511627906976745,20,0.45,0.5555555555555556,89,0.5842696629213483,0.6346153846153846,2,0.5,1.0,0.6415094339622641,91,0.7582417582417582,0.21978021978021978,0.02197802197802198,0.978021978021978,1,0.01098901098901099,0.0,2026,2026
Nick Davidson,Clemson,15,14,11,6,9,2,3,10,3,1,0,1,nick davidson,F,Sr,14,14,28,0.5,0.7142857142857143,29,0.5172413793103449,0.7333333333333333,15,0.4,0.3333333333333333,44,0.4772727272727273,0.6190476190476191,13,0.23076923076923078,1.0,0.6666666666666666,57,0.5087719298245614,0.2631578947368421,0.22807017543859648,0.7719298245614035,1,0.017543859649122806,1.0,2026,2026
"Corey Floyd, Jr.",Providence,17,12,6,4,11,0,13,17,11,3,1,2,"corey floyd, jr.",G,Sr,14,11,25,0.56,0.2857142857142857,29,0.5862068965517241,0.35294117647058826,15,0.26666666666666666,0.0,44,0.4772727272727273,0.2857142857142857,30,0.43333333333333335,0.8461538461538461,0.5,74,0.3918918918918919,0.20270270270270271,0.40540540540540543,0.5945945945945946,4,0.05405405405405406,0.75,2026,2026
Ramon Walker Jr.,Houston,2,0,1,2,2,1,1,8,1,0,0,0,ramon walker jr.,F,Sr,2,0,2,1.0,0.5,2,1.0,0.5,4,0.5,0.5,6,0.6666666666666666,0.5,9,0.1111111111111111,1.0,0.6,15,0.13333333333333333,0.26666666666666666,0.6,0.4,0,0.0,,2026,2026
Maximus Edwards,Duquesne,11,13,5,1,4,0,7,17,7,1,1,1,maximus edwards,G,Sr,10,12,22,0.45454545454545453,0.4,24,0.4583333333333333,0.45454545454545453,5,0.2,0.0,29,0.41379310344827586,0.4166666666666667,24,0.2916666666666667,1.0,0.631578947368421,53,0.4528301886792453,0.09433962264150944,0.4528301886792453,0.5471698113207547,2,0.03773584905660377,0.5,2026,2026
Will Felton,North Carolina A&T,14,3,9,0,1,0,0,0,0,1,0,1,will felton,C,Sr,13,3,16,0.8125,0.6153846153846154,17,0.8235294117647058,0.6428571428571429,1,0.0,,18,0.7777777777777778,0.6428571428571429,0,,,0.6428571428571429,18,0.9444444444444444,0.05555555555555555,0.0,1.0,1,0.05555555555555555,1.0,2026,2026
Isaiah Walker,Xavier,6,8,6,0,2,0,6,8,6,0,0,0,isaiah walker,G,Sr,6,8,14,0.42857142857142855,1.0,14,0.42857142857142855,1.0,2,0.0,,16,0.375,1.0,14,0.42857142857142855,1.0,1.0,30,0.4666666666666667,0.06666666666666667,0.4666666666666667,0.5333333333333333,0,0.0,,2026,2026
Malachi Smith,Connecticut,6,10,2,2,9,1,9,8,6,0,0,0,malachi smith,G,Sr,6,10,16,0.375,0.3333333333333333,16,0.375,0.3333333333333333,11,0.18181818181818182,0.5,27,0.2962962962962963,0.375,17,0.5294117647058824,0.6666666666666666,0.5294117647058824,44,0.36363636363636365,0.25,0.38636363636363635,0.6136363636363636,0,0.0,,2026,2026
Giovanni Emejuru,East Carolina,30,19,16,1,13,1,0,0,0,9,0,5,giovanni emejuru,C,Sr,21,19,40,0.525,0.5238095238095238,49,0.6122448979591837,0.5333333333333333,14,0.07142857142857142,1.0,63,0.49206349206349204,0.5483870967741935,0,,,0.5483870967741935,63,0.7777777777777778,0.2222222222222222,0.0,1.0,9,0.14285714285714285,1.0,2026,2026
Tucker DeVries,Indiana,12,10,9,4,10,1,33,47,28,1,1,1,tucker devries,G,Sr,11,9,20,0.55,0.7272727272727273,22,0.5454545454545454,0.75,14,0.2857142857142857,0.25,36,0.4444444444444444,0.625,80,0.4125,0.8484848484848485,0.7755102040816326,116,0.1896551724137931,0.1206896551724138,0.6896551724137931,0.3103448275862069,2,0.017241379310344827,0.5,2026,2026
Conor Enright,Indiana,4,2,2,1,0,1,6,13,5,0,0,0,conor enright,G,Sr,4,2,6,0.6666666666666666,0.5,6,0.6666666666666666,0.5,1,1.0,1.0,7,0.7142857142857143,0.6,19,0.3157894736842105,0.8333333333333334,0.7272727272727273,26,0.23076923076923078,0.038461538461538464,0.7307692307692307,0.2692307692307692,0,0.0,,2026,2026
Jaden Brownell,USC,7,1,7,2,3,0,11,19,11,1,0,1,jaden brownell,F,Sr,6,1,7,0.8571428571428571,1.0,8,0.875,1.0,5,0.4,0.0,13,0.6923076923076923,0.7777777777777778,30,0.36666666666666664,1.0,0.9,43,0.18604651162790697,0.11627906976744186,0.6976744186046512,0.3023255813953488,1,0.023255813953488372,1.0,2026,2026
Nate Johnson,Kansas St.,22,10,9,2,7,0,17,24,16,8,1,4,nate johnson,G,Sr,14,9,23,0.6086956521739131,0.35714285714285715,32,0.6875,0.4090909090909091,9,0.2222222222222222,0.0,41,0.5853658536585366,0.375,41,0.4146341463414634,0.9411764705882353,0.6097560975609756,82,0.3902439024390244,0.10975609756097561,0.5,0.5,9,0.10975609756097561,0.8888888888888888,2026,2026
Nate Bittle,Oregon,18,10,10,4,14,3,7,17,7,2,1,2,nate bittle,F,Sr,16,9,25,0.64,0.5,28,0.6428571428571429,0.5555555555555556,18,0.2222222222222222,0.75,46,0.4782608695652174,0.5909090909090909,24,0.2916666666666667,1.0,0.6896551724137931,70,0.4,0.2571428571428571,0.34285714285714286,0.6571428571428571,3,0.04285714285714286,0.6666666666666666,2026,2026
Isaac Johnson,Hawaii,27,14,11,3,8,1,8,16,7,10,1,5,isaac johnson,F,Sr,17,13,30,0.5666666666666667,0.35294117647058826,41,0.6585365853658537,0.4074074074074074,11,0.2727272727272727,0.3333333333333333,52,0.5769230769230769,0.4,24,0.3333333333333333,0.875,0.5,76,0.5394736842105263,0.14473684210526316,0.3157894736842105,0.6842105263157895,11,0.14473684210526316,0.9090909090909091,2026,2026
Jayden Jackson,Cal Baptist,5,7,0,2,6,0,7,18,4,0,1,0,jayden jackson,G,Sr,5,6,11,0.45454545454545453,0.0,12,0.4166666666666667,0.0,8,0.25,0.0,20,0.35,0.0,25,0.28,0.5714285714285714,0.2857142857142857,45,0.26666666666666666,0.17777777777777778,0.5555555555555556,0.4444444444444444,1,0.022222222222222223,0.0,2026,2026
Myron Amey Jr.,Loyola Marymount,15,17,3,7,10,1,26,45,21,1,0,1,myron amey jr.,G,Sr,14,17,31,0.45161290322580644,0.14285714285714285,32,0.46875,0.2,17,0.4117647058823529,0.14285714285714285,49,0.4489795918367347,0.18181818181818182,71,0.36619718309859156,0.8076923076923077,0.5208333333333334,120,0.26666666666666666,0.14166666666666666,0.5916666666666667,0.4083333333333333,1,0.008333333333333333,1.0,2026,2026
Matthew Mors,South Dakota St.,17,9,11,1,5,0,5,21,5,2,0,2,matthew mors,F,Sr,15,9,24,0.625,0.6,26,0.6538461538461539,0.6470588235294118,6,0.16666666666666666,0.0,32,0.5625,0.6111111111111112,26,0.19230769230769232,1.0,0.6956521739130435,58,0.4482758620689655,0.10344827586206896,0.4482758620689655,0.5517241379310345,2,0.034482758620689655,1.0,2026,2026
Lassina Traore,Texas,6,6,5,5,6,2,0,1,0,0,0,0,lassina traore,C,Sr,6,6,12,0.5,0.8333333333333334,12,0.5,0.8333333333333334,11,0.45454545454545453,0.4,23,0.4782608695652174,0.6363636363636364,1,0.0,,0.6363636363636364,24,0.5,0.4583333333333333,0.041666666666666664,0.9583333333333334,0,0.0,,2026,2026
Malik Thomas,Virginia,14,15,2,8,4,1,13,29,9,0,0,0,malik thomas,G,Sr,14,15,29,0.4827586206896552,0.14285714285714285,29,0.4827586206896552,0.14285714285714285,12,0.6666666666666666,0.125,41,0.5365853658536586,0.13636363636363635,42,0.30952380952380953,0.6923076923076923,0.34285714285714286,83,0.3493975903614458,0.14457831325301204,0.5060240963855421,0.4939759036144578,0,0.0,,2026,2026
Zach Bloch,Northern Colorado,3,5,0,3,5,1,23,24,23,0,0,0,zach bloch,G,Sr,3,5,8,0.375,0.0,8,0.375,0.0,8,0.375,0.3333333333333333,16,0.375,0.16666666666666666,47,0.48936170212765956,1.0,0.8275862068965517,63,0.12698412698412698,0.12698412698412698,0.746031746031746,0.25396825396825395,0,0.0,,2026,2026
Pablo Tamba,LSU,17,5,8,0,1,0,0,2,0,1,0,0,pablo tamba,F,Sr,16,5,21,0.7619047619047619,0.5,22,0.7727272727272727,0.47058823529411764,1,0.0,,23,0.7391304347826086,0.47058823529411764,2,0.0,,0.47058823529411764,25,0.88,0.04,0.08,0.92,1,0.04,1.0,2026,2026
Logan Duncomb,Winthrop,39,18,20,15,17,5,0,1,0,5,1,5,logan duncomb,C,Sr,34,17,51,0.6666666666666666,0.4411764705882353,57,0.6842105263157895,0.5128205128205128,32,0.46875,0.3333333333333333,89,0.6067415730337079,0.46296296296296297,1,0.0,,0.46296296296296297,90,0.6333333333333333,0.35555555555555557,0.011111111111111112,0.9888888888888889,6,0.06666666666666667,0.8333333333333334,2026,2026
Malcolm Chimezie,Boston University,14,6,9,2,2,0,0,0,0,3,0,3,malcolm chimezie,C,Sr,11,6,17,0.6470588235294118,0.5454545454545454,20,0.7,0.6428571428571429,4,0.5,0.0,24,0.6666666666666666,0.5625,0,,,0.5625,24,0.8333333333333334,0.16666666666666666,0.0,1.0,3,0.125,1.0,2026,2026
Ben Johnson,Vermont,3,1,1,2,4,1,11,16,10,0,0,0,ben johnson,G,Sr,3,1,4,0.75,0.3333333333333333,4,0.75,0.3333333333333333,6,0.3333333333333333,0.5,10,0.5,0.4,27,0.4074074074074074,0.9090909090909091,0.75,37,0.10810810810810811,0.16216216216216217,0.7297297297297297,0.2702702702702703,0,0.0,,2026,2026
Angelo Brizzi,Buffalo,19,8,7,1,4,1,9,17,7,0,1,0,angelo brizzi,G,Sr,19,7,26,0.7307692307692307,0.3684210526315789,27,0.7037037037037037,0.3684210526315789,5,0.2,1.0,32,0.625,0.4,26,0.34615384615384615,0.7777777777777778,0.5172413793103449,58,0.46551724137931033,0.08620689655172414,0.4482758620689655,0.5517241379310345,1,0.017241379310344827,0.0,2026,2026
Landon Wolf,Illinois St.,13,4,8,1,4,0,2,13,2,3,0,2,landon wolf,F,Jr,10,4,14,0.7142857142857143,0.6,17,0.7647058823529411,0.6153846153846154,5,0.2,0.0,22,0.6363636363636364,0.5714285714285714,15,0.13333333333333333,1.0,0.625,37,0.4594594594594595,0.13513513513513514,0.40540540540540543,0.5945945945945946,3,0.08108108108108109,1.0,2026,2026
Myles Rice,Maryland,8,10,1,2,5,0,3,6,2,0,0,0,myles rice,G,Jr,8,10,18,0.4444444444444444,0.125,18,0.4444444444444444,0.125,7,0.2857142857142857,0.0,25,0.4,0.1,9,0.3333333333333333,0.6666666666666666,0.23076923076923078,34,0.5294117647058824,0.20588235294117646,0.2647058823529412,0.7352941176470589,0,0.0,,2026,2026
Wyatt Fricks,Marshall,31,9,21,4,9,3,16,25,14,13,1,13,wyatt fricks,F,Sr,18,8,26,0.6923076923076923,0.4444444444444444,40,0.775,0.6774193548387096,13,0.3076923076923077,0.75,53,0.660377358490566,0.6857142857142857,41,0.3902439024390244,0.875,0.7450980392156863,94,0.425531914893617,0.13829787234042554,0.43617021276595747,0.5638297872340425,14,0.14893617021276595,0.9285714285714286,2026,2026
Marcus Banks,Massachusetts,13,6,8,11,15,4,29,49,25,1,0,1,marcus banks,G,Sr,12,6,18,0.6666666666666666,0.5833333333333334,19,0.6842105263157895,0.6153846153846154,26,0.4230769230769231,0.36363636363636365,45,0.5333333333333333,0.5,78,0.3717948717948718,0.8620689655172413,0.6981132075471698,123,0.15447154471544716,0.21138211382113822,0.6341463414634146,0.36585365853658536,1,0.008130081300813009,1.0,2026,2026
Terrion Murdix,Western Kentucky,12,12,3,1,4,0,0,3,0,0,0,0,terrion murdix,G,Sr,12,12,24,0.5,0.25,24,0.5,0.25,5,0.2,0.0,29,0.4482758620689655,0.23076923076923078,3,0.0,,0.23076923076923078,32,0.75,0.15625,0.09375,0.90625,0,0.0,,2026,2026
Boopie Miller,SMU,12,12,1,24,23,2,17,23,11,0,0,0,boopie miller,G,Sr,12,12,24,0.5,0.08333333333333333,24,0.5,0.08333333333333333,47,0.5106382978723404,0.08333333333333333,71,0.5070422535211268,0.08333333333333333,40,0.425,0.6470588235294118,0.2641509433962264,111,0.21621621621621623,0.42342342342342343,0.36036036036036034,0.6396396396396397,0,0.0,,2026,2026
Amar’e Marshall,St. Bonaventure,8,4,4,5,1,0,5,12,4,1,0,1,amar’e marshall,G,Sr,7,4,11,0.6363636363636364,0.42857142857142855,12,0.6666666666666666,0.5,6,0.8333333333333334,0.0,18,0.7222222222222222,0.3076923076923077,17,0.29411764705882354,0.8,0.4444444444444444,35,0.34285714285714286,0.17142857142857143,0.4857142857142857,0.5142857142857142,1,0.02857142857142857,1.0,2026,2026
Jaylin Sellers,Providence,25,12,11,7,10,0,21,31,17,8,1,5,jaylin sellers,G,Sr,17,11,28,0.6071428571428571,0.35294117647058826,37,0.6756756756756757,0.44,17,0.4117647058823529,0.0,54,0.5925925925925926,0.34375,52,0.40384615384615385,0.8095238095238095,0.5283018867924528,106,0.3490566037735849,0.16037735849056603,0.49056603773584906,0.5094339622641509,9,0.08490566037735849,0.8888888888888888,2026,2026
Ali Dibba,Texas A&M,6,16,2,0,0,0,3,2,3,0,0,0,ali dibba,G,Sr,6,16,22,0.2727272727272727,0.3333333333333333,22,0.2727272727272727,0.3333333333333333,0,,,22,0.2727272727272727,0.3333333333333333,5,0.6,1.0,0.5555555555555556,27,0.8148148148148148,0.0,0.18518518518518517,0.8148148148148148,0,0.0,,2026,2026
J.R. Konieczny,Florida Gulf Coast,26,21,9,10,18,5,14,19,13,6,2,3,j.r. konieczny,G,Sr,20,19,39,0.5128205128205128,0.3,47,0.5531914893617021,0.34615384615384615,28,0.35714285714285715,0.5,75,0.48,0.3888888888888889,33,0.42424242424242425,0.9285714285714286,0.54,108,0.4351851851851852,0.25925925925925924,0.3055555555555556,0.6944444444444444,8,0.07407407407407407,0.75,2026,2026
Keaton Norris,Samford,6,8,0,13,9,0,12,30,10,0,0,0,keaton norris,G,Sr,6,8,14,0.42857142857142855,0.0,14,0.42857142857142855,0.0,22,0.5909090909090909,0.0,36,0.5277777777777778,0.0,42,0.2857142857142857,0.8333333333333334,0.3225806451612903,78,0.1794871794871795,0.28205128205128205,0.5384615384615384,0.46153846153846156,0,0.0,,2026,2026
Keeyan Itejere,Rhode Island,28,6,21,3,2,3,0,0,0,19,1,15,keeyan itejere,C,Sr,9,5,14,0.6428571428571429,0.6666666666666666,34,0.8235294117647058,0.75,5,0.6,1.0,39,0.7948717948717948,0.7741935483870968,0,,,0.7741935483870968,39,0.8717948717948718,0.1282051282051282,0.0,1.0,20,0.5128205128205128,0.95,2026,2026
Zach Clemence,Texas A&M,8,9,4,3,5,2,8,10,8,1,0,0,zach clemence,F,Sr,7,9,16,0.4375,0.5714285714285714,17,0.47058823529411764,0.5,8,0.375,0.6666666666666666,25,0.44,0.5454545454545454,18,0.4444444444444444,1.0,0.7368421052631579,43,0.3953488372093023,0.18604651162790697,0.4186046511627907,0.5813953488372093,1,0.023255813953488372,1.0,2026,2026
Bryce Hopkins,St. John's,24,14,12,7,7,3,7,17,7,4,0,4,bryce hopkins,G,Sr,20,14,34,0.5882352941176471,0.4,38,0.631578947368421,0.5,14,0.5,0.42857142857142855,52,0.5961538461538461,0.4838709677419355,24,0.2916666666666667,1.0,0.5789473684210527,76,0.5,0.18421052631578946,0.3157894736842105,0.6842105263157895,4,0.05263157894736842,1.0,2026,2026
Daimion Collins,South Florida,19,5,10,1,1,1,0,5,0,12,0,8,daimion collins,C,Sr,7,5,12,0.5833333333333334,0.2857142857142857,24,0.7916666666666666,0.5263157894736842,2,0.5,1.0,26,0.7692307692307693,0.55,5,0.0,,0.55,31,0.7741935483870968,0.06451612903225806,0.16129032258064516,0.8387096774193549,12,0.3870967741935484,1.0,2026,2026
Camren Hunter,Central Arkansas,31,17,12,3,14,2,14,30,12,0,0,0,camren hunter,G,Jr,31,17,48,0.6458333333333334,0.3870967741935484,48,0.6458333333333334,0.3870967741935484,17,0.17647058823529413,0.6666666666666666,65,0.5230769230769231,0.4117647058823529,44,0.3181818181818182,0.8571428571428571,0.5416666666666666,109,0.44036697247706424,0.1559633027522936,0.4036697247706422,0.5963302752293578,0,0.0,,2026,2026
Javon Ruffin,Bowling Green,7,4,1,1,2,0,17,24,16,1,0,0,javon ruffin,G,Sr,6,4,10,0.6,0.16666666666666666,11,0.6363636363636364,0.14285714285714285,3,0.3333333333333333,0.0,14,0.5714285714285714,0.125,41,0.4146341463414634,0.9411764705882353,0.68,55,0.2,0.05454545454545454,0.7454545454545455,0.2545454545454545,1,0.01818181818181818,1.0,2026,2026
Veljko Ilic,Sam Houston St.,16,9,9,7,10,2,0,0,0,2,0,2,veljko ilic,C,Sr,14,9,23,0.6086956521739131,0.5,25,0.64,0.5625,17,0.4117647058823529,0.2857142857142857,42,0.5476190476190477,0.4782608695652174,0,,,0.4782608695652174,42,0.5952380952380952,0.40476190476190477,0.0,1.0,2,0.047619047619047616,1.0,2026,2026
Garrett Johnson,George Washington,14,9,4,4,4,1,17,29,14,1,1,0,garrett johnson,F,Jr,13,8,21,0.6190476190476191,0.3076923076923077,23,0.6086956521739131,0.2857142857142857,8,0.5,0.25,31,0.5806451612903226,0.2777777777777778,46,0.3695652173913043,0.8235294117647058,0.5428571428571428,77,0.2987012987012987,0.1038961038961039,0.5974025974025974,0.4025974025974026,2,0.025974025974025976,0.5,2026,2026
Nana Owusu-Anane,Grand Canyon,22,16,7,3,7,3,6,19,6,5,0,4,nana owusu-anane,F,Sr,17,16,33,0.5151515151515151,0.17647058823529413,38,0.5789473684210527,0.3181818181818182,10,0.3,1.0,48,0.5208333333333334,0.4,25,0.24,1.0,0.5161290322580645,73,0.5205479452054794,0.136986301369863,0.3424657534246575,0.6575342465753424,5,0.0684931506849315,1.0,2026,2026
Patrick McMahon,Montana St.,19,21,1,18,22,1,5,10,4,0,0,0,patrick mcmahon,F,Sr,19,21,40,0.475,0.05263157894736842,40,0.475,0.05263157894736842,40,0.45,0.05555555555555555,80,0.4625,0.05405405405405406,15,0.3333333333333333,0.8,0.14285714285714285,95,0.42105263157894735,0.42105263157894735,0.15789473684210525,0.8421052631578947,0,0.0,,2026,2026
Jakai Robinson,Bryant,5,3,4,0,1,0,0,3,0,0,0,0,jakai robinson,G,Sr,5,3,8,0.625,0.8,8,0.625,0.8,1,0.0,,9,0.5555555555555556,0.8,3,0.0,,0.8,12,0.6666666666666666,0.08333333333333333,0.25,0.75,0,0.0,,2026,2026
Wilhelm Breidenbach,Grand Canyon,9,1,7,0,4,0,2,9,2,0,0,0,wilhelm breidenbach,F,Sr,9,1,10,0.9,0.7777777777777778,10,0.9,0.7777777777777778,4,0.0,,14,0.6428571428571429,0.7777777777777778,11,0.18181818181818182,1.0,0.8181818181818182,25,0.4,0.16,0.44,0.56,0,0.0,,2026,2026
Kuluel Mading,Charlotte,10,1,5,2,2,1,2,4,2,1,0,1,kuluel mading,F,Sr,9,1,10,0.9,0.4444444444444444,11,0.9090909090909091,0.5,4,0.5,0.5,15,0.8,0.5,6,0.3333333333333333,1.0,0.5714285714285714,21,0.5238095238095238,0.19047619047619047,0.2857142857142857,0.7142857142857143,1,0.047619047619047616,1.0,2026,2026
Trevon Brazile,Arkansas,21,3,10,6,16,3,7,15,7,9,0,7,trevon brazile,F,Sr,12,3,15,0.8,0.25,24,0.875,0.47619047619047616,22,0.2727272727272727,0.5,46,0.5869565217391305,0.48148148148148145,22,0.3181818181818182,1.0,0.5882352941176471,68,0.35294117647058826,0.3235294117647059,0.3235294117647059,0.6764705882352942,9,0.1323529411764706,1.0,2026,2026
TJ Long,Vermont,11,10,3,9,12,2,22,41,17,0,0,0,tj long,G,Sr,11,10,21,0.5238095238095238,0.2727272727272727,21,0.5238095238095238,0.2727272727272727,21,0.42857142857142855,0.2222222222222222,42,0.47619047619047616,0.25,63,0.3492063492063492,0.7727272727272727,0.5238095238095238,105,0.2,0.2,0.6,0.4,0,0.0,,2026,2026
Xzavier Long,Hampton,17,12,7,2,2,0,6,15,6,2,0,1,xzavier long,F,Sr,15,12,27,0.5555555555555556,0.4,29,0.5862068965517241,0.4117647058823529,4,0.5,0.0,33,0.5757575757575758,0.3684210526315789,21,0.2857142857142857,1.0,0.52,54,0.5370370370370371,0.07407407407407407,0.3888888888888889,0.6111111111111112,2,0.037037037037037035,1.0,2026,2026
Jake Heidbreder,Fresno St.,35,13,14,1,4,0,20,46,19,0,0,0,jake heidbreder,G,Sr,35,13,48,0.7291666666666666,0.4,48,0.7291666666666666,0.4,5,0.2,0.0,53,0.6792452830188679,0.3888888888888889,66,0.30303030303030304,0.95,0.5892857142857143,119,0.40336134453781514,0.04201680672268908,0.5546218487394958,0.44537815126050423,0,0.0,,2026,2026
Ryan Abelman,Northern Arizona,5,8,0,7,15,1,17,31,15,0,0,0,ryan abelman,G,Jr,5,8,13,0.38461538461538464,0.0,13,0.38461538461538464,0.0,22,0.3181818181818182,0.14285714285714285,35,0.34285714285714286,0.08333333333333333,48,0.3541666666666667,0.8823529411764706,0.5517241379310345,83,0.1566265060240964,0.26506024096385544,0.5783132530120482,0.42168674698795183,0,0.0,,2026,2026
Lance Waddles,Nebraska Omaha,14,12,5,13,13,1,25,36,20,1,0,0,lance waddles,G,Sr,13,12,25,0.52,0.38461538461538464,26,0.5384615384615384,0.35714285714285715,26,0.5,0.07692307692307693,52,0.5192307692307693,0.2222222222222222,61,0.4098360655737705,0.8,0.5,113,0.23008849557522124,0.23008849557522124,0.5398230088495575,0.46017699115044247,1,0.008849557522123894,1.0,2026,2026
Ryan Conwell,Louisville,12,10,4,2,7,0,34,47,30,0,0,0,ryan conwell,G,Sr,12,10,22,0.5454545454545454,0.3333333333333333,22,0.5454545454545454,0.3333333333333333,9,0.2222222222222222,0.0,31,0.45161290322580644,0.2857142857142857,81,0.41975308641975306,0.8823529411764706,0.7083333333333334,112,0.19642857142857142,0.08035714285714286,0.7232142857142857,0.2767857142857143,0,0.0,,2026,2026
Dok Muordar,Monmouth,11,8,8,0,3,0,0,0,0,6,0,5,dok muordar,C,Sr,5,8,13,0.38461538461538464,0.6,19,0.5789473684210527,0.7272727272727273,3,0.0,,22,0.5,0.7272727272727273,0,,,0.7272727272727273,22,0.8636363636363636,0.13636363636363635,0.0,1.0,6,0.2727272727272727,1.0,2026,2026
William Kyle III,Syracuse,30,11,17,2,3,2,0,0,0,20,1,14,william kyle iii,C,Sr,10,10,20,0.5,0.3,41,0.7317073170731707,0.5666666666666667,5,0.4,1.0,46,0.6956521739130435,0.59375,0,,,0.59375,46,0.8913043478260869,0.10869565217391304,0.0,1.0,21,0.45652173913043476,0.9523809523809523,2026,2026
Kolby King,Utah St.,8,3,3,1,1,0,10,15,10,0,0,0,kolby king,G,Sr,8,3,11,0.7272727272727273,0.375,11,0.7272727272727273,0.375,2,0.5,0.0,13,0.6923076923076923,0.3333333333333333,25,0.4,1.0,0.6842105263157895,38,0.2894736842105263,0.05263157894736842,0.6578947368421053,0.34210526315789475,0,0.0,,2026,2026
Austin Benigni,Navy,28,36,1,11,32,1,11,14,8,0,0,0,austin benigni,G,Sr,28,36,64,0.4375,0.03571428571428571,64,0.4375,0.03571428571428571,43,0.2558139534883721,0.09090909090909091,107,0.3644859813084112,0.05128205128205128,25,0.44,0.7272727272727273,0.2,132,0.48484848484848486,0.32575757575757575,0.1893939393939394,0.8106060606060606,0,0.0,,2026,2026
Jayden Pierre,TCU,9,8,2,9,11,4,19,22,14,1,0,1,jayden pierre,G,Sr,8,8,16,0.5,0.125,17,0.5294117647058824,0.2222222222222222,20,0.45,0.4444444444444444,37,0.4864864864864865,0.3333333333333333,41,0.4634146341463415,0.7368421052631579,0.5405405405405406,78,0.21794871794871795,0.2564102564102564,0.5256410256410257,0.47435897435897434,1,0.01282051282051282,1.0,2026,2026
Quante Berry,Memphis,8,4,4,2,2,1,10,14,10,1,0,1,quante berry,G,Jr,7,4,11,0.6363636363636364,0.42857142857142855,12,0.6666666666666666,0.5,4,0.5,0.5,16,0.625,0.5,24,0.4166666666666667,1.0,0.75,40,0.3,0.1,0.6,0.4,1,0.025,1.0,2026,2026
Ezra Ausar,USC,42,20,27,4,8,1,0,0,0,14,2,14,ezra ausar,F,Sr,28,18,46,0.6086956521739131,0.4642857142857143,62,0.6774193548387096,0.6428571428571429,12,0.3333333333333333,0.25,74,0.6216216216216216,0.6086956521739131,0,,,0.6086956521739131,74,0.8378378378378378,0.16216216216216217,0.0,1.0,16,0.21621621621621623,0.875,2026,2026
Kareem Rozier,Winthrop,10,13,0,4,15,0,34,50,20,0,0,0,kareem rozier,G,Sr,10,13,23,0.43478260869565216,0.0,23,0.43478260869565216,0.0,19,0.21052631578947367,0.0,42,0.3333333333333333,0.0,84,0.40476190476190477,0.5882352941176471,0.4166666666666667,126,0.18253968253968253,0.15079365079365079,0.6666666666666666,0.3333333333333333,0,0.0,,2026,2026
Erik Pratt,Stony Brook,18,22,4,17,10,3,15,35,8,2,0,1,erik pratt,G,Sr,16,22,38,0.42105263157894735,0.1875,40,0.45,0.2222222222222222,27,0.6296296296296297,0.17647058823529413,67,0.5223880597014925,0.2,50,0.3,0.5333333333333333,0.3,117,0.3418803418803419,0.23076923076923078,0.42735042735042733,0.5726495726495726,2,0.017094017094017096,1.0,2026,2026
Tavari Johnson,Akron,27,11,7,14,15,1,24,29,23,0,0,0,tavari johnson,G,Sr,27,11,38,0.7105263157894737,0.25925925925925924,38,0.7105263157894737,0.25925925925925924,29,0.4827586206896552,0.07142857142857142,67,0.6119402985074627,0.1951219512195122,53,0.4528301886792453,0.9583333333333334,0.47692307692307695,120,0.31666666666666665,0.24166666666666667,0.44166666666666665,0.5583333333333333,0,0.0,,2026,2026
Ryan Prather Jr.,Robert Morris,10,9,5,11,13,2,18,39,18,0,0,0,ryan prather jr.,G,Jr,10,9,19,0.5263157894736842,0.5,19,0.5263157894736842,0.5,24,0.4583333333333333,0.18181818181818182,43,0.4883720930232558,0.3333333333333333,57,0.3157894736842105,1.0,0.6410256410256411,100,0.19,0.24,0.57,0.43,0,0.0,,2026,2026
Max Mackinnon,LSU,14,11,4,2,9,0,15,20,15,0,0,0,max mackinnon,G,Sr,14,11,25,0.56,0.2857142857142857,25,0.56,0.2857142857142857,11,0.18181818181818182,0.0,36,0.4444444444444444,0.25,35,0.42857142857142855,1.0,0.6129032258064516,71,0.352112676056338,0.15492957746478872,0.49295774647887325,0.5070422535211268,0,0.0,,2026,2026
Madison Durr,UNC Wilmington,19,18,2,3,10,1,6,13,3,0,0,0,madison durr,G,Sr,19,18,37,0.5135135135135135,0.10526315789473684,37,0.5135135135135135,0.10526315789473684,13,0.23076923076923078,0.3333333333333333,50,0.44,0.13636363636363635,19,0.3157894736842105,0.5,0.21428571428571427,69,0.5362318840579711,0.18840579710144928,0.2753623188405797,0.7246376811594203,0,0.0,,2026,2026
AJ Smith,Temple,14,9,4,4,9,0,4,5,4,1,0,1,aj smith,G,Sr,13,9,22,0.5909090909090909,0.23076923076923078,23,0.6086956521739131,0.2857142857142857,13,0.3076923076923077,0.0,36,0.5,0.2222222222222222,9,0.4444444444444444,1.0,0.36363636363636365,45,0.5111111111111111,0.28888888888888886,0.2,0.8,1,0.022222222222222223,1.0,2026,2026
Aidan Kehoe,Navy,44,19,28,6,7,5,0,0,0,0,0,0,aidan kehoe,C,Sr,44,19,63,0.6984126984126984,0.6363636363636364,63,0.6984126984126984,0.6363636363636364,13,0.46153846153846156,0.8333333333333334,76,0.6578947368421053,0.66,0,,,0.66,76,0.8289473684210527,0.17105263157894737,0.0,1.0,0,0.0,,2026,2026
Jalen Forrest,Southeastern Louisiana,7,4,1,3,8,1,6,12,6,0,0,0,jalen forrest,G,Jr,7,4,11,0.6363636363636364,0.14285714285714285,11,0.6363636363636364,0.14285714285714285,11,0.2727272727272727,0.3333333333333333,22,0.45454545454545453,0.2,18,0.3333333333333333,1.0,0.5,40,0.275,0.275,0.45,0.55,0,0.0,,2026,2026
Derek Simpson,Saint Joseph's,20,8,12,5,11,4,7,19,5,4,1,4,derek simpson,G,Sr,16,7,23,0.6956521739130435,0.5,28,0.7142857142857143,0.6,16,0.3125,0.8,44,0.5681818181818182,0.64,26,0.2692307692307692,0.7142857142857143,0.65625,70,0.4,0.22857142857142856,0.37142857142857144,0.6285714285714286,5,0.07142857142857142,0.8,2026,2026
Dashon Gittens,Sacred Heart,16,5,3,2,4,0,10,16,8,1,0,1,dashon gittens,G,Sr,15,5,20,0.75,0.13333333333333333,21,0.7619047619047619,0.1875,6,0.3333333333333333,0.0,27,0.6666666666666666,0.16666666666666666,26,0.38461538461538464,0.8,0.39285714285714285,53,0.39622641509433965,0.11320754716981132,0.49056603773584906,0.5094339622641509,1,0.018867924528301886,1.0,2026,2026
Antwone Woolfolk,Miami OH,24,9,7,1,2,0,1,5,1,6,0,3,antwone woolfolk,F,Sr,18,9,27,0.6666666666666666,0.2222222222222222,33,0.7272727272727273,0.2916666666666667,3,0.3333333333333333,0.0,36,0.6944444444444444,0.28,6,0.16666666666666666,1.0,0.3076923076923077,42,0.7857142857142857,0.07142857142857142,0.14285714285714285,0.8571428571428571,6,0.14285714285714285,1.0,2026,2026
Kenny Noland,Columbia,25,18,8,1,7,0,26,35,22,0,0,0,kenny noland,G,Sr,25,18,43,0.5813953488372093,0.32,43,0.5813953488372093,0.32,8,0.125,0.0,51,0.5098039215686274,0.3076923076923077,61,0.4262295081967213,0.8461538461538461,0.5769230769230769,112,0.38392857142857145,0.07142857142857142,0.5446428571428571,0.45535714285714285,0,0.0,,2026,2026
Zine Eddine Bedri,Columbia,19,13,10,2,3,0,4,5,4,1,2,1,zine eddine bedri,F,Sr,18,11,29,0.6206896551724138,0.5,32,0.59375,0.5263157894736842,5,0.4,0.0,37,0.5675675675675675,0.47619047619047616,9,0.4444444444444444,1.0,0.56,46,0.6956521739130435,0.10869565217391304,0.1956521739130435,0.8043478260869565,3,0.06521739130434782,0.3333333333333333,2026,2026
Izaiyah Nelson,South Florida,33,14,24,3,5,1,1,6,1,18,4,16,izaiyah nelson,C,Jr,15,10,25,0.6,0.5333333333333333,47,0.7021276595744681,0.7272727272727273,8,0.375,0.3333333333333333,55,0.6545454545454545,0.6944444444444444,7,0.14285714285714285,1.0,0.7027027027027027,62,0.7580645161290323,0.12903225806451613,0.11290322580645161,0.8870967741935484,22,0.3548387096774194,0.8181818181818182,2026,2026
Darrion Williams,N.C. State,18,11,7,17,14,4,20,22,16,0,1,0,darrion williams,G,Sr,18,10,28,0.6428571428571429,0.3888888888888889,29,0.6206896551724138,0.3888888888888889,31,0.5483870967741935,0.23529411764705882,60,0.5833333333333334,0.3142857142857143,42,0.47619047619047616,0.8,0.4909090909090909,102,0.28431372549019607,0.30392156862745096,0.4117647058823529,0.5882352941176471,1,0.00980392156862745,0.0,2026,2026
Denzel Aberdeen,Kentucky,19,8,6,10,16,2,13,25,12,3,0,1,denzel aberdeen,G,Sr,16,8,24,0.6666666666666666,0.3125,27,0.7037037037037037,0.3157894736842105,26,0.38461538461538464,0.2,53,0.5471698113207547,0.27586206896551724,38,0.34210526315789475,0.9230769230769231,0.47619047619047616,91,0.2967032967032967,0.2857142857142857,0.4175824175824176,0.5824175824175825,3,0.03296703296703297,1.0,2026,2026
Aleks Szymczyk,Cal St. Northridge,11,2,7,1,1,0,2,7,2,0,0,0,aleks szymczyk,F,Jr,11,2,13,0.8461538461538461,0.6363636363636364,13,0.8461538461538461,0.6363636363636364,2,0.5,0.0,15,0.8,0.5833333333333334,9,0.2222222222222222,1.0,0.6428571428571429,24,0.5416666666666666,0.08333333333333333,0.375,0.625,0,0.0,,2026,2026
Jayland Randall,New Mexico St.,6,7,3,6,6,2,8,18,7,0,0,0,jayland randall,G,Sr,6,7,13,0.46153846153846156,0.5,13,0.46153846153846156,0.5,12,0.5,0.3333333333333333,25,0.48,0.4166666666666667,26,0.3076923076923077,0.875,0.6,51,0.2549019607843137,0.23529411764705882,0.5098039215686274,0.49019607843137253,0,0.0,,2026,2026
Vladimer Salaridze,Youngstown St.,8,7,4,3,5,0,6,10,6,1,0,1,vladimer salaridze,F,Sr,7,7,14,0.5,0.42857142857142855,15,0.5333333333333333,0.5,8,0.375,0.0,23,0.4782608695652174,0.36363636363636365,16,0.375,1.0,0.5882352941176471,39,0.38461538461538464,0.20512820512820512,0.41025641025641024,0.5897435897435898,1,0.02564102564102564,1.0,2026,2026
Kenyon Giles,Wichita St.,7,10,2,18,20,4,30,39,16,0,0,0,kenyon giles,G,Sr,7,10,17,0.4117647058823529,0.2857142857142857,17,0.4117647058823529,0.2857142857142857,38,0.47368421052631576,0.2222222222222222,55,0.45454545454545453,0.24,69,0.43478260869565216,0.5333333333333333,0.4,124,0.13709677419354838,0.3064516129032258,0.5564516129032258,0.4435483870967742,0,0.0,,2026,2026
Luke Northweather,Missouri,3,4,2,0,1,0,11,9,10,0,0,0,luke northweather,F,Jr,3,4,7,0.42857142857142855,0.6666666666666666,7,0.42857142857142855,0.6666666666666666,1,0.0,,8,0.375,0.6666666666666666,20,0.55,0.9090909090909091,0.8571428571428571,28,0.25,0.03571428571428571,0.7142857142857143,0.2857142857142857,0,0.0,,2026,2026
Javon Bennett,Dayton,22,12,7,12,23,2,21,46,13,0,0,0,javon bennett,G,Sr,22,12,34,0.6470588235294118,0.3181818181818182,34,0.6470588235294118,0.3181818181818182,35,0.34285714285714286,0.16666666666666666,69,0.4927536231884058,0.2647058823529412,67,0.31343283582089554,0.6190476190476191,0.4,136,0.25,0.25735294117647056,0.49264705882352944,0.5073529411764706,0,0.0,,2026,2026
Jasen Green,Creighton,12,6,12,4,5,1,8,10,8,6,0,6,jasen green,F,Jr,6,6,12,0.5,1.0,18,0.6666666666666666,1.0,9,0.4444444444444444,0.25,27,0.5925925925925926,0.8125,18,0.4444444444444444,1.0,0.875,45,0.4,0.2,0.4,0.6,6,0.13333333333333333,1.0,2026,2026
Ola Ajiboye,Southern Indiana,17,10,9,4,8,1,0,0,0,5,0,4,ola ajiboye,F,Sr,12,10,22,0.5454545454545454,0.4166666666666667,27,0.6296296296296297,0.5294117647058824,12,0.3333333333333333,0.25,39,0.5384615384615384,0.47619047619047616,0,,,0.47619047619047616,39,0.6923076923076923,0.3076923076923077,0.0,1.0,5,0.1282051282051282,1.0,2026,2026
Mike Sharavjamts,South Carolina,20,5,9,4,7,1,10,18,10,4,1,4,mike sharavjamts,F,Sr,16,4,20,0.8,0.3125,25,0.8,0.45,11,0.36363636363636365,0.25,36,0.6666666666666666,0.4166666666666667,28,0.35714285714285715,1.0,0.5882352941176471,64,0.390625,0.171875,0.4375,0.5625,5,0.078125,0.8,2026,2026
Grant Newell,Western Kentucky,8,10,4,7,6,3,7,18,7,2,2,1,grant newell,F,Sr,6,8,14,0.42857142857142855,0.5,18,0.4444444444444444,0.5,13,0.5384615384615384,0.42857142857142855,31,0.4838709677419355,0.4666666666666667,25,0.28,1.0,0.6363636363636364,56,0.32142857142857145,0.23214285714285715,0.44642857142857145,0.5535714285714286,4,0.07142857142857142,0.5,2026,2026
KyeRon Lindsay-Martin,UAB,31,13,17,7,14,4,0,0,0,7,0,7,kyeron lindsay-martin,C,Jr,24,13,37,0.6486486486486487,0.4166666666666667,44,0.7045454545454546,0.5483870967741935,21,0.3333333333333333,0.5714285714285714,65,0.5846153846153846,0.5526315789473685,0,,,0.5526315789473685,65,0.676923076923077,0.3230769230769231,0.0,1.0,7,0.1076923076923077,1.0,2026,2026
Jack Doumbia Jr.,Towson,24,18,6,12,20,1,1,9,1,3,1,2,jack doumbia jr.,G,Sr,21,17,38,0.5526315789473685,0.19047619047619047,42,0.5714285714285714,0.25,32,0.375,0.08333333333333333,74,0.4864864864864865,0.19444444444444445,10,0.1,1.0,0.21621621621621623,84,0.5,0.38095238095238093,0.11904761904761904,0.8809523809523809,4,0.047619047619047616,0.75,2026,2026
Keyshawn Hall,Auburn,29,24,9,5,13,1,16,20,13,2,0,1,keyshawn hall,F,Sr,27,24,51,0.5294117647058824,0.2962962962962963,53,0.5471698113207547,0.3103448275862069,18,0.2777777777777778,0.2,71,0.4788732394366197,0.29411764705882354,36,0.4444444444444444,0.8125,0.46,107,0.4953271028037383,0.16822429906542055,0.3364485981308411,0.6635514018691588,2,0.018691588785046728,1.0,2026,2026
Jonathan Beagle,Richmond,13,10,6,1,3,0,0,0,0,1,0,1,jonathan beagle,C,Jr,12,10,22,0.5454545454545454,0.4166666666666667,23,0.5652173913043478,0.46153846153846156,4,0.25,0.0,27,0.5185185185185185,0.42857142857142855,0,,,0.42857142857142855,27,0.8518518518518519,0.14814814814814814,0.0,1.0,1,0.037037037037037035,1.0,2026,2026
Romad Dean,Tulsa,6,0,5,0,0,0,8,10,8,4,0,3,romad dean,F,Sr,2,0,2,1.0,1.0,6,1.0,0.8333333333333334,0,,,6,1.0,0.8333333333333334,18,0.4444444444444444,1.0,0.9285714285714286,24,0.25,0.0,0.75,0.25,4,0.16666666666666666,1.0,2026,2026
Brian Taylor,East Tennessee St.,17,12,2,11,9,2,13,22,10,1,0,0,brian taylor,G,Sr,16,12,28,0.5714285714285714,0.125,29,0.5862068965517241,0.11764705882352941,20,0.55,0.18181818181818182,49,0.5714285714285714,0.14285714285714285,35,0.37142857142857144,0.7692307692307693,0.34146341463414637,84,0.34523809523809523,0.23809523809523808,0.4166666666666667,0.5833333333333334,1,0.011904761904761904,1.0,2026,2026
Tre Dinkins,George Washington,4,2,0,2,2,0,26,35,19,0,0,0,tre dinkins,G,Sr,4,2,6,0.6666666666666666,0.0,6,0.6666666666666666,0.0,4,0.5,0.0,10,0.6,0.0,61,0.4262295081967213,0.7307692307692307,0.59375,71,0.08450704225352113,0.056338028169014086,0.8591549295774648,0.14084507042253522,0,0.0,,2026,2026
Sincere Parker,Memphis,13,9,5,10,18,3,5,13,4,0,2,0,sincere parker,G,Sr,13,7,20,0.65,0.38461538461538464,22,0.5909090909090909,0.38461538461538464,28,0.35714285714285715,0.3,50,0.46,0.34782608695652173,18,0.2777777777777778,0.8,0.42857142857142855,68,0.3235294117647059,0.4117647058823529,0.2647058823529412,0.7352941176470589,2,0.029411764705882353,0.0,2026,2026
Harry Wessels,Saint Mary's,4,4,1,0,2,0,0,0,0,0,1,0,harry wessels,C,Sr,4,3,7,0.5714285714285714,0.25,8,0.5,0.25,2,0.0,,10,0.4,0.25,0,,,0.25,10,0.8,0.2,0.0,1.0,1,0.1,0.0,2026,2026
Sadiku Ibine Ayo,St. John's,7,4,6,0,2,0,3,6,3,1,0,1,sadiku ibine ayo,G,Sr,6,4,10,0.6,0.8333333333333334,11,0.6363636363636364,0.8571428571428571,2,0.0,,13,0.5384615384615384,0.8571428571428571,9,0.3333333333333333,1.0,0.9,22,0.5,0.09090909090909091,0.4090909090909091,0.5909090909090909,1,0.045454545454545456,1.0,2026,2026
Maleek Arington,Seattle,8,11,0,2,4,1,2,2,1,0,0,0,maleek arington,G,Sr,8,11,19,0.42105263157894735,0.0,19,0.42105263157894735,0.0,6,0.3333333333333333,0.5,25,0.4,0.1,4,0.5,0.5,0.16666666666666666,29,0.6551724137931034,0.20689655172413793,0.13793103448275862,0.8620689655172413,0,0.0,,2026,2026
Barrington Hargress,Colorado,17,16,6,17,14,2,7,6,6,1,0,0,barrington hargress,G,Jr,16,16,32,0.5,0.375,33,0.5151515151515151,0.35294117647058826,31,0.5483870967741935,0.11764705882352941,64,0.53125,0.23529411764705882,13,0.5384615384615384,0.8571428571428571,0.34146341463414637,77,0.42857142857142855,0.4025974025974026,0.16883116883116883,0.8311688311688312,1,0.012987012987012988,1.0,2026,2026
Jacari White,Virginia,6,4,2,1,4,0,26,22,20,1,0,1,jacari white,G,Sr,5,4,9,0.5555555555555556,0.2,10,0.6,0.3333333333333333,5,0.2,0.0,15,0.4666666666666667,0.2857142857142857,48,0.5416666666666666,0.7692307692307693,0.6666666666666666,63,0.15873015873015872,0.07936507936507936,0.7619047619047619,0.23809523809523808,1,0.015873015873015872,1.0,2026,2026
David Coit,Maryland,9,14,1,6,7,1,25,34,12,0,0,0,david coit,G,Sr,9,14,23,0.391304347826087,0.1111111111111111,23,0.391304347826087,0.1111111111111111,13,0.46153846153846156,0.16666666666666666,36,0.4166666666666667,0.13333333333333333,59,0.423728813559322,0.48,0.35,95,0.24210526315789474,0.1368421052631579,0.6210526315789474,0.37894736842105264,0,0.0,,2026,2026
Mohamed Wague,Oklahoma,24,12,13,1,1,1,0,1,0,5,1,5,mohamed wague,C,Sr,19,11,30,0.6333333333333333,0.42105263157894735,36,0.6666666666666666,0.5416666666666666,2,0.5,1.0,38,0.6578947368421053,0.56,1,0.0,,0.56,39,0.9230769230769231,0.05128205128205128,0.02564102564102564,0.9743589743589743,6,0.15384615384615385,0.8333333333333334,2026,2026
Jestin Porter,Clemson,9,12,1,2,7,0,17,34,16,0,0,0,jestin porter,G,Sr,9,12,21,0.42857142857142855,0.1111111111111111,21,0.42857142857142855,0.1111111111111111,9,0.2222222222222222,0.0,30,0.36666666666666664,0.09090909090909091,51,0.3333333333333333,0.9411764705882353,0.6071428571428571,81,0.25925925925925924,0.1111111111111111,0.6296296296296297,0.37037037037037035,0,0.0,,2026,2026
Luca Colceag,Tennessee Martin,2,0,0,2,1,0,5,10,5,0,0,0,luca colceag,F,Sr,2,0,2,1.0,0.0,2,1.0,0.0,3,0.6666666666666666,0.0,5,0.8,0.0,15,0.3333333333333333,1.0,0.5555555555555556,20,0.1,0.15,0.75,0.25,0,0.0,,2026,2026
Camden Heide,Texas,4,3,1,1,0,1,11,7,10,2,0,1,camden heide,F,Jr,2,3,5,0.4,0.0,7,0.5714285714285714,0.25,1,1.0,1.0,8,0.625,0.4,18,0.6111111111111112,0.9090909090909091,0.75,26,0.2692307692307692,0.038461538461538464,0.6923076923076923,0.3076923076923077,2,0.07692307692307693,1.0,2026,2026
Barry Dunning Jr.,Pittsburgh,18,8,5,3,4,0,14,29,14,4,1,4,barry dunning jr.,F,Sr,14,7,21,0.6666666666666666,0.07142857142857142,26,0.6923076923076923,0.2777777777777778,7,0.42857142857142855,0.0,33,0.6363636363636364,0.23809523809523808,43,0.32558139534883723,1.0,0.5428571428571428,76,0.34210526315789475,0.09210526315789473,0.5657894736842105,0.4342105263157895,5,0.06578947368421052,0.8,2026,2026
Iaroslav Niagu,Jacksonville St.,3,3,2,2,4,2,0,0,0,0,0,0,iaroslav niagu,C,Jr,3,3,6,0.5,0.6666666666666666,6,0.5,0.6666666666666666,6,0.3333333333333333,1.0,12,0.4166666666666667,0.8,0,,,0.8,12,0.5,0.5,0.0,1.0,0,0.0,,2026,2026
Tre Donaldson,Miami FL,24,16,7,15,16,2,14,29,12,1,1,1,tre donaldson,G,Sr,23,15,38,0.6052631578947368,0.2608695652173913,40,0.6,0.2916666666666667,31,0.4838709677419355,0.13333333333333333,71,0.5492957746478874,0.23076923076923078,43,0.32558139534883723,0.8571428571428571,0.39622641509433965,114,0.3508771929824561,0.2719298245614035,0.37719298245614036,0.6228070175438597,2,0.017543859649122806,0.5,2026,2026
Cord Stansberry,Western Carolina,8,9,0,11,14,1,12,28,9,2,0,0,cord stansberry,G,Sr,6,9,15,0.4,0.0,17,0.47058823529411764,0.0,25,0.44,0.09090909090909091,42,0.4523809523809524,0.05263157894736842,40,0.3,0.75,0.3225806451612903,82,0.2073170731707317,0.3048780487804878,0.4878048780487805,0.5121951219512195,2,0.024390243902439025,1.0,2026,2026
Jevon Porter,Missouri,15,3,5,3,3,1,6,17,6,3,0,1,jevon porter,F,Sr,12,3,15,0.8,0.3333333333333333,18,0.8333333333333334,0.3333333333333333,6,0.5,0.3333333333333333,24,0.75,0.3333333333333333,23,0.2608695652173913,1.0,0.5,47,0.3829787234042553,0.1276595744680851,0.48936170212765956,0.5106382978723404,3,0.06382978723404255,1.0,2026,2026
Jorge Diaz Graham,Oregon St.,4,1,2,3,2,2,4,10,4,1,0,1,jorge diaz graham,F,Jr,3,1,4,0.75,0.3333333333333333,5,0.8,0.5,5,0.6,0.6666666666666666,10,0.7,0.5714285714285714,14,0.2857142857142857,1.0,0.7272727272727273,24,0.20833333333333334,0.20833333333333334,0.5833333333333334,0.4166666666666667,1,0.041666666666666664,1.0,2026,2026
JJ Starling,Syracuse,10,6,2,5,10,0,6,11,5,1,0,0,jj starling,G,Sr,9,6,15,0.6,0.2222222222222222,16,0.625,0.2,15,0.3333333333333333,0.0,31,0.4838709677419355,0.13333333333333333,17,0.35294117647058826,0.8333333333333334,0.3333333333333333,48,0.3333333333333333,0.3125,0.3541666666666667,0.6458333333333334,1,0.020833333333333332,1.0,2026,2026
Ven-Allen Lubin,N.C. State,42,15,26,1,4,1,3,3,3,14,1,12,ven-allen lubin,F,Sr,28,14,42,0.6666666666666666,0.5,57,0.7368421052631579,0.6190476190476191,5,0.2,1.0,62,0.6935483870967742,0.627906976744186,6,0.5,1.0,0.6521739130434783,68,0.8382352941176471,0.07352941176470588,0.08823529411764706,0.9117647058823529,15,0.22058823529411764,0.9333333333333333,2026,2026
Aidan Hadaway,Ohio,29,11,14,8,14,1,13,31,12,7,0,6,aidan hadaway,F,Sr,22,11,33,0.6666666666666666,0.36363636363636365,40,0.725,0.4827586206896552,22,0.36363636363636365,0.125,62,0.5967741935483871,0.40540540540540543,44,0.29545454545454547,0.9230769230769231,0.54,106,0.37735849056603776,0.20754716981132076,0.41509433962264153,0.5849056603773585,7,0.0660377358490566,1.0,2026,2026
Josh Dix,Creighton,10,1,5,11,15,5,15,29,13,1,0,0,josh dix,G,Sr,9,1,10,0.9,0.5555555555555556,11,0.9090909090909091,0.5,26,0.4230769230769231,0.45454545454545453,37,0.5675675675675675,0.47619047619047616,44,0.3409090909090909,0.8666666666666667,0.6388888888888888,81,0.13580246913580246,0.32098765432098764,0.5432098765432098,0.4567901234567901,1,0.012345679012345678,1.0,2026,2026
Robbie Avila,Saint Louis,20,14,10,0,3,0,15,16,14,0,0,0,robbie avila,F,Jr,20,14,34,0.5882352941176471,0.5,34,0.5882352941176471,0.5,3,0.0,,37,0.5405405405405406,0.5,31,0.4838709677419355,0.9333333333333333,0.6857142857142857,68,0.5,0.04411764705882353,0.45588235294117646,0.5441176470588235,0,0.0,,2026,2026
Vincent Brady II,High Point,1,0,1,0,1,0,2,2,2,0,0,0,vincent brady ii,G,Sr,1,0,1,1.0,1.0,1,1.0,1.0,1,0.0,,2,0.5,1.0,4,0.5,1.0,1.0,6,0.16666666666666666,0.16666666666666666,0.6666666666666666,0.3333333333333333,0,0.0,,2026,2026
Max Burton,Western Michigan,18,12,6,6,11,3,0,0,0,0,0,0,max burton,C,Jr,18,12,30,0.6,0.3333333333333333,30,0.6,0.3333333333333333,17,0.35294117647058826,0.5,47,0.5106382978723404,0.375,0,,,0.375,47,0.6382978723404256,0.3617021276595745,0.0,1.0,0,0.0,,2026,2026
Jermaine Ballisager Webb,Portland,13,6,9,2,5,2,1,5,1,4,0,4,jermaine ballisager webb,F,Sr,9,6,15,0.6,0.5555555555555556,19,0.6842105263157895,0.6923076923076923,7,0.2857142857142857,1.0,26,0.5769230769230769,0.7333333333333333,6,0.16666666666666666,1.0,0.75,32,0.59375,0.21875,0.1875,0.8125,4,0.125,1.0,2026,2026
Amani Lyles,Akron,36,16,23,2,3,1,12,13,12,9,0,5,amani lyles,F,Sr,27,16,43,0.627906976744186,0.6666666666666666,52,0.6923076923076923,0.6388888888888888,5,0.4,0.5,57,0.6666666666666666,0.631578947368421,25,0.48,1.0,0.72,82,0.6341463414634146,0.06097560975609756,0.3048780487804878,0.6951219512195121,9,0.10975609756097561,1.0,2026,2026
Braden Smith,Purdue,11,8,0,12,28,2,17,24,9,0,0,0,braden smith,G,Sr,11,8,19,0.5789473684210527,0.0,19,0.5789473684210527,0.0,40,0.3,0.16666666666666666,59,0.3898305084745763,0.08695652173913043,41,0.4146341463414634,0.5294117647058824,0.275,100,0.19,0.4,0.41,0.59,0,0.0,,2026,2026
KC Ibekwe,Pacific,13,6,13,3,2,0,0,0,0,0,0,0,kc ibekwe,F,Jr,13,6,19,0.6842105263157895,1.0,19,0.6842105263157895,1.0,5,0.6,0.0,24,0.6666666666666666,0.8125,0,,,0.8125,24,0.7916666666666666,0.20833333333333334,0.0,1.0,0,0.0,,2026,2026
Orlando Lovejoy,Detroit Mercy,14,11,2,24,36,3,0,5,0,0,0,0,orlando lovejoy,G,Sr,14,11,25,0.56,0.14285714285714285,25,0.56,0.14285714285714285,60,0.4,0.125,85,0.4470588235294118,0.13157894736842105,5,0.0,,0.13157894736842105,90,0.2777777777777778,0.6666666666666666,0.05555555555555555,0.9444444444444444,0,0.0,,2026,2026
Justin Mullins,Northwestern,10,5,6,1,0,0,2,7,1,1,0,1,justin mullins,G,Sr,9,5,14,0.6428571428571429,0.5555555555555556,15,0.6666666666666666,0.6,1,1.0,0.0,16,0.6875,0.5454545454545454,9,0.2222222222222222,0.5,0.5384615384615384,25,0.6,0.04,0.36,0.64,1,0.04,1.0,2026,2026
Ja'Kobi Gillespie,Tennessee,25,19,9,10,16,0,27,53,23,2,0,1,ja'kobi gillespie,G,Sr,23,19,42,0.5476190476190477,0.34782608695652173,44,0.5681818181818182,0.36,26,0.38461538461538464,0.0,70,0.5,0.2571428571428571,80,0.3375,0.8518518518518519,0.5161290322580645,150,0.29333333333333333,0.17333333333333334,0.5333333333333333,0.4666666666666667,2,0.013333333333333334,1.0,2026,2026
Derrian Ford,Temple,25,18,7,8,12,1,12,29,10,1,0,0,derrian ford,G,Sr,24,18,42,0.5714285714285714,0.2916666666666667,43,0.5813953488372093,0.28,20,0.4,0.125,63,0.5238095238095238,0.24242424242424243,41,0.2926829268292683,0.8333333333333334,0.4,104,0.41346153846153844,0.19230769230769232,0.3942307692307692,0.6057692307692307,1,0.009615384615384616,1.0,2026,2026
Barry Evans,VCU,23,21,6,6,8,0,6,19,6,8,0,4,barry evans,F,Jr,15,21,36,0.4166666666666667,0.13333333333333333,44,0.5227272727272727,0.2608695652173913,14,0.42857142857142855,0.0,58,0.5,0.20689655172413793,25,0.24,1.0,0.34285714285714286,83,0.5301204819277109,0.1686746987951807,0.30120481927710846,0.6987951807228916,8,0.0963855421686747,1.0,2026,2026
Jack Campion,SIU Edwardsville,16,9,2,4,12,0,4,8,3,0,0,0,jack campion,G,Sr,16,9,25,0.64,0.125,25,0.64,0.125,16,0.25,0.0,41,0.4878048780487805,0.1,12,0.3333333333333333,0.75,0.20833333333333334,53,0.4716981132075472,0.3018867924528302,0.22641509433962265,0.7735849056603774,0,0.0,,2026,2026
Jaden Henley,Grand Canyon,39,18,16,6,13,1,7,29,7,11,3,3,jaden henley,G,Sr,28,15,43,0.6511627906976745,0.4642857142857143,57,0.6842105263157895,0.41025641025641024,19,0.3157894736842105,0.16666666666666666,76,0.5921052631578947,0.37777777777777777,36,0.19444444444444445,1.0,0.46153846153846156,112,0.5089285714285714,0.16964285714285715,0.32142857142857145,0.6785714285714286,14,0.125,0.7857142857142857,2026,2026
Pharrel Payne,Maryland,50,27,29,1,4,1,0,0,0,14,1,12,pharrel payne,C,Sr,36,26,62,0.5806451612903226,0.4722222222222222,77,0.6493506493506493,0.58,5,0.2,1.0,82,0.6219512195121951,0.5882352941176471,0,,,0.5882352941176471,82,0.9390243902439024,0.06097560975609756,0.0,1.0,15,0.18292682926829268,0.9333333333333333,2026,2026
Delrecco Gillespie,Kent St.,45,17,30,12,15,2,4,10,4,7,0,6,delrecco gillespie,C,Sr,38,17,55,0.6909090909090909,0.631578947368421,62,0.7258064516129032,0.6666666666666666,27,0.4444444444444444,0.16666666666666666,89,0.6404494382022472,0.5614035087719298,14,0.2857142857142857,1.0,0.5901639344262295,103,0.6019417475728155,0.2621359223300971,0.13592233009708737,0.8640776699029126,7,0.06796116504854369,1.0,2026,2026
Roddy Gayle Jr.,Michigan,22,11,7,6,3,2,5,10,5,3,0,2,roddy gayle jr.,G,Sr,19,11,30,0.6333333333333333,0.2631578947368421,33,0.6666666666666666,0.3181818181818182,9,0.6666666666666666,0.3333333333333333,42,0.6666666666666666,0.32142857142857145,15,0.3333333333333333,1.0,0.42424242424242425,57,0.5789473684210527,0.15789473684210525,0.2631578947368421,0.7368421052631579,3,0.05263157894736842,1.0,2026,2026
Jack Karasinski,Bellarmine,30,10,15,5,2,1,15,23,14,2,2,2,jack karasinski,F,Jr,28,8,36,0.7777777777777778,0.4642857142857143,40,0.75,0.5,7,0.7142857142857143,0.2,47,0.7446808510638298,0.45714285714285713,38,0.39473684210526316,0.9333333333333333,0.6,85,0.47058823529411764,0.08235294117647059,0.4470588235294118,0.5529411764705883,4,0.047058823529411764,0.5,2026,2026
Julian Margrave,Nebraska Omaha,0,3,0,1,2,0,9,10,9,0,0,0,julian margrave,F,Jr,0,3,3,0.0,,3,0.0,,3,0.3333333333333333,0.0,6,0.16666666666666666,0.0,19,0.47368421052631576,1.0,0.9,25,0.12,0.12,0.76,0.24,0,0.0,,2026,2026
Ethan Roberts,Penn,16,20,2,10,25,3,13,21,10,0,0,0,ethan roberts,G,Sr,16,20,36,0.4444444444444444,0.125,36,0.4444444444444444,0.125,35,0.2857142857142857,0.3,71,0.36619718309859156,0.19230769230769232,34,0.38235294117647056,0.7692307692307693,0.38461538461538464,105,0.34285714285714286,0.3333333333333333,0.3238095238095238,0.6761904761904762,0,0.0,,2026,2026
Connor Turnbull,Evansville,23,10,14,16,17,8,3,7,2,9,0,5,connor turnbull,C,Jr,14,10,24,0.5833333333333334,0.6428571428571429,33,0.696969696969697,0.6086956521739131,33,0.48484848484848486,0.5,66,0.5909090909090909,0.5641025641025641,10,0.3,0.6666666666666666,0.5714285714285714,76,0.4342105263157895,0.4342105263157895,0.13157894736842105,0.868421052631579,9,0.11842105263157894,1.0,2026,2026
Blaise Keita,Western Kentucky,2,4,1,3,2,2,0,0,0,0,0,0,blaise keita,C,Sr,2,4,6,0.3333333333333333,0.5,6,0.3333333333333333,0.5,5,0.6,0.6666666666666666,11,0.45454545454545453,0.6,0,,,0.6,11,0.5454545454545454,0.45454545454545453,0.0,1.0,0,0.0,,2026,2026
Jacob Conner,Dayton,6,3,2,1,0,1,7,16,7,2,0,2,jacob conner,F,Sr,4,3,7,0.5714285714285714,0.0,9,0.6666666666666666,0.3333333333333333,1,1.0,1.0,10,0.7,0.42857142857142855,23,0.30434782608695654,1.0,0.7142857142857143,33,0.2727272727272727,0.030303030303030304,0.696969696969697,0.30303030303030304,2,0.06060606060606061,1.0,2026,2026
Keelan Steele,Maine,28,16,17,6,7,2,0,2,0,6,0,6,keelan steele,C,Sr,22,16,38,0.5789473684210527,0.5,44,0.6363636363636364,0.6071428571428571,13,0.46153846153846156,0.3333333333333333,57,0.5964912280701754,0.5588235294117647,2,0.0,,0.5588235294117647,59,0.7457627118644068,0.22033898305084745,0.03389830508474576,0.9661016949152542,6,0.1016949152542373,1.0,2026,2026
Magnus Entenmann,Kent St.,5,0,4,0,0,0,3,7,3,1,0,1,magnus entenmann,F,Jr,4,0,4,1.0,0.75,5,1.0,0.8,0,,,5,1.0,0.8,10,0.3,1.0,0.875,15,0.3333333333333333,0.0,0.6666666666666666,0.3333333333333333,1,0.06666666666666667,1.0,2026,2026
Seth Trimble,North Carolina,10,6,4,1,1,0,0,7,0,1,0,1,seth trimble,G,Sr,9,6,15,0.6,0.3333333333333333,16,0.625,0.4,2,0.5,0.0,18,0.6111111111111112,0.36363636363636365,7,0.0,,0.36363636363636365,25,0.64,0.08,0.28,0.72,1,0.04,1.0,2026,2026
LJ Thomas,Old Dominion,33,18,8,8,18,1,5,10,5,0,1,0,lj thomas,G,Sr,33,17,50,0.66,0.24242424242424243,51,0.6470588235294118,0.24242424242424243,26,0.3076923076923077,0.125,77,0.5324675324675324,0.21951219512195122,15,0.3333333333333333,1.0,0.30434782608695654,92,0.5543478260869565,0.2826086956521739,0.16304347826086957,0.8369565217391305,1,0.010869565217391304,0.0,2026,2026
Damari Wheeler-Thomas,North Dakota St.,12,10,2,10,16,0,18,28,15,0,0,0,damari wheeler-thomas,G,Jr,12,10,22,0.5454545454545454,0.16666666666666666,22,0.5454545454545454,0.16666666666666666,26,0.38461538461538464,0.0,48,0.4583333333333333,0.09090909090909091,46,0.391304347826087,0.8333333333333334,0.425,94,0.23404255319148937,0.2765957446808511,0.48936170212765956,0.5106382978723404,0,0.0,,2026,2026
Quadir Copeland,N.C. State,27,13,3,5,7,0,9,7,8,4,0,1,quadir copeland,G,Sr,23,13,36,0.6388888888888888,0.08695652173913043,40,0.675,0.1111111111111111,12,0.4166666666666667,0.0,52,0.6153846153846154,0.09375,16,0.5625,0.8888888888888888,0.2682926829268293,68,0.5882352941176471,0.17647058823529413,0.23529411764705882,0.7647058823529411,4,0.058823529411764705,1.0,2026,2026
Jacari Lane,Texas A&M,15,8,4,0,2,0,9,16,8,0,0,0,jacari lane,G,Sr,15,8,23,0.6521739130434783,0.26666666666666666,23,0.6521739130434783,0.26666666666666666,2,0.0,,25,0.6,0.26666666666666666,25,0.36,0.8888888888888888,0.5,50,0.46,0.04,0.5,0.5,0,0.0,,2026,2026
Josh Reed,Penn St.,17,12,5,9,4,1,6,14,6,0,0,0,josh reed,F,Sr,17,12,29,0.5862068965517241,0.29411764705882354,29,0.5862068965517241,0.29411764705882354,13,0.6923076923076923,0.1111111111111111,42,0.6190476190476191,0.23076923076923078,20,0.3,1.0,0.375,62,0.46774193548387094,0.20967741935483872,0.3225806451612903,0.6774193548387096,0,0.0,,2026,2026
Josh Reed,Penn St.,17,12,5,9,4,1,6,14,6,0,0,0,josh reed,G,So,17,12,29,0.5862068965517241,0.29411764705882354,29,0.5862068965517241,0.29411764705882354,13,0.6923076923076923,0.1111111111111111,42,0.6190476190476191,0.23076923076923078,20,0.3,1.0,0.375,62,0.46774193548387094,0.20967741935483872,0.3225806451612903,0.6774193548387096,0,0.0,,2026,2026
Armani Mighty,Mercer,35,6,18,5,11,1,0,0,0,13,0,12,armani mighty,C,Jr,22,6,28,0.7857142857142857,0.2727272727272727,41,0.8536585365853658,0.5142857142857142,16,0.3125,0.2,57,0.7017543859649122,0.475,0,,,0.475,57,0.7192982456140351,0.2807017543859649,0.0,1.0,13,0.22807017543859648,1.0,2026,2026
Dan Skillings Jr.,Baylor,17,15,7,9,9,1,7,22,6,1,1,0,dan skillings jr.,F,Sr,16,14,30,0.5333333333333333,0.4375,32,0.53125,0.4117647058823529,18,0.5,0.1111111111111111,50,0.52,0.3076923076923077,29,0.2413793103448276,0.8571428571428571,0.42424242424242425,79,0.4050632911392405,0.22784810126582278,0.3670886075949367,0.6329113924050633,2,0.02531645569620253,0.5,2026,2026
Davion Sykes,Southern Illinois,23,11,16,6,9,1,0,1,0,7,1,4,davion sykes,F,Sr,16,10,26,0.6153846153846154,0.75,34,0.6764705882352942,0.6956521739130435,15,0.4,0.16666666666666666,49,0.5918367346938775,0.5862068965517241,1,0.0,,0.5862068965517241,50,0.68,0.3,0.02,0.98,8,0.16,0.875,2026,2026
Jaelyn Lee,Texas St.,3,1,2,2,1,1,3,3,3,1,0,1,jaelyn lee,G,Jr,2,1,3,0.6666666666666666,0.5,4,0.75,0.6666666666666666,3,0.6666666666666666,0.5,7,0.7142857142857143,0.6,6,0.5,1.0,0.75,13,0.3076923076923077,0.23076923076923078,0.46153846153846156,0.5384615384615384,1,0.07692307692307693,1.0,2026,2026
Efrem Johnson,Clemson,6,1,3,3,4,0,9,20,8,1,0,0,efrem johnson,G,Sr,5,1,6,0.8333333333333334,0.6,7,0.8571428571428571,0.5,7,0.42857142857142855,0.0,14,0.6428571428571429,0.3333333333333333,29,0.3103448275862069,0.8888888888888888,0.6111111111111112,43,0.16279069767441862,0.16279069767441862,0.6744186046511628,0.32558139534883723,1,0.023255813953488372,1.0,2026,2026
Amarri Monroe,Quinnipiac,28,9,10,12,21,2,10,27,7,6,1,4,amarri monroe,G,Sr,22,8,30,0.7333333333333333,0.2727272727272727,37,0.7567567567567568,0.35714285714285715,33,0.36363636363636365,0.16666666666666666,70,0.5714285714285714,0.3,37,0.2702702702702703,0.7,0.38,107,0.34579439252336447,0.308411214953271,0.34579439252336447,0.6542056074766355,7,0.06542056074766354,0.8571428571428571,2026,2026
Coleton Benson,New Orleans,3,9,2,6,9,2,34,48,31,0,0,0,coleton benson,G,Sr,3,9,12,0.25,0.6666666666666666,12,0.25,0.6666666666666666,15,0.4,0.3333333333333333,27,0.3333333333333333,0.4444444444444444,82,0.4146341463414634,0.9117647058823529,0.813953488372093,109,0.11009174311926606,0.13761467889908258,0.7522935779816514,0.24770642201834864,0,0.0,,2026,2026
Braden Appelhans,Drake,4,5,1,1,7,1,19,22,16,0,0,0,braden appelhans,G,Jr,4,5,9,0.4444444444444444,0.25,9,0.4444444444444444,0.25,8,0.125,1.0,17,0.29411764705882354,0.4,41,0.4634146341463415,0.8421052631578947,0.75,58,0.15517241379310345,0.13793103448275862,0.7068965517241379,0.29310344827586204,0,0.0,,2026,2026
Donovan Dent,UCLA,22,18,4,11,30,1,1,12,1,0,1,0,donovan dent,G,Sr,22,17,39,0.5641025641025641,0.18181818181818182,40,0.55,0.18181818181818182,41,0.2682926829268293,0.09090909090909091,81,0.4074074074074074,0.15151515151515152,13,0.07692307692307693,1.0,0.17647058823529413,94,0.425531914893617,0.43617021276595747,0.13829787234042554,0.8617021276595744,1,0.010638297872340425,0.0,2026,2026
Mark Mitchell,Missouri,45,9,15,9,17,4,1,9,1,13,0,8,mark mitchell,C,Sr,32,9,41,0.7804878048780488,0.21875,54,0.8333333333333334,0.3333333333333333,26,0.34615384615384615,0.4444444444444444,80,0.675,0.35185185185185186,10,0.1,1.0,0.36363636363636365,90,0.6,0.28888888888888886,0.1111111111111111,0.8888888888888888,13,0.14444444444444443,1.0,2026,2026
Trey Campbell,Northern Iowa,4,12,1,12,13,3,15,31,13,0,0,0,trey campbell,G,Sr,4,12,16,0.25,0.25,16,0.25,0.25,25,0.48,0.25,41,0.3902439024390244,0.25,46,0.32608695652173914,0.8666666666666667,0.5483870967741935,87,0.1839080459770115,0.28735632183908044,0.5287356321839081,0.47126436781609193,0,0.0,,2026,2026
Jalen Jackson,Butler,16,6,3,4,12,1,2,3,2,1,0,0,jalen jackson,G,Sr,15,6,21,0.7142857142857143,0.2,22,0.7272727272727273,0.1875,16,0.25,0.25,38,0.5263157894736842,0.2,5,0.4,1.0,0.2727272727272727,43,0.5116279069767442,0.37209302325581395,0.11627906976744186,0.8837209302325582,1,0.023255813953488372,1.0,2026,2026
Noah Ross,UNC Wilmington,9,10,1,16,19,3,10,19,10,1,0,1,noah ross,G,Sr,8,10,18,0.4444444444444444,0.0,19,0.47368421052631576,0.1111111111111111,35,0.45714285714285713,0.1875,54,0.46296296296296297,0.16,29,0.3448275862068966,1.0,0.4,83,0.2289156626506024,0.42168674698795183,0.3493975903614458,0.6506024096385542,1,0.012048192771084338,1.0,2026,2026
Nolan Hodge,UNC Wilmington,8,4,2,11,14,2,21,33,17,1,0,0,nolan hodge,G,Sr,7,4,11,0.6363636363636364,0.2857142857142857,12,0.6666666666666666,0.25,25,0.44,0.18181818181818182,37,0.5135135135135135,0.21052631578947367,54,0.3888888888888889,0.8095238095238095,0.525,91,0.13186813186813187,0.27472527472527475,0.5934065934065934,0.4065934065934066,1,0.01098901098901099,1.0,2026,2026
Richie Saunders,BYU,25,14,8,3,4,0,23,31,22,2,2,1,richie saunders,G,Sr,23,12,35,0.6571428571428571,0.30434782608695654,39,0.6410256410256411,0.32,7,0.42857142857142855,0.0,46,0.6086956521739131,0.2857142857142857,54,0.42592592592592593,0.9565217391304348,0.5882352941176471,100,0.39,0.07,0.54,0.46,4,0.04,0.5,2026,2026
Jayden Brewer,Western Michigan,32,23,17,5,12,1,4,9,3,4,0,2,jayden brewer,F,Sr,28,23,51,0.5490196078431373,0.5357142857142857,55,0.5818181818181818,0.53125,17,0.29411764705882354,0.2,72,0.5138888888888888,0.4864864864864865,13,0.3076923076923077,0.75,0.5121951219512195,85,0.6470588235294118,0.2,0.15294117647058825,0.8470588235294118,4,0.047058823529411764,1.0,2026,2026
Allen Mukeba,Arizona St.,17,12,6,4,6,1,1,2,1,4,0,3,allen mukeba,F,Sr,13,12,25,0.52,0.23076923076923078,29,0.5862068965517241,0.35294117647058826,10,0.4,0.25,39,0.5384615384615384,0.3333333333333333,3,0.3333333333333333,1.0,0.36363636363636365,42,0.6904761904761905,0.23809523809523808,0.07142857142857142,0.9285714285714286,4,0.09523809523809523,1.0,2026,2026
Dre Bullock,Hawaii,26,15,5,1,4,0,10,31,5,10,2,4,dre bullock,G,Sr,16,13,29,0.5517241379310345,0.0625,41,0.6341463414634146,0.19230769230769232,5,0.2,0.0,46,0.5869565217391305,0.18518518518518517,41,0.24390243902439024,0.5,0.2702702702702703,87,0.47126436781609193,0.05747126436781609,0.47126436781609193,0.5287356321839081,12,0.13793103448275862,0.8333333333333334,2026,2026
Kobe MaGee,Florida St.,9,7,4,3,1,0,19,43,16,0,0,0,kobe magee,G,Sr,9,7,16,0.5625,0.4444444444444444,16,0.5625,0.4444444444444444,4,0.75,0.0,20,0.6,0.3333333333333333,62,0.3064516129032258,0.8421052631578947,0.6451612903225806,82,0.1951219512195122,0.04878048780487805,0.7560975609756098,0.24390243902439024,0,0.0,,2026,2026
Dillon Mitchell,St. John's,35,9,14,1,2,0,0,5,0,17,0,7,dillon mitchell,C,Sr,18,9,27,0.6666666666666666,0.3888888888888889,44,0.7954545454545454,0.4,3,0.3333333333333333,0.0,47,0.7659574468085106,0.3888888888888889,5,0.0,,0.3888888888888889,52,0.8461538461538461,0.057692307692307696,0.09615384615384616,0.9038461538461539,17,0.3269230769230769,1.0,2026,2026
Ross Candelino,Lipscomb,8,7,3,1,1,0,16,26,15,0,0,0,ross candelino,G,Sr,8,7,15,0.5333333333333333,0.375,15,0.5333333333333333,0.375,2,0.5,0.0,17,0.5294117647058824,0.3333333333333333,42,0.38095238095238093,0.9375,0.72,59,0.2542372881355932,0.03389830508474576,0.711864406779661,0.288135593220339,0,0.0,,2026,2026
Lamar Washington,Georgia Tech,13,14,5,8,9,2,5,14,4,0,1,0,lamar washington,G,Sr,13,13,26,0.5,0.38461538461538464,27,0.48148148148148145,0.38461538461538464,17,0.47058823529411764,0.25,44,0.4772727272727273,0.3333333333333333,19,0.2631578947368421,0.8,0.4230769230769231,63,0.42857142857142855,0.2698412698412698,0.30158730158730157,0.6984126984126984,1,0.015873015873015872,0.0,2026,2026
Frank Mitchell,St. Bonaventure,56,40,33,6,13,3,0,0,0,10,1,7,frank mitchell,C,Sr,46,39,85,0.5411764705882353,0.5652173913043478,96,0.5833333333333334,0.5892857142857143,19,0.3157894736842105,0.5,115,0.5391304347826087,0.5806451612903226,0,,,0.5806451612903226,115,0.8347826086956521,0.16521739130434782,0.0,1.0,11,0.09565217391304348,0.9090909090909091,2026,2026
Brandon Walker,Mississippi St.,13,2,2,2,9,0,3,5,3,0,0,0,brandon walker,F,Sr,13,2,15,0.8666666666666667,0.15384615384615385,15,0.8666666666666667,0.15384615384615385,11,0.18181818181818182,0.0,26,0.5769230769230769,0.13333333333333333,8,0.375,1.0,0.2777777777777778,34,0.4411764705882353,0.3235294117647059,0.23529411764705882,0.7647058823529411,0,0.0,,2026,2026
Wilguens Jr. Exacte,Drake,14,11,8,5,10,0,6,19,5,2,0,1,wilguens jr. exacte,F,Jr,12,11,23,0.5217391304347826,0.5833333333333334,25,0.56,0.5714285714285714,15,0.3333333333333333,0.0,40,0.475,0.42105263157894735,25,0.24,0.8333333333333334,0.52,65,0.38461538461538464,0.23076923076923078,0.38461538461538464,0.6153846153846154,2,0.03076923076923077,1.0,2026,2026
Nick Ellington,George Mason,16,11,11,3,8,1,0,0,0,3,0,3,nick ellington,F,Sr,13,11,24,0.5416666666666666,0.6153846153846154,27,0.5925925925925926,0.6875,11,0.2727272727272727,0.3333333333333333,38,0.5,0.631578947368421,0,,,0.631578947368421,38,0.7105263157894737,0.2894736842105263,0.0,1.0,3,0.07894736842105263,1.0,2026,2026
Marvin McGhee III,UT Rio Grande Valley,11,10,5,4,5,0,13,18,10,0,0,0,marvin mcghee iii,G,Sr,11,10,21,0.5238095238095238,0.45454545454545453,21,0.5238095238095238,0.45454545454545453,9,0.4444444444444444,0.0,30,0.5,0.3333333333333333,31,0.41935483870967744,0.7692307692307693,0.5357142857142857,61,0.3442622950819672,0.14754098360655737,0.5081967213114754,0.4918032786885246,0,0.0,,2026,2026
Joseph Pinion,South Florida,9,11,6,3,3,0,28,49,25,2,0,2,joseph pinion,G,Sr,7,11,18,0.3888888888888889,0.5714285714285714,20,0.45,0.6666666666666666,6,0.5,0.0,26,0.46153846153846156,0.5,77,0.36363636363636365,0.8928571428571429,0.775,103,0.1941747572815534,0.05825242718446602,0.7475728155339806,0.2524271844660194,2,0.019417475728155338,1.0,2026,2026
Alex Karaban,Connecticut,26,13,14,1,8,0,17,24,15,5,0,4,alex karaban,F,Sr,21,13,34,0.6176470588235294,0.47619047619047616,39,0.6666666666666666,0.5384615384615384,9,0.1111111111111111,0.0,48,0.5625,0.5185185185185185,41,0.4146341463414634,0.8823529411764706,0.6590909090909091,89,0.43820224719101125,0.10112359550561797,0.4606741573033708,0.5393258426966292,5,0.056179775280898875,1.0,2026,2026
Chase Cormier,Iona,1,2,0,0,1,0,7,5,5,1,0,0,chase cormier,G,Jr,0,2,2,0.0,,3,0.3333333333333333,0.0,1,0.0,,4,0.25,0.0,12,0.5833333333333334,0.7142857142857143,0.625,16,0.1875,0.0625,0.75,0.25,1,0.0625,1.0,2026,2026
Dug McDaniel,Memphis,15,14,4,12,27,3,11,21,8,0,0,0,dug mcdaniel,G,Sr,15,14,29,0.5172413793103449,0.26666666666666666,29,0.5172413793103449,0.26666666666666666,39,0.3076923076923077,0.25,68,0.39705882352941174,0.25925925925925924,32,0.34375,0.7272727272727273,0.39473684210526316,100,0.29,0.39,0.32,0.68,0,0.0,,2026,2026
Troy Hupstead,Texas Southern,15,12,5,4,12,0,9,10,5,0,0,0,troy hupstead,F,Sr,15,12,27,0.5555555555555556,0.3333333333333333,27,0.5555555555555556,0.3333333333333333,16,0.25,0.0,43,0.4418604651162791,0.2631578947368421,19,0.47368421052631576,0.5555555555555556,0.35714285714285715,62,0.43548387096774194,0.25806451612903225,0.3064516129032258,0.6935483870967742,0,0.0,,2026,2026
Aidan Shaw,Boston College,17,13,12,2,5,1,1,6,1,15,3,12,aidan shaw,C,Sr,2,10,12,0.16666666666666666,0.0,30,0.5666666666666667,0.7058823529411765,7,0.2857142857142857,0.5,37,0.5135135135135135,0.6842105263157895,7,0.14285714285714285,1.0,0.7,44,0.6818181818181818,0.1590909090909091,0.1590909090909091,0.8409090909090909,18,0.4090909090909091,0.8333333333333334,2026,2026
Andrew Ball,Monmouth,18,7,10,6,11,4,4,12,4,3,0,3,andrew ball,F,Sr,15,7,22,0.6818181818181818,0.4666666666666667,25,0.72,0.5555555555555556,17,0.35294117647058826,0.6666666666666666,42,0.5714285714285714,0.5833333333333334,16,0.25,1.0,0.6428571428571429,58,0.43103448275862066,0.29310344827586204,0.27586206896551724,0.7241379310344828,3,0.05172413793103448,1.0,2026,2026
TJ Johnson,VMI,12,5,4,10,11,3,20,65,15,1,1,1,tj johnson,F,Jr,11,4,15,0.7333333333333333,0.2727272727272727,17,0.7058823529411765,0.3333333333333333,21,0.47619047619047616,0.3,38,0.5789473684210527,0.3181818181818182,85,0.23529411764705882,0.75,0.5238095238095238,123,0.13821138211382114,0.17073170731707318,0.6910569105691057,0.3089430894308943,2,0.016260162601626018,0.5,2026,2026
Daniel Egbuniwe,St. Bonaventure,8,3,3,2,3,0,10,14,8,0,0,0,daniel egbuniwe,G,Sr,8,3,11,0.7272727272727273,0.375,11,0.7272727272727273,0.375,5,0.4,0.0,16,0.625,0.3,24,0.4166666666666667,0.8,0.55,40,0.275,0.125,0.6,0.4,0,0.0,,2026,2026
Lee Dort,California,27,11,16,5,4,3,0,0,0,12,1,10,lee dort,C,Sr,15,10,25,0.6,0.4,38,0.7105263157894737,0.5925925925925926,9,0.5555555555555556,0.6,47,0.6808510638297872,0.59375,0,,,0.59375,47,0.8085106382978723,0.19148936170212766,0.0,1.0,13,0.2765957446808511,0.9230769230769231,2026,2026
Xaivian Lee,Florida,8,13,2,1,6,0,12,46,8,0,0,0,xaivian lee,G,Sr,8,13,21,0.38095238095238093,0.25,21,0.38095238095238093,0.25,7,0.14285714285714285,0.0,28,0.32142857142857145,0.2222222222222222,58,0.20689655172413793,0.6666666666666666,0.47619047619047616,86,0.2441860465116279,0.08139534883720931,0.6744186046511628,0.32558139534883723,0,0.0,,2026,2026
Micah Handlogten,Florida,13,4,7,0,0,0,0,2,0,6,0,4,micah handlogten,C,Sr,7,4,11,0.6363636363636364,0.42857142857142855,17,0.7647058823529411,0.5384615384615384,0,,,17,0.7647058823529411,0.5384615384615384,2,0.0,,0.5384615384615384,19,0.8947368421052632,0.0,0.10526315789473684,0.8947368421052632,6,0.3157894736842105,1.0,2026,2026
Mak Manciel,Eastern Michigan,5,1,2,1,2,0,14,18,13,0,0,0,mak manciel,G,Sr,5,1,6,0.8333333333333334,0.4,6,0.8333333333333334,0.4,3,0.3333333333333333,0.0,9,0.6666666666666666,0.3333333333333333,32,0.4375,0.9285714285714286,0.75,41,0.14634146341463414,0.07317073170731707,0.7804878048780488,0.21951219512195122,0,0.0,,2026,2026
Angel Montas Jr.,UMass Lowell,4,3,2,1,3,1,2,2,2,0,0,0,angel montas jr.,G,Jr,4,3,7,0.5714285714285714,0.5,7,0.5714285714285714,0.5,4,0.25,1.0,11,0.45454545454545453,0.6,4,0.5,1.0,0.7142857142857143,15,0.4666666666666667,0.26666666666666666,0.26666666666666666,0.7333333333333333,0,0.0,,2026,2026
Brenen Lorient,West Virginia,25,14,16,9,12,4,6,16,6,10,2,8,brenen lorient,F,Sr,15,12,27,0.5555555555555556,0.5333333333333333,39,0.6410256410256411,0.64,21,0.42857142857142855,0.4444444444444444,60,0.5666666666666667,0.5882352941176471,22,0.2727272727272727,1.0,0.65,82,0.47560975609756095,0.25609756097560976,0.2682926829268293,0.7317073170731707,12,0.14634146341463414,0.8333333333333334,2026,2026
Braeden Smith,Gonzaga,4,2,1,5,6,0,4,11,4,0,0,0,braeden smith,G,Jr,4,2,6,0.6666666666666666,0.25,6,0.6666666666666666,0.25,11,0.45454545454545453,0.0,17,0.5294117647058824,0.1111111111111111,15,0.26666666666666666,1.0,0.38461538461538464,32,0.1875,0.34375,0.46875,0.53125,0,0.0,,2026,2026
Dylan Arnett,North Texas,15,10,9,17,21,8,0,0,0,4,0,3,dylan arnett,C,Jr,11,10,21,0.5238095238095238,0.5454545454545454,25,0.6,0.6,38,0.4473684210526316,0.47058823529411764,63,0.5079365079365079,0.53125,0,,,0.53125,63,0.3968253968253968,0.6031746031746031,0.0,1.0,4,0.06349206349206349,1.0,2026,2026
Isaac Jack,Pacific,27,7,13,7,2,4,0,0,0,6,1,5,isaac jack,C,Sr,21,6,27,0.7777777777777778,0.38095238095238093,34,0.7941176470588235,0.48148148148148145,9,0.7777777777777778,0.5714285714285714,43,0.7906976744186046,0.5,0,,,0.5,43,0.7906976744186046,0.20930232558139536,0.0,1.0,7,0.16279069767441862,0.8571428571428571,2026,2026
Stephon Payne III,Seton Hall,28,16,21,2,3,0,0,0,0,10,1,10,stephon payne iii,C,Jr,18,15,33,0.5454545454545454,0.6111111111111112,44,0.6363636363636364,0.75,5,0.4,0.0,49,0.6122448979591837,0.7,0,,,0.7,49,0.8979591836734694,0.10204081632653061,0.0,1.0,11,0.22448979591836735,0.9090909090909091,2026,2026
Will Berg,Wichita St.,18,13,7,4,11,1,0,2,0,6,0,3,will berg,C,Jr,12,13,25,0.48,0.3333333333333333,31,0.5806451612903226,0.3888888888888889,15,0.26666666666666666,0.25,46,0.4782608695652174,0.36363636363636365,2,0.0,,0.36363636363636365,48,0.6458333333333334,0.3125,0.041666666666666664,0.9583333333333334,6,0.125,1.0,2026,2026
Noah Batchelor,Buffalo,8,3,5,1,0,0,12,15,12,2,0,1,noah batchelor,G,Sr,6,3,9,0.6666666666666666,0.6666666666666666,11,0.7272727272727273,0.625,1,1.0,0.0,12,0.75,0.5555555555555556,27,0.4444444444444444,1.0,0.8095238095238095,39,0.28205128205128205,0.02564102564102564,0.6923076923076923,0.3076923076923077,2,0.05128205128205128,1.0,2026,2026
Patrick Wessler,UNC Wilmington,32,21,17,9,10,5,0,0,0,4,0,4,patrick wessler,C,Jr,28,21,49,0.5714285714285714,0.4642857142857143,53,0.6037735849056604,0.53125,19,0.47368421052631576,0.5555555555555556,72,0.5694444444444444,0.5365853658536586,0,,,0.5365853658536586,72,0.7361111111111112,0.2638888888888889,0.0,1.0,4,0.05555555555555555,1.0,2026,2026
MJ Collins,Utah St.,18,5,10,9,9,2,20,23,16,5,0,3,mj collins,G,Sr,13,5,18,0.7222222222222222,0.5384615384615384,23,0.782608695652174,0.5555555555555556,18,0.5,0.2222222222222222,41,0.6585365853658537,0.4444444444444444,43,0.46511627906976744,0.8,0.5957446808510638,84,0.27380952380952384,0.21428571428571427,0.5119047619047619,0.4880952380952381,5,0.05952380952380952,1.0,2026,2026
Rodney Rice,USC,11,11,4,13,21,4,15,24,7,0,0,0,rodney rice,G,Jr,11,11,22,0.5,0.36363636363636365,22,0.5,0.36363636363636365,34,0.38235294117647056,0.3076923076923077,56,0.42857142857142855,0.3333333333333333,39,0.38461538461538464,0.4666666666666667,0.38461538461538464,95,0.23157894736842105,0.35789473684210527,0.4105263157894737,0.5894736842105263,0,0.0,,2026,2026
Otega Oweh,Kentucky,30,12,15,4,17,0,8,18,6,10,1,6,otega oweh,G,Sr,20,11,31,0.6451612903225806,0.45,42,0.7142857142857143,0.5,21,0.19047619047619047,0.0,63,0.5396825396825397,0.4411764705882353,26,0.3076923076923077,0.75,0.5,89,0.47191011235955055,0.23595505617977527,0.29213483146067415,0.7078651685393258,11,0.12359550561797752,0.9090909090909091,2026,2026
AJ Storr,Mississippi,13,15,3,9,16,4,13,14,8,1,1,1,aj storr,G,Sr,12,14,26,0.46153846153846156,0.16666666666666666,28,0.4642857142857143,0.23076923076923078,25,0.36,0.4444444444444444,53,0.41509433962264153,0.3181818181818182,27,0.48148148148148145,0.6153846153846154,0.42857142857142855,80,0.35,0.3125,0.3375,0.6625,2,0.025,0.5,2026,2026
Kalen Garry,South Dakota St.,6,11,1,6,3,1,10,24,8,0,0,0,kalen garry,G,Jr,6,11,17,0.35294117647058826,0.16666666666666666,17,0.35294117647058826,0.16666666666666666,9,0.6666666666666666,0.16666666666666666,26,0.46153846153846156,0.16666666666666666,34,0.29411764705882354,0.8,0.45454545454545453,60,0.2833333333333333,0.15,0.5666666666666667,0.43333333333333335,0,0.0,,2026,2026
Henri Veesaar,North Carolina,35,10,22,9,8,5,6,9,5,20,1,14,henri veesaar,F,Jr,15,9,24,0.625,0.5333333333333333,45,0.7777777777777778,0.6285714285714286,17,0.5294117647058824,0.5555555555555556,62,0.7096774193548387,0.6136363636363636,15,0.4,0.8333333333333334,0.64,77,0.5844155844155844,0.22077922077922077,0.19480519480519481,0.8051948051948052,21,0.2727272727272727,0.9523809523809523,2026,2026
Felix Okpara,Tennessee,23,15,19,2,10,2,4,4,4,12,5,10,felix okpara,F,Sr,11,10,21,0.5238095238095238,0.8181818181818182,38,0.6052631578947368,0.8260869565217391,12,0.16666666666666666,1.0,50,0.5,0.84,8,0.5,1.0,0.8620689655172413,58,0.6551724137931034,0.20689655172413793,0.13793103448275862,0.8620689655172413,17,0.29310344827586204,0.7058823529411765,2026,2026
LJ Wells,Northern Kentucky,23,11,8,10,9,1,3,9,3,6,0,2,lj wells,F,Sr,17,11,28,0.6071428571428571,0.35294117647058826,34,0.6764705882352942,0.34782608695652173,19,0.5263157894736842,0.1,53,0.6226415094339622,0.2727272727272727,12,0.25,1.0,0.3333333333333333,65,0.5230769230769231,0.2923076923076923,0.18461538461538463,0.8153846153846154,6,0.09230769230769231,1.0,2026,2026
Cody Pennebaker,Lamar,14,3,7,10,11,6,1,3,1,4,0,1,cody pennebaker,F,Sr,10,3,13,0.7692307692307693,0.6,17,0.8235294117647058,0.5,21,0.47619047619047616,0.6,38,0.631578947368421,0.5416666666666666,4,0.25,1.0,0.56,42,0.40476190476190477,0.5,0.09523809523809523,0.9047619047619048,4,0.09523809523809523,1.0,2026,2026
Nate Calmese,Wake Forest,7,7,2,13,18,1,10,22,7,1,0,0,nate calmese,G,Sr,6,7,13,0.46153846153846156,0.3333333333333333,14,0.5,0.2857142857142857,31,0.41935483870967744,0.07692307692307693,45,0.4444444444444444,0.15,32,0.3125,0.7,0.3333333333333333,77,0.18181818181818182,0.4025974025974026,0.4155844155844156,0.5844155844155844,1,0.012987012987012988,1.0,2026,2026
Turner Buttry,Eastern Kentucky,6,3,2,9,9,1,6,22,4,0,0,0,turner buttry,G,Sr,6,3,9,0.6666666666666666,0.3333333333333333,9,0.6666666666666666,0.3333333333333333,18,0.5,0.1111111111111111,27,0.5555555555555556,0.2,28,0.21428571428571427,0.6666666666666666,0.3333333333333333,55,0.16363636363636364,0.32727272727272727,0.509090909090909,0.4909090909090909,0,0.0,,2026,2026
Jaden Daughtry,Marist,8,10,4,1,2,1,0,4,0,4,0,2,jaden daughtry,F,Jr,4,10,14,0.2857142857142857,0.5,18,0.4444444444444444,0.5,3,0.3333333333333333,1.0,21,0.42857142857142855,0.5555555555555556,4,0.0,,0.5555555555555556,25,0.72,0.12,0.16,0.84,4,0.16,1.0,2026,2026
Kyle Carlesimo,Colgate,4,2,2,8,8,4,18,21,17,0,0,0,kyle carlesimo,G,Sr,4,2,6,0.6666666666666666,0.5,6,0.6666666666666666,0.5,16,0.5,0.5,22,0.5454545454545454,0.5,39,0.46153846153846156,0.9444444444444444,0.7666666666666667,61,0.09836065573770492,0.26229508196721313,0.639344262295082,0.36065573770491804,0,0.0,,2026,2026
Cam Haffner,Western Kentucky,3,1,0,1,3,0,12,19,11,0,0,0,cam haffner,G,Sr,3,1,4,0.75,0.0,4,0.75,0.0,4,0.25,0.0,8,0.5,0.0,31,0.3870967741935484,0.9166666666666666,0.6875,39,0.10256410256410256,0.10256410256410256,0.7948717948717948,0.20512820512820512,0,0.0,,2026,2026
Sincere Malone,Nicholls St.,20,8,6,5,6,2,7,12,6,2,0,0,sincere malone,F,Sr,18,8,26,0.6923076923076923,0.3333333333333333,28,0.7142857142857143,0.3,11,0.45454545454545453,0.4,39,0.6410256410256411,0.32,19,0.3684210526315789,0.8571428571428571,0.4375,58,0.4827586206896552,0.1896551724137931,0.3275862068965517,0.6724137931034483,2,0.034482758620689655,1.0,2026,2026
Isaiah Brickner,Idaho,8,6,4,1,1,0,11,6,8,1,0,1,isaiah brickner,G,Sr,7,6,13,0.5384615384615384,0.42857142857142855,14,0.5714285714285714,0.5,2,0.5,0.0,16,0.5625,0.4444444444444444,17,0.6470588235294118,0.7272727272727273,0.6,33,0.42424242424242425,0.06060606060606061,0.5151515151515151,0.48484848484848486,1,0.030303030303030304,1.0,2026,2026
Nick Townsend,Yale,21,18,4,14,12,5,16,13,15,0,0,0,nick townsend,F,Sr,21,18,39,0.5384615384615384,0.19047619047619047,39,0.5384615384615384,0.19047619047619047,26,0.5384615384615384,0.35714285714285715,65,0.5384615384615384,0.2571428571428571,29,0.5517241379310345,0.9375,0.47058823529411764,94,0.4148936170212766,0.2765957446808511,0.30851063829787234,0.6914893617021277,0,0.0,,2026,2026
Christian Fermin,VCU,0,1,0,0,0,0,0,0,0,0,0,0,christian fermin,C,Sr,0,1,1,0.0,,1,0.0,,0,,,1,0.0,,0,,,,1,1.0,0.0,0.0,1.0,0,0.0,,2026,2026
Bowen Hardman,Akron,2,0,2,1,1,0,18,28,17,0,0,0,bowen hardman,G,Sr,2,0,2,1.0,1.0,2,1.0,1.0,2,0.5,0.0,4,0.75,0.6666666666666666,46,0.391304347826087,0.9444444444444444,0.9047619047619048,50,0.04,0.04,0.92,0.08,0,0.0,,2026,2026
Devean Williams,Rider,1,1,1,1,2,0,3,5,3,1,0,1,devean williams,G,Sr,0,1,1,0.0,,2,0.5,1.0,3,0.3333333333333333,0.0,5,0.4,0.5,8,0.375,1.0,0.8,13,0.15384615384615385,0.23076923076923078,0.6153846153846154,0.38461538461538464,1,0.07692307692307693,1.0,2026,2026
Colin Porter,Liberty,10,3,1,2,2,0,9,17,5,0,0,0,colin porter,G,Sr,10,3,13,0.7692307692307693,0.1,13,0.7692307692307693,0.1,4,0.5,0.0,17,0.7058823529411765,0.08333333333333333,26,0.34615384615384615,0.5555555555555556,0.2857142857142857,43,0.3023255813953488,0.09302325581395349,0.6046511627906976,0.3953488372093023,0,0.0,,2026,2026
Corneilous Williams,North Alabama,24,12,11,6,9,4,0,0,0,13,5,7,corneilous williams,C,Jr,11,7,18,0.6111111111111112,0.36363636363636365,36,0.6666666666666666,0.4583333333333333,15,0.4,0.6666666666666666,51,0.5882352941176471,0.5,0,,,0.5,51,0.7058823529411765,0.29411764705882354,0.0,1.0,18,0.35294117647058826,0.7222222222222222,2026,2026
Zach Cleveland,Liberty,23,10,7,3,5,0,0,3,0,2,1,0,zach cleveland,G,Sr,21,9,30,0.7,0.3333333333333333,33,0.696969696969697,0.30434782608695654,8,0.375,0.0,41,0.6341463414634146,0.2692307692307692,3,0.0,,0.2692307692307692,44,0.75,0.18181818181818182,0.06818181818181818,0.9318181818181818,3,0.06818181818181818,0.6666666666666666,2026,2026
AJ Smith,Bradley,16,14,7,1,8,0,12,21,12,7,1,4,aj smith,G,Sr,9,13,22,0.4090909090909091,0.3333333333333333,30,0.5333333333333333,0.4375,9,0.1111111111111111,0.0,39,0.4358974358974359,0.4117647058823529,33,0.36363636363636365,1.0,0.6551724137931034,72,0.4166666666666667,0.125,0.4583333333333333,0.5416666666666666,8,0.1111111111111111,0.875,2026,2026
Christian May,UNC Wilmington,13,7,5,2,5,0,24,33,20,0,0,0,christian may,F,Sr,13,7,20,0.65,0.38461538461538464,20,0.65,0.38461538461538464,7,0.2857142857142857,0.0,27,0.5555555555555556,0.3333333333333333,57,0.42105263157894735,0.8333333333333334,0.6410256410256411,84,0.23809523809523808,0.08333333333333333,0.6785714285714286,0.32142857142857145,0,0.0,,2026,2026
Dylan Williamson,Towson,11,8,3,15,16,0,20,42,9,0,0,0,dylan williamson,G,Sr,11,8,19,0.5789473684210527,0.2727272727272727,19,0.5789473684210527,0.2727272727272727,31,0.4838709677419355,0.0,50,0.52,0.11538461538461539,62,0.3225806451612903,0.45,0.2608695652173913,112,0.16964285714285715,0.2767857142857143,0.5535714285714286,0.44642857142857145,0,0.0,,2026,2026
Harlan Obioha,West Virginia,23,16,15,0,4,0,0,0,0,1,2,1,harlan obioha,C,Sr,22,14,36,0.6111111111111112,0.6363636363636364,39,0.5897435897435898,0.6521739130434783,4,0.0,,43,0.5348837209302325,0.6521739130434783,0,,,0.6521739130434783,43,0.9069767441860465,0.09302325581395349,0.0,1.0,3,0.06976744186046512,0.3333333333333333,2026,2026
Ernest Udeh Jr.,Miami FL,21,6,18,0,1,0,0,0,0,16,1,15,ernest udeh jr.,C,Jr,5,5,10,0.5,0.6,27,0.7777777777777778,0.8571428571428571,1,0.0,,28,0.75,0.8571428571428571,0,,,0.8571428571428571,28,0.9642857142857143,0.03571428571428571,0.0,1.0,17,0.6071428571428571,0.9411764705882353,2026,2026
Jevin Muniz,Colorado St.,12,12,8,5,3,0,9,14,7,1,0,1,jevin muniz,G,Sr,11,12,23,0.4782608695652174,0.6363636363636364,24,0.5,0.6666666666666666,8,0.625,0.0,32,0.53125,0.47058823529411764,23,0.391304347826087,0.7777777777777778,0.5769230769230769,55,0.43636363636363634,0.14545454545454545,0.41818181818181815,0.5818181818181818,1,0.01818181818181818,1.0,2026,2026
Michael Rataj,Baylor,11,9,4,12,12,2,3,10,3,0,0,0,michael rataj,F,Sr,11,9,20,0.55,0.36363636363636365,20,0.55,0.36363636363636365,24,0.5,0.16666666666666666,44,0.5227272727272727,0.2608695652173913,13,0.23076923076923078,1.0,0.34615384615384615,57,0.3508771929824561,0.42105263157894735,0.22807017543859648,0.7719298245614035,0,0.0,,2026,2026
Perry Smith Jr.,Kennesaw St.,10,1,4,0,0,0,0,0,0,1,0,1,perry smith jr.,C,Sr,9,1,10,0.9,0.3333333333333333,11,0.9090909090909091,0.4,0,,,11,0.9090909090909091,0.4,0,,,0.4,11,1.0,0.0,0.0,1.0,1,0.09090909090909091,1.0,2026,2026
Kellen Thames,Saint Louis,23,6,5,2,4,1,0,2,0,4,1,2,kellen thames,G,Jr,19,5,24,0.7916666666666666,0.15789473684210525,29,0.7931034482758621,0.21739130434782608,6,0.3333333333333333,0.5,35,0.7142857142857143,0.24,2,0.0,,0.24,37,0.7837837837837838,0.16216216216216217,0.05405405405405406,0.9459459459459459,5,0.13513513513513514,0.8,2026,2026
Jordan Pope,Texas,3,3,1,8,15,2,17,36,12,0,0,0,jordan pope,G,Sr,3,3,6,0.5,0.3333333333333333,6,0.5,0.3333333333333333,23,0.34782608695652173,0.25,29,0.3793103448275862,0.2727272727272727,53,0.32075471698113206,0.7058823529411765,0.5357142857142857,82,0.07317073170731707,0.2804878048780488,0.6463414634146342,0.35365853658536583,0,0.0,,2026,2026
Caleb Shaw,Grand Canyon,17,5,10,2,2,1,13,13,13,3,0,3,caleb shaw,F,Sr,14,5,19,0.7368421052631579,0.5,22,0.7727272727272727,0.5882352941176471,4,0.5,0.5,26,0.7307692307692307,0.5789473684210527,26,0.5,1.0,0.75,52,0.4230769230769231,0.07692307692307693,0.5,0.5,3,0.057692307692307696,1.0,2026,2026
Brock Wisne,Northern Colorado,28,18,16,7,6,1,6,8,6,2,0,1,brock wisne,F,Sr,26,18,44,0.5909090909090909,0.5769230769230769,46,0.6086956521739131,0.5714285714285714,13,0.5384615384615384,0.14285714285714285,59,0.5932203389830508,0.4857142857142857,14,0.42857142857142855,1.0,0.5609756097560976,73,0.6301369863013698,0.1780821917808219,0.1917808219178082,0.8082191780821918,2,0.0273972602739726,1.0,2026,2026
B.J. Edwards,SMU,25,14,13,9,15,2,12,29,12,6,1,5,b.j. edwards,G,Sr,19,13,32,0.59375,0.42105263157894735,39,0.6410256410256411,0.52,24,0.375,0.2222222222222222,63,0.5396825396825397,0.4411764705882353,41,0.2926829268292683,1.0,0.5869565217391305,104,0.375,0.23076923076923078,0.3942307692307692,0.6057692307692307,7,0.0673076923076923,0.8571428571428571,2026,2026
Sami Pissis,Alabama A&M,8,9,1,11,11,0,8,16,5,0,0,0,sami pissis,G,Sr,8,9,17,0.47058823529411764,0.125,17,0.47058823529411764,0.125,22,0.5,0.0,39,0.48717948717948717,0.05263157894736842,24,0.3333333333333333,0.625,0.2222222222222222,63,0.2698412698412698,0.3492063492063492,0.38095238095238093,0.6190476190476191,0,0.0,,2026,2026
PJ Haggerty,Kansas St.,45,23,24,17,34,2,10,19,9,0,0,0,pj haggerty,G,Jr,45,23,68,0.6617647058823529,0.5333333333333333,68,0.6617647058823529,0.5333333333333333,51,0.3333333333333333,0.11764705882352941,119,0.5210084033613446,0.41935483870967744,29,0.3448275862068966,0.9,0.4861111111111111,148,0.4594594594594595,0.34459459459459457,0.19594594594594594,0.8040540540540541,0,0.0,,2026,2026
Ibu Yamazaki,Northern Colorado,9,2,1,2,4,1,12,23,12,0,0,0,ibu yamazaki,G,Sr,9,2,11,0.8181818181818182,0.1111111111111111,11,0.8181818181818182,0.1111111111111111,6,0.3333333333333333,0.5,17,0.6470588235294118,0.18181818181818182,35,0.34285714285714286,1.0,0.6086956521739131,52,0.21153846153846154,0.11538461538461539,0.6730769230769231,0.3269230769230769,0,0.0,,2026,2026
TJ Hurley,Vermont,11,5,4,6,11,0,20,27,19,0,0,0,tj hurley,G,Sr,11,5,16,0.6875,0.36363636363636365,16,0.6875,0.36363636363636365,17,0.35294117647058826,0.0,33,0.5151515151515151,0.23529411764705882,47,0.425531914893617,0.95,0.6216216216216216,80,0.2,0.2125,0.5875,0.4125,0,0.0,,2026,2026
Fredrick King,Murray St.,35,12,21,3,1,2,0,2,0,11,1,10,fredrick king,C,Sr,24,11,35,0.6857142857142857,0.4583333333333333,47,0.7446808510638298,0.6,4,0.75,0.6666666666666666,51,0.7450980392156863,0.6052631578947368,2,0.0,,0.6052631578947368,53,0.8867924528301887,0.07547169811320754,0.03773584905660377,0.9622641509433962,12,0.22641509433962265,0.9166666666666666,2026,2026
Sean Logan,Davidson,4,3,2,2,3,0,0,0,0,0,0,0,sean logan,C,Sr,4,3,7,0.5714285714285714,0.5,7,0.5714285714285714,0.5,5,0.4,0.0,12,0.5,0.3333333333333333,0,,,0.3333333333333333,12,0.5833333333333334,0.4166666666666667,0.0,1.0,0,0.0,,2026,2026
Reed Bailey,Indiana,22,15,18,3,4,0,1,2,1,9,1,8,reed bailey,F,Sr,13,14,27,0.48148148148148145,0.7692307692307693,37,0.5945945945945946,0.8181818181818182,7,0.42857142857142855,0.0,44,0.5681818181818182,0.72,3,0.3333333333333333,1.0,0.7307692307692307,47,0.7872340425531915,0.14893617021276595,0.06382978723404255,0.9361702127659575,10,0.2127659574468085,0.9,2026,2026
Cooper Noard,Cornell,27,10,12,4,4,0,23,40,23,0,0,0,cooper noard,G,Sr,27,10,37,0.7297297297297297,0.4444444444444444,37,0.7297297297297297,0.4444444444444444,8,0.5,0.0,45,0.6888888888888889,0.3870967741935484,63,0.36507936507936506,1.0,0.6481481481481481,108,0.3425925925925926,0.07407407407407407,0.5833333333333334,0.4166666666666667,0,0.0,,2026,2026
Andrew Rohde,Wisconsin,10,2,2,3,4,0,11,24,11,0,0,0,andrew rohde,G,Sr,10,2,12,0.8333333333333334,0.2,12,0.8333333333333334,0.2,7,0.42857142857142855,0.0,19,0.6842105263157895,0.15384615384615385,35,0.3142857142857143,1.0,0.5416666666666666,54,0.2222222222222222,0.12962962962962962,0.6481481481481481,0.35185185185185186,0,0.0,,2026,2026
Benny Gealer,Stanford,5,5,1,2,5,1,20,23,19,0,0,0,benny gealer,G,Sr,5,5,10,0.5,0.2,10,0.5,0.2,7,0.2857142857142857,0.5,17,0.4117647058823529,0.2857142857142857,43,0.46511627906976744,0.95,0.7777777777777778,60,0.16666666666666666,0.11666666666666667,0.7166666666666667,0.2833333333333333,0,0.0,,2026,2026
Jalen Washington,Vanderbilt,24,3,20,1,5,1,4,11,4,13,2,13,jalen washington,C,Sr,11,1,12,0.9166666666666666,0.6363636363636364,27,0.8888888888888888,0.8333333333333334,6,0.16666666666666666,1.0,33,0.7575757575757576,0.84,15,0.26666666666666666,1.0,0.8620689655172413,48,0.5625,0.125,0.3125,0.6875,15,0.3125,0.8666666666666667,2026,2026
Tyler Nickel,Vanderbilt,8,1,4,5,5,1,27,32,27,1,0,0,tyler nickel,G,Sr,7,1,8,0.875,0.5714285714285714,9,0.8888888888888888,0.5,10,0.5,0.2,19,0.6842105263157895,0.38461538461538464,59,0.4576271186440678,1.0,0.8,78,0.11538461538461539,0.1282051282051282,0.7564102564102564,0.24358974358974358,1,0.01282051282051282,1.0,2026,2026
Emanuel Sharp,Houston,14,9,6,9,14,2,28,44,28,2,0,0,emanuel sharp,G,Sr,12,9,21,0.5714285714285714,0.5,23,0.6086956521739131,0.42857142857142855,23,0.391304347826087,0.2222222222222222,46,0.5,0.34782608695652173,72,0.3888888888888889,1.0,0.7058823529411765,118,0.19491525423728814,0.19491525423728814,0.6101694915254238,0.3898305084745763,2,0.01694915254237288,1.0,2026,2026
Dallin Hall,Virginia,4,8,2,0,3,0,10,16,9,0,1,0,dallin hall,G,Sr,4,7,11,0.36363636363636365,0.5,12,0.3333333333333333,0.5,3,0.0,,15,0.26666666666666666,0.5,26,0.38461538461538464,0.9,0.7857142857142857,41,0.2926829268292683,0.07317073170731707,0.6341463414634146,0.36585365853658536,1,0.024390243902439025,0.0,2026,2026
Tanner Toolson,TCU,9,12,4,2,4,0,7,16,7,1,1,1,tanner toolson,G,Jr,8,11,19,0.42105263157894735,0.375,21,0.42857142857142855,0.4444444444444444,6,0.3333333333333333,0.0,27,0.4074074074074074,0.36363636363636365,23,0.30434782608695654,1.0,0.6111111111111112,50,0.42,0.12,0.46,0.54,2,0.04,0.5,2026,2026
LA Pratt,Northeastern,15,9,2,1,4,0,3,8,2,1,0,0,la pratt,G,Sr,14,9,23,0.6086956521739131,0.14285714285714285,24,0.625,0.13333333333333333,5,0.2,0.0,29,0.5517241379310345,0.125,11,0.2727272727272727,0.6666666666666666,0.21052631578947367,40,0.6,0.125,0.275,0.725,1,0.025,1.0,2026,2026
Shane Blakeney,Drexel,12,23,3,11,19,2,19,35,16,0,2,0,shane blakeney,G,Jr,12,21,33,0.36363636363636365,0.25,35,0.34285714285714286,0.25,30,0.36666666666666664,0.18181818181818182,65,0.35384615384615387,0.21739130434782608,54,0.35185185185185186,0.8421052631578947,0.5,119,0.29411764705882354,0.25210084033613445,0.453781512605042,0.5462184873949579,2,0.01680672268907563,0.0,2026,2026
Milos Uzan,Houston,10,9,1,13,16,3,16,44,13,0,0,0,milos uzan,G,Sr,10,9,19,0.5263157894736842,0.1,19,0.5263157894736842,0.1,29,0.4482758620689655,0.23076923076923078,48,0.4791666666666667,0.17391304347826086,60,0.26666666666666666,0.8125,0.4358974358974359,108,0.17592592592592593,0.26851851851851855,0.5555555555555556,0.4444444444444444,0,0.0,,2026,2026
Dylan Anderson,Murray St.,6,1,3,1,1,1,3,8,3,4,0,3,dylan anderson,F,Jr,2,1,3,0.6666666666666666,0.0,7,0.8571428571428571,0.5,2,0.5,1.0,9,0.7777777777777778,0.5714285714285714,11,0.2727272727272727,1.0,0.7,20,0.35,0.1,0.55,0.45,4,0.2,1.0,2026,2026
Filip Borovicanin,Xavier,17,7,9,13,12,6,6,22,6,2,0,2,filip borovicanin,F,Sr,15,7,22,0.6818181818181818,0.4666666666666667,24,0.7083333333333334,0.5294117647058824,25,0.52,0.46153846153846156,49,0.6122448979591837,0.5,28,0.21428571428571427,1.0,0.5833333333333334,77,0.3116883116883117,0.3246753246753247,0.36363636363636365,0.6363636363636364,2,0.025974025974025976,1.0,2026,2026
Kylan Boswell,Illinois,34,15,11,2,8,1,13,31,6,1,0,0,kylan boswell,G,Sr,33,15,48,0.6875,0.3333333333333333,49,0.6938775510204082,0.3235294117647059,10,0.2,0.5,59,0.6101694915254238,0.3333333333333333,44,0.29545454545454547,0.46153846153846156,0.3673469387755102,103,0.47572815533980584,0.0970873786407767,0.42718446601941745,0.5728155339805825,1,0.009708737864077669,1.0,2026,2026
Ben Vander Wal,Furman,22,6,15,0,1,0,1,3,1,1,0,1,ben vander wal,F,Sr,21,6,27,0.7777777777777778,0.6666666666666666,28,0.7857142857142857,0.6818181818181818,1,0.0,,29,0.7586206896551724,0.6818181818181818,4,0.25,1.0,0.6956521739130435,33,0.8484848484848485,0.030303030303030304,0.12121212121212122,0.8787878787878788,1,0.030303030303030304,1.0,2026,2026
Riley Kugel,UCF,22,18,13,4,19,0,20,20,17,2,0,2,riley kugel,G,Sr,20,18,38,0.5263157894736842,0.55,40,0.55,0.5909090909090909,23,0.17391304347826086,0.0,63,0.4126984126984127,0.5,40,0.5,0.85,0.6521739130434783,103,0.3883495145631068,0.22330097087378642,0.3883495145631068,0.6116504854368932,2,0.019417475728155338,1.0,2026,2026
Cameron Corhen,Pittsburgh,34,19,21,9,10,5,5,8,5,12,1,11,cameron corhen,F,Sr,22,18,40,0.55,0.45454545454545453,53,0.6415094339622641,0.6176470588235294,19,0.47368421052631576,0.5555555555555556,72,0.5972222222222222,0.6046511627906976,13,0.38461538461538464,1.0,0.6458333333333334,85,0.6235294117647059,0.2235294117647059,0.15294117647058825,0.8470588235294118,13,0.15294117647058825,0.9230769230769231,2026,2026
Baba Miller,Cincinnati,26,7,13,7,8,0,1,11,1,13,1,9,baba miller,C,Sr,13,6,19,0.6842105263157895,0.3076923076923077,33,0.7878787878787878,0.5,15,0.4666666666666667,0.0,48,0.6875,0.3939393939393939,12,0.08333333333333333,1.0,0.4117647058823529,60,0.55,0.25,0.2,0.8,14,0.23333333333333334,0.9285714285714286,2026,2026
Damarco Minor,Pittsburgh,5,2,0,8,9,0,19,27,13,1,0,0,damarco minor,G,Sr,4,2,6,0.6666666666666666,0.0,7,0.7142857142857143,0.0,17,0.47058823529411764,0.0,24,0.5416666666666666,0.0,46,0.41304347826086957,0.6842105263157895,0.40625,70,0.1,0.24285714285714285,0.6571428571428571,0.34285714285714286,1,0.014285714285714285,1.0,2026,2026
Marquel Sutton,LSU,19,9,8,6,5,2,13,25,13,5,0,2,marquel sutton,F,Sr,14,9,23,0.6086956521739131,0.42857142857142855,28,0.6785714285714286,0.42105263157894735,11,0.5454545454545454,0.3333333333333333,39,0.6410256410256411,0.4,38,0.34210526315789475,1.0,0.6052631578947368,77,0.36363636363636365,0.14285714285714285,0.4935064935064935,0.5064935064935064,5,0.06493506493506493,1.0,2026,2026
Lamar Wilkerson,Indiana,21,14,17,3,13,2,25,41,19,4,0,4,lamar wilkerson,G,Sr,17,14,31,0.5483870967741935,0.7647058823529411,35,0.6,0.8095238095238095,16,0.1875,0.6666666666666666,51,0.47058823529411764,0.7916666666666666,66,0.3787878787878788,0.76,0.7755102040816326,117,0.29914529914529914,0.13675213675213677,0.5641025641025641,0.4358974358974359,4,0.03418803418803419,1.0,2026,2026
Louis Hutchinson,Alabama A&M,2,2,2,1,2,0,7,6,7,1,0,1,louis hutchinson,G,Jr,1,2,3,0.3333333333333333,1.0,4,0.5,1.0,3,0.3333333333333333,0.0,7,0.42857142857142855,0.6666666666666666,13,0.5384615384615384,1.0,0.9,20,0.2,0.15,0.65,0.35,1,0.05,1.0,2026,2026
Malique Ewin,Arkansas,25,5,14,2,9,1,1,0,1,13,1,12,malique ewin,F,Sr,12,4,16,0.75,0.16666666666666666,30,0.8333333333333334,0.56,11,0.18181818181818182,0.5,41,0.6585365853658537,0.5555555555555556,1,1.0,1.0,0.5714285714285714,42,0.7142857142857143,0.2619047619047619,0.023809523809523808,0.9761904761904762,14,0.3333333333333333,0.9285714285714286,2026,2026
Luke Jungers,Iona,3,0,1,0,0,0,10,8,7,0,0,0,luke jungers,F,Sr,3,0,3,1.0,0.3333333333333333,3,1.0,0.3333333333333333,0,,,3,1.0,0.3333333333333333,18,0.5555555555555556,0.7,0.6153846153846154,21,0.14285714285714285,0.0,0.8571428571428571,0.14285714285714285,0,0.0,,2026,2026
Pierre Geneste Jr.,Cal St. Bakersfield,4,0,4,2,1,2,0,0,0,4,0,4,pierre geneste jr.,C,Sr,0,0,0,,,4,1.0,1.0,3,0.6666666666666666,1.0,7,0.8571428571428571,1.0,0,,,1.0,7,0.5714285714285714,0.42857142857142855,0.0,1.0,4,0.5714285714285714,1.0,2026,2026
Jayden Dawson,Kansas,2,0,2,1,1,1,5,15,3,0,0,0,jayden dawson,G,Sr,2,0,2,1.0,1.0,2,1.0,1.0,2,0.5,1.0,4,0.75,1.0,20,0.25,0.6,0.75,24,0.08333333333333333,0.08333333333333333,0.8333333333333334,0.16666666666666666,0,0.0,,2026,2026
Christoph Tilly,Ohio St.,24,8,12,4,8,1,4,21,3,1,0,1,christoph tilly,F,Sr,23,8,31,0.7419354838709677,0.4782608695652174,32,0.75,0.5,12,0.3333333333333333,0.25,44,0.6363636363636364,0.4642857142857143,25,0.16,0.75,0.5,69,0.463768115942029,0.17391304347826086,0.36231884057971014,0.6376811594202898,1,0.014492753623188406,1.0,2026,2026
Jake Ensminger,Santa Clara,6,3,2,2,2,2,6,11,5,1,0,1,jake ensminger,C,Jr,5,3,8,0.625,0.2,9,0.6666666666666666,0.3333333333333333,4,0.5,1.0,13,0.6153846153846154,0.5,17,0.35294117647058826,0.8333333333333334,0.6428571428571429,30,0.3,0.13333333333333333,0.5666666666666667,0.43333333333333335,1,0.03333333333333333,1.0,2026,2026
Braden Huff,Gonzaga,33,11,19,33,16,19,2,10,2,1,0,1,braden huff,F,Jr,32,11,43,0.7441860465116279,0.5625,44,0.75,0.5757575757575758,49,0.673469387755102,0.5757575757575758,93,0.7096774193548387,0.5757575757575758,12,0.16666666666666666,1.0,0.5882352941176471,105,0.41904761904761906,0.4666666666666667,0.11428571428571428,0.8857142857142857,1,0.009523809523809525,1.0,2026,2026
Jaylen Peterson,Presbyterian,24,9,16,4,7,1,0,0,0,12,1,10,jaylen peterson,C,Jr,12,8,20,0.6,0.5,33,0.7272727272727273,0.6666666666666666,11,0.36363636363636365,0.25,44,0.6363636363636364,0.6071428571428571,0,,,0.6071428571428571,44,0.75,0.25,0.0,1.0,13,0.29545454545454547,0.9230769230769231,2026,2026
Amaree Abram,Tennessee,4,7,3,1,2,0,9,14,8,0,0,0,amaree abram,G,Sr,4,7,11,0.36363636363636365,0.75,11,0.36363636363636365,0.75,3,0.3333333333333333,0.0,14,0.35714285714285715,0.6,23,0.391304347826087,0.8888888888888888,0.7857142857142857,37,0.2972972972972973,0.08108108108108109,0.6216216216216216,0.3783783783783784,0,0.0,,2026,2026
Jordan Crawford,South Dakota,21,12,4,5,10,1,13,35,7,0,0,0,jordan crawford,G,Jr,21,12,33,0.6363636363636364,0.19047619047619047,33,0.6363636363636364,0.19047619047619047,15,0.3333333333333333,0.2,48,0.5416666666666666,0.19230769230769232,48,0.2708333333333333,0.5384615384615384,0.3076923076923077,96,0.34375,0.15625,0.5,0.5,0,0.0,,2026,2026
Lajae Jones,Florida St.,17,13,7,0,1,0,20,38,16,5,2,2,lajae jones,G,Sr,12,11,23,0.5217391304347826,0.4166666666666667,30,0.5666666666666667,0.4117647058823529,1,0.0,,31,0.5483870967741935,0.4117647058823529,58,0.3448275862068966,0.8,0.6216216216216216,89,0.33707865168539325,0.011235955056179775,0.651685393258427,0.34831460674157305,7,0.07865168539325842,0.7142857142857143,2026,2026
Paul Otieno,Saint Louis,11,14,7,1,1,0,2,0,2,3,0,2,paul otieno,F,Sr,8,14,22,0.36363636363636365,0.625,25,0.44,0.6363636363636364,2,0.5,0.0,27,0.4444444444444444,0.5833333333333334,2,1.0,1.0,0.6428571428571429,29,0.8620689655172413,0.06896551724137931,0.06896551724137931,0.9310344827586207,3,0.10344827586206896,1.0,2026,2026
Federiko Federiko,Texas A&M,11,9,9,0,0,0,0,0,0,8,2,7,federiko federiko,C,Sr,3,7,10,0.3,0.6666666666666666,20,0.55,0.8181818181818182,0,,,20,0.55,0.8181818181818182,0,,,0.8181818181818182,20,1.0,0.0,0.0,1.0,10,0.5,0.8,2026,2026
Jaeden Marshall,La Salle,10,7,9,8,10,4,15,35,13,0,1,0,jaeden marshall,G,Sr,10,6,16,0.625,0.9,17,0.5882352941176471,0.9,18,0.4444444444444444,0.5,35,0.5142857142857142,0.7222222222222222,50,0.3,0.8666666666666667,0.7878787878787878,85,0.2,0.21176470588235294,0.5882352941176471,0.4117647058823529,1,0.011764705882352941,0.0,2026,2026
Drake Allen,Utah St.,7,7,2,1,1,0,2,8,1,2,1,1,drake allen,G,Sr,5,6,11,0.45454545454545453,0.2,14,0.5,0.2857142857142857,2,0.5,0.0,16,0.5,0.25,10,0.2,0.5,0.3,26,0.5384615384615384,0.07692307692307693,0.38461538461538464,0.6153846153846154,3,0.11538461538461539,0.6666666666666666,2026,2026
Bryant Selebangue,Western Kentucky,24,15,12,0,2,0,0,0,0,1,2,1,bryant selebangue,C,Sr,23,13,36,0.6388888888888888,0.4782608695652174,39,0.6153846153846154,0.5,2,0.0,,41,0.5853658536585366,0.5,0,,,0.5,41,0.9512195121951219,0.04878048780487805,0.0,1.0,3,0.07317073170731707,0.3333333333333333,2026,2026
Cam Morris III,East Tennessee St.,35,14,22,6,5,0,6,3,6,8,0,8,cam morris iii,F,Sr,27,14,41,0.6585365853658537,0.5185185185185185,49,0.7142857142857143,0.6285714285714286,11,0.5454545454545454,0.0,60,0.6833333333333333,0.5365853658536586,9,0.6666666666666666,1.0,0.5957446808510638,69,0.7101449275362319,0.15942028985507245,0.13043478260869565,0.8695652173913043,8,0.11594202898550725,1.0,2026,2026
Tyler Houser,Delaware,20,13,9,4,10,2,12,12,12,1,0,1,tyler houser,F,Sr,19,13,32,0.59375,0.42105263157894735,33,0.6060606060606061,0.45,14,0.2857142857142857,0.5,47,0.5106382978723404,0.4583333333333333,24,0.5,1.0,0.6388888888888888,71,0.4647887323943662,0.19718309859154928,0.3380281690140845,0.6619718309859155,1,0.014084507042253521,1.0,2026,2026
Nick Martinelli,Northwestern,28,11,19,25,33,20,12,5,9,2,0,1,nick martinelli,F,Sr,26,11,37,0.7027027027027027,0.6923076923076923,39,0.717948717948718,0.6785714285714286,58,0.43103448275862066,0.8,97,0.5463917525773195,0.7358490566037735,17,0.7058823529411765,0.75,0.7384615384615385,114,0.34210526315789475,0.5087719298245614,0.14912280701754385,0.8508771929824561,2,0.017543859649122806,1.0,2026,2026
Terry Anderson,High Point,32,16,13,4,3,0,6,6,6,2,1,1,terry anderson,F,Sr,30,15,45,0.6666666666666666,0.4,48,0.6666666666666666,0.40625,7,0.5714285714285714,0.0,55,0.6545454545454545,0.3611111111111111,12,0.5,1.0,0.4523809523809524,67,0.7164179104477612,0.1044776119402985,0.1791044776119403,0.8208955223880597,3,0.04477611940298507,0.6666666666666666,2026,2026
Jakevion Buckley,New Orleans,22,20,3,12,28,2,8,15,4,0,0,0,jakevion buckley,G,Sr,22,20,42,0.5238095238095238,0.13636363636363635,42,0.5238095238095238,0.13636363636363635,40,0.3,0.16666666666666666,82,0.4146341463414634,0.14705882352941177,23,0.34782608695652173,0.5,0.21428571428571427,105,0.4,0.38095238095238093,0.21904761904761905,0.780952380952381,0,0.0,,2026,2026
Ben Gold,Marquette,13,7,9,1,2,1,17,35,16,2,1,1,ben gold,F,Sr,11,6,17,0.6470588235294118,0.7272727272727273,20,0.65,0.6923076923076923,3,0.3333333333333333,1.0,23,0.6086956521739131,0.7142857142857143,52,0.3269230769230769,0.9411764705882353,0.8387096774193549,75,0.26666666666666666,0.04,0.6933333333333334,0.30666666666666664,3,0.04,0.6666666666666666,2026,2026
Shammah Scott,Akron,8,6,2,12,11,0,24,32,13,0,0,0,shammah scott,G,Sr,8,6,14,0.5714285714285714,0.25,14,0.5714285714285714,0.25,23,0.5217391304347826,0.0,37,0.5405405405405406,0.1,56,0.42857142857142855,0.5416666666666666,0.3409090909090909,93,0.15053763440860216,0.24731182795698925,0.6021505376344086,0.3978494623655914,0,0.0,,2026,2026
Bruce Thornton,Ohio St.,16,7,3,18,12,4,19,17,14,0,0,0,bruce thornton,G,Sr,16,7,23,0.6956521739130435,0.1875,23,0.6956521739130435,0.1875,30,0.6,0.2222222222222222,53,0.6415094339622641,0.20588235294117646,36,0.5277777777777778,0.7368421052631579,0.39622641509433965,89,0.25842696629213485,0.33707865168539325,0.4044943820224719,0.5955056179775281,0,0.0,,2026,2026
Alphonzo Billups III,Longwood,12,10,6,5,3,1,9,30,8,4,0,2,alphonzo billups iii,G,Jr,8,10,18,0.4444444444444444,0.5,22,0.5454545454545454,0.5,8,0.625,0.2,30,0.5666666666666667,0.4117647058823529,39,0.23076923076923078,0.8888888888888888,0.5769230769230769,69,0.3188405797101449,0.11594202898550725,0.5652173913043478,0.43478260869565216,4,0.057971014492753624,1.0,2026,2026
Shawn Jones Jr.,Mississippi St.,9,9,2,5,3,4,7,21,7,4,1,1,shawn jones jr.,F,Sr,5,8,13,0.38461538461538464,0.2,18,0.5,0.2222222222222222,8,0.625,0.8,26,0.5384615384615384,0.42857142857142855,28,0.25,1.0,0.6190476190476191,54,0.3333333333333333,0.14814814814814814,0.5185185185185185,0.48148148148148145,5,0.09259259259259259,0.8,2026,2026
Skyy Clark,UCLA,12,5,1,7,18,2,19,18,12,0,0,0,skyy clark,G,Sr,12,5,17,0.7058823529411765,0.08333333333333333,17,0.7058823529411765,0.08333333333333333,25,0.28,0.2857142857142857,42,0.4523809523809524,0.15789473684210525,37,0.5135135135135135,0.631578947368421,0.39473684210526316,79,0.21518987341772153,0.31645569620253167,0.46835443037974683,0.5316455696202531,0,0.0,,2026,2026
Jayden Epps,Mississippi St.,8,8,1,11,8,1,12,20,10,0,0,0,jayden epps,G,Sr,8,8,16,0.5,0.125,16,0.5,0.125,19,0.5789473684210527,0.09090909090909091,35,0.5428571428571428,0.10526315789473684,32,0.375,0.8333333333333334,0.3870967741935484,67,0.23880597014925373,0.2835820895522388,0.47761194029850745,0.5223880597014925,0,0.0,,2026,2026
Sencire Harris,Cincinnati,18,13,12,3,10,0,2,9,1,1,0,1,sencire harris,G,Jr,17,13,30,0.5666666666666667,0.6470588235294118,31,0.5806451612903226,0.6666666666666666,13,0.23076923076923078,0.0,44,0.4772727272727273,0.5714285714285714,11,0.18181818181818182,0.5,0.5652173913043478,55,0.5636363636363636,0.23636363636363636,0.2,0.8,1,0.01818181818181818,1.0,2026,2026
RaSheed Jones,Coastal Carolina,10,7,2,15,22,1,21,37,18,0,0,0,rasheed jones,G,Jr,10,7,17,0.5882352941176471,0.2,17,0.5882352941176471,0.2,37,0.40540540540540543,0.06666666666666667,54,0.46296296296296297,0.12,58,0.3620689655172414,0.8571428571428571,0.45652173913043476,112,0.15178571428571427,0.33035714285714285,0.5178571428571429,0.48214285714285715,0,0.0,,2026,2026
Fletcher Loyer,Purdue,8,2,6,3,14,1,27,31,27,0,0,0,fletcher loyer,G,Sr,8,2,10,0.8,0.75,10,0.8,0.75,17,0.17647058823529413,0.3333333333333333,27,0.4074074074074074,0.6363636363636364,58,0.46551724137931033,1.0,0.8947368421052632,85,0.11764705882352941,0.2,0.6823529411764706,0.3176470588235294,0,0.0,,2026,2026
Cale Jacobsen,Nebraska,11,6,6,3,2,0,3,5,2,0,0,0,cale jacobsen,G,Jr,11,6,17,0.6470588235294118,0.5454545454545454,17,0.6470588235294118,0.5454545454545454,5,0.6,0.0,22,0.6363636363636364,0.42857142857142855,8,0.375,0.6666666666666666,0.47058823529411764,30,0.5666666666666667,0.16666666666666666,0.26666666666666666,0.7333333333333333,0,0.0,,2026,2026
Yohan Traore,Butler,25,17,20,1,4,1,0,1,0,16,1,13,yohan traore,C,Sr,9,16,25,0.36,0.7777777777777778,42,0.5952380952380952,0.8,5,0.2,1.0,47,0.5531914893617021,0.8076923076923077,1,0.0,,0.8076923076923077,48,0.875,0.10416666666666667,0.020833333333333332,0.9791666666666666,17,0.3541666666666667,0.9411764705882353,2026,2026
Cade Tyson,Minnesota,32,11,26,7,11,2,16,27,15,4,0,4,cade tyson,G,Sr,28,11,39,0.717948717948718,0.7857142857142857,43,0.7441860465116279,0.8125,18,0.3888888888888889,0.2857142857142857,61,0.639344262295082,0.717948717948718,43,0.37209302325581395,0.9375,0.7818181818181819,104,0.41346153846153844,0.17307692307692307,0.41346153846153844,0.5865384615384616,4,0.038461538461538464,1.0,2026,2026
Chance Westry,UAB,35,23,9,4,7,0,7,20,4,4,0,1,chance westry,G,So,31,23,54,0.5740740740740741,0.25806451612903225,58,0.603448275862069,0.2571428571428571,11,0.36363636363636365,0.0,69,0.5652173913043478,0.23076923076923078,27,0.25925925925925924,0.5714285714285714,0.2826086956521739,96,0.6041666666666666,0.11458333333333333,0.28125,0.71875,4,0.041666666666666664,1.0,2026,2026
Tobi Lawal,Virginia Tech,20,9,15,3,5,1,2,11,2,13,2,11,tobi lawal,F,Sr,7,7,14,0.5,0.5714285714285714,29,0.6896551724137931,0.75,8,0.375,0.3333333333333333,37,0.6216216216216216,0.6956521739130435,13,0.15384615384615385,1.0,0.72,50,0.58,0.16,0.26,0.74,15,0.3,0.8666666666666667,2026,2026
Ugonna Onyenso,Virginia,16,8,9,6,5,4,3,7,3,8,0,5,ugonna onyenso,C,Sr,8,8,16,0.5,0.5,24,0.6666666666666666,0.5625,11,0.5454545454545454,0.6666666666666666,35,0.6285714285714286,0.5909090909090909,10,0.3,1.0,0.64,45,0.5333333333333333,0.24444444444444444,0.2222222222222222,0.7777777777777778,8,0.17777777777777778,1.0,2026,2026
Peter Suder,Miami OH,18,7,4,2,4,0,6,6,4,0,0,0,peter suder,G,Sr,18,7,25,0.72,0.2222222222222222,25,0.72,0.2222222222222222,6,0.3333333333333333,0.0,31,0.6451612903225806,0.2,12,0.5,0.6666666666666666,0.3076923076923077,43,0.5813953488372093,0.13953488372093023,0.27906976744186046,0.7209302325581395,0,0.0,,2026,2026
Rob Martin,High Point,27,14,0,16,21,2,12,24,9,0,0,0,rob martin,G,Sr,27,14,41,0.6585365853658537,0.0,41,0.6585365853658537,0.0,37,0.43243243243243246,0.125,78,0.5512820512820513,0.046511627906976744,36,0.3333333333333333,0.75,0.2,114,0.35964912280701755,0.32456140350877194,0.3157894736842105,0.6842105263157895,0,0.0,,2026,2026
Cruz Davis,Hofstra,24,21,6,15,24,4,19,24,13,3,1,3,cruz davis,G,Sr,21,20,41,0.5121951219512195,0.14285714285714285,45,0.5333333333333333,0.25,39,0.38461538461538464,0.26666666666666666,84,0.4642857142857143,0.2564102564102564,43,0.4418604651162791,0.6842105263157895,0.39655172413793105,127,0.3543307086614173,0.30708661417322836,0.33858267716535434,0.6614173228346457,4,0.031496062992125984,0.75,2026,2026
Malik Reneau,Miami FL,54,33,33,14,14,7,9,14,9,9,2,8,malik reneau,F,Jr,45,31,76,0.5921052631578947,0.5555555555555556,87,0.6206896551724138,0.6111111111111112,28,0.5,0.5,115,0.591304347826087,0.5882352941176471,23,0.391304347826087,1.0,0.6363636363636364,138,0.6304347826086957,0.2028985507246377,0.16666666666666666,0.8333333333333334,11,0.07971014492753623,0.8181818181818182,2026,2026
CJ Gunn,DePaul,19,11,12,14,18,9,11,29,10,6,0,5,cj gunn,G,Sr,13,11,24,0.5416666666666666,0.5384615384615384,30,0.6333333333333333,0.631578947368421,32,0.4375,0.6428571428571429,62,0.532258064516129,0.6363636363636364,40,0.275,0.9090909090909091,0.7045454545454546,102,0.29411764705882354,0.3137254901960784,0.39215686274509803,0.6078431372549019,6,0.058823529411764705,1.0,2026,2026
Tyren Moore,Georgia Southern,5,2,1,6,5,0,27,43,11,0,0,0,tyren moore,G,Sr,5,2,7,0.7142857142857143,0.2,7,0.7142857142857143,0.2,11,0.5454545454545454,0.0,18,0.6111111111111112,0.09090909090909091,70,0.38571428571428573,0.4074074074074074,0.3157894736842105,88,0.07954545454545454,0.125,0.7954545454545454,0.20454545454545456,0,0.0,,2026,2026
Duke Brennan,Villanova,35,17,23,0,6,0,0,0,0,8,4,6,duke brennan,C,Sr,27,13,40,0.675,0.6296296296296297,52,0.6730769230769231,0.6571428571428571,6,0.0,,58,0.603448275862069,0.6571428571428571,0,,,0.6571428571428571,58,0.896551724137931,0.10344827586206896,0.0,1.0,12,0.20689655172413793,0.6666666666666666,2026,2026
Chase Lowe,William & Mary,23,9,12,5,4,0,0,3,0,0,0,0,chase lowe,G,Sr,23,9,32,0.71875,0.5217391304347826,32,0.71875,0.5217391304347826,9,0.5555555555555556,0.0,41,0.6829268292682927,0.42857142857142855,3,0.0,,0.42857142857142855,44,0.7272727272727273,0.20454545454545456,0.06818181818181818,0.9318181818181818,0,0.0,,2026,2026
Isaiah Jones,South Florida,8,1,3,0,2,0,8,18,8,0,0,0,isaiah jones,G,Sr,8,1,9,0.8888888888888888,0.375,9,0.8888888888888888,0.375,2,0.0,,11,0.7272727272727273,0.375,26,0.3076923076923077,1.0,0.6875,37,0.24324324324324326,0.05405405405405406,0.7027027027027027,0.2972972972972973,0,0.0,,2026,2026
Donovan Atwell,Texas Tech,1,0,0,4,0,2,28,36,25,0,0,0,donovan atwell,G,Sr,1,0,1,1.0,0.0,1,1.0,0.0,4,1.0,0.5,5,1.0,0.4,64,0.4375,0.8928571428571429,0.8181818181818182,69,0.014492753623188406,0.057971014492753624,0.927536231884058,0.07246376811594203,0,0.0,,2026,2026
Jaden Bradley,Arizona,18,7,5,15,16,4,7,6,7,1,0,0,jaden bradley,G,Sr,17,7,24,0.7083333333333334,0.29411764705882354,25,0.72,0.2777777777777778,31,0.4838709677419355,0.26666666666666666,56,0.5892857142857143,0.2727272727272727,13,0.5384615384615384,1.0,0.4,69,0.36231884057971014,0.4492753623188406,0.18840579710144928,0.8115942028985508,1,0.014492753623188406,1.0,2026,2026
Rylan Griffen,Texas A&M,9,3,4,2,1,0,13,20,12,0,1,0,rylan griffen,G,Sr,9,2,11,0.8181818181818182,0.4444444444444444,12,0.75,0.4444444444444444,3,0.6666666666666666,0.0,15,0.7333333333333333,0.36363636363636365,33,0.3939393939393939,0.9230769230769231,0.6666666666666666,48,0.25,0.0625,0.6875,0.3125,1,0.020833333333333332,0.0,2026,2026
Tyler Hendricks,Utah Valley,7,8,2,4,4,1,18,16,17,1,0,0,tyler hendricks,F,Jr,6,8,14,0.42857142857142855,0.3333333333333333,15,0.4666666666666667,0.2857142857142857,8,0.5,0.25,23,0.4782608695652174,0.2727272727272727,34,0.5294117647058824,0.9444444444444444,0.6896551724137931,57,0.2631578947368421,0.14035087719298245,0.5964912280701754,0.40350877192982454,1,0.017543859649122806,1.0,2026,2026
Roddie Anderson III,Xavier,20,12,11,2,19,0,18,34,14,2,0,2,roddie anderson iii,G,Sr,18,12,30,0.6,0.5,32,0.625,0.55,21,0.09523809523809523,0.0,53,0.41509433962264153,0.5,52,0.34615384615384615,0.7777777777777778,0.625,105,0.3047619047619048,0.2,0.49523809523809526,0.5047619047619047,2,0.01904761904761905,1.0,2026,2026
Tyler Bilodeau,UCLA,8,3,7,21,15,14,9,17,9,2,0,2,tyler bilodeau,F,Sr,6,3,9,0.6666666666666666,0.8333333333333334,11,0.7272727272727273,0.875,36,0.5833333333333334,0.6666666666666666,47,0.6170212765957447,0.7241379310344828,26,0.34615384615384615,1.0,0.7894736842105263,73,0.1506849315068493,0.4931506849315068,0.3561643835616438,0.6438356164383562,2,0.0273972602739726,1.0,2026,2026
Elijah Jamison,Norfolk St.,13,23,1,16,17,0,8,14,5,0,0,0,elijah jamison,G,Sr,13,23,36,0.3611111111111111,0.07692307692307693,36,0.3611111111111111,0.07692307692307693,33,0.48484848484848486,0.0,69,0.42028985507246375,0.034482758620689655,22,0.36363636363636365,0.625,0.16216216216216217,91,0.3956043956043956,0.3626373626373626,0.24175824175824176,0.7582417582417582,0,0.0,,2026,2026
Billy Smith,Chattanooga,2,2,1,4,2,1,17,28,17,0,0,0,billy smith,G,Sr,2,2,4,0.5,0.5,4,0.5,0.5,6,0.6666666666666666,0.25,10,0.6,0.3333333333333333,45,0.37777777777777777,1.0,0.8260869565217391,55,0.07272727272727272,0.10909090909090909,0.8181818181818182,0.18181818181818182,0,0.0,,2026,2026
Chandler Pigge,Harvard,33,32,15,6,14,2,12,21,11,0,0,0,chandler pigge,G,Sr,33,32,65,0.5076923076923077,0.45454545454545453,65,0.5076923076923077,0.45454545454545453,20,0.3,0.3333333333333333,85,0.4588235294117647,0.4358974358974359,33,0.36363636363636365,0.9166666666666666,0.5490196078431373,118,0.5508474576271186,0.1694915254237288,0.2796610169491525,0.7203389830508474,0,0.0,,2026,2026
Chisom Okpara,Stanford,30,29,4,3,6,0,7,15,7,3,0,2,chisom okpara,F,Sr,27,29,56,0.48214285714285715,0.07407407407407407,59,0.5084745762711864,0.13333333333333333,9,0.3333333333333333,0.0,68,0.4852941176470588,0.12121212121212122,22,0.3181818181818182,1.0,0.275,90,0.6555555555555556,0.1,0.24444444444444444,0.7555555555555555,3,0.03333333333333333,1.0,2026,2026
Jace Whiting,Weber St.,26,10,12,5,11,2,12,16,12,0,1,0,jace whiting,G,Jr,26,9,35,0.7428571428571429,0.46153846153846156,36,0.7222222222222222,0.46153846153846156,16,0.3125,0.4,52,0.5961538461538461,0.45161290322580644,28,0.42857142857142855,1.0,0.6046511627906976,80,0.45,0.2,0.35,0.65,1,0.0125,0.0,2026,2026
Rich Rolf,Youngstown St.,21,5,6,1,3,0,17,21,16,3,0,1,rich rolf,G,Jr,18,5,23,0.782608695652174,0.2777777777777778,26,0.8076923076923077,0.2857142857142857,4,0.25,0.0,30,0.7333333333333333,0.2727272727272727,38,0.4473684210526316,0.9411764705882353,0.5641025641025641,68,0.38235294117647056,0.058823529411764705,0.5588235294117647,0.4411764705882353,3,0.04411764705882353,1.0,2026,2026
Elijah Jones,UTEP,13,0,9,6,7,3,4,5,4,6,0,6,elijah jones,F,Jr,7,0,7,1.0,0.42857142857142855,13,1.0,0.6923076923076923,13,0.46153846153846156,0.5,26,0.7307692307692307,0.631578947368421,9,0.4444444444444444,1.0,0.6956521739130435,35,0.37142857142857144,0.37142857142857144,0.2571428571428571,0.7428571428571429,6,0.17142857142857143,1.0,2026,2026
Elijah Jones,UTEP,13,0,9,6,7,3,4,5,4,6,0,6,elijah jones,G,Sr,7,0,7,1.0,0.42857142857142855,13,1.0,0.6923076923076923,13,0.46153846153846156,0.5,26,0.7307692307692307,0.631578947368421,9,0.4444444444444444,1.0,0.6956521739130435,35,0.37142857142857144,0.37142857142857144,0.2571428571428571,0.7428571428571429,6,0.17142857142857143,1.0,2026,2026
Tamin Lipsey,Iowa St.,18,8,2,12,11,1,9,18,7,0,0,0,tamin lipsey,G,Sr,18,8,26,0.6923076923076923,0.1111111111111111,26,0.6923076923076923,0.1111111111111111,23,0.5217391304347826,0.08333333333333333,49,0.6122448979591837,0.1,27,0.3333333333333333,0.7777777777777778,0.2564102564102564,76,0.34210526315789475,0.3026315789473684,0.35526315789473684,0.6447368421052632,0,0.0,,2026,2026
Eli King,North Dakota,25,18,6,9,12,0,6,23,6,1,0,0,eli king,G,Sr,24,18,42,0.5714285714285714,0.25,43,0.5813953488372093,0.24,21,0.42857142857142855,0.0,64,0.53125,0.17647058823529413,29,0.20689655172413793,1.0,0.3,93,0.46236559139784944,0.22580645161290322,0.3118279569892473,0.6881720430107527,1,0.010752688172043012,1.0,2026,2026
Simeon Cottle,Kennesaw St.,11,9,2,6,12,1,21,26,19,1,0,0,simeon cottle,G,Sr,10,9,19,0.5263157894736842,0.2,20,0.55,0.18181818181818182,18,0.3333333333333333,0.16666666666666666,38,0.4473684210526316,0.17647058823529413,47,0.44680851063829785,0.9047619047619048,0.5789473684210527,85,0.23529411764705882,0.21176470588235294,0.5529411764705883,0.4470588235294118,1,0.011764705882352941,1.0,2026,2026
Maliq Brown,Duke,24,2,22,0,0,0,1,7,1,14,0,14,maliq brown,F,Sr,10,2,12,0.8333333333333334,0.8,26,0.9230769230769231,0.9166666666666666,0,,,26,0.9230769230769231,0.9166666666666666,8,0.125,1.0,0.92,34,0.7647058823529411,0.0,0.23529411764705882,0.7647058823529411,14,0.4117647058823529,1.0,2026,2026
Chris Bell,California,5,5,4,16,16,4,20,25,20,2,0,2,chris bell,G,Sr,3,5,8,0.375,0.6666666666666666,10,0.5,0.8,32,0.5,0.25,42,0.5,0.38095238095238093,45,0.4444444444444444,1.0,0.6829268292682927,87,0.11494252873563218,0.367816091954023,0.5172413793103449,0.4827586206896552,2,0.022988505747126436,1.0,2026,2026
Jalen Reed,LSU,17,10,8,0,1,0,3,4,3,2,0,2,jalen reed,F,Sr,15,10,25,0.6,0.4,27,0.6296296296296297,0.47058823529411764,1,0.0,,28,0.6071428571428571,0.47058823529411764,7,0.42857142857142855,1.0,0.55,35,0.7714285714285715,0.02857142857142857,0.2,0.8,2,0.05714285714285714,1.0,2026,2026
Zuby Ejiofor,St. John's,26,22,14,10,2,6,3,6,3,7,0,5,zuby ejiofor,F,Sr,19,22,41,0.4634146341463415,0.47368421052631576,48,0.5416666666666666,0.5384615384615384,12,0.8333333333333334,0.6,60,0.6,0.5555555555555556,9,0.3333333333333333,1.0,0.5897435897435898,69,0.6956521739130435,0.17391304347826086,0.13043478260869565,0.8695652173913043,7,0.10144927536231885,1.0,2026,2026
Youri Fritz,Northeastern,38,15,25,0,3,0,1,0,1,4,0,4,youri fritz,F,Sr,34,15,49,0.6938775510204082,0.6176470588235294,53,0.7169811320754716,0.6578947368421053,3,0.0,,56,0.6785714285714286,0.6578947368421053,1,1.0,1.0,0.6666666666666666,57,0.9298245614035088,0.05263157894736842,0.017543859649122806,0.9824561403508771,4,0.07017543859649122,1.0,2026,2026
Braden Sparks,Fairfield,11,16,2,17,20,2,28,40,16,0,0,0,braden sparks,G,Sr,11,16,27,0.4074074074074074,0.18181818181818182,27,0.4074074074074074,0.18181818181818182,37,0.4594594594594595,0.11764705882352941,64,0.4375,0.14285714285714285,68,0.4117647058823529,0.5714285714285714,0.35714285714285715,132,0.20454545454545456,0.2803030303030303,0.5151515151515151,0.48484848484848486,0,0.0,,2026,2026
RJ Godfrey,Clemson,31,11,20,10,7,2,0,2,0,10,0,9,rj godfrey,C,Sr,21,11,32,0.65625,0.5238095238095238,42,0.7380952380952381,0.6451612903225806,17,0.5882352941176471,0.2,59,0.6949152542372882,0.5365853658536586,2,0.0,,0.5365853658536586,61,0.6885245901639344,0.2786885245901639,0.03278688524590164,0.9672131147540983,10,0.16393442622950818,1.0,2026,2026
Dillon Hunter,Clemson,12,6,2,6,11,0,11,15,8,0,0,0,dillon hunter,G,Sr,12,6,18,0.6666666666666666,0.16666666666666666,18,0.6666666666666666,0.16666666666666666,17,0.35294117647058826,0.0,35,0.5142857142857142,0.1111111111111111,26,0.4230769230769231,0.7272727272727273,0.3448275862068966,61,0.29508196721311475,0.2786885245901639,0.4262295081967213,0.5737704918032787,0,0.0,,2026,2026
Chauncey Wiggins,Florida St.,16,4,7,3,11,1,18,42,17,3,0,2,chauncey wiggins,F,Jr,13,4,17,0.7647058823529411,0.38461538461538464,20,0.8,0.4375,14,0.21428571428571427,0.3333333333333333,34,0.5588235294117647,0.42105263157894735,60,0.3,0.9444444444444444,0.6756756756756757,94,0.2127659574468085,0.14893617021276595,0.6382978723404256,0.3617021276595745,3,0.031914893617021274,1.0,2026,2026
Harry Rouhliadeff,Hawaii,12,8,8,2,1,1,8,14,8,1,0,1,harry rouhliadeff,C,Sr,11,8,19,0.5789473684210527,0.6363636363636364,20,0.6,0.6666666666666666,3,0.6666666666666666,0.5,23,0.6086956521739131,0.6428571428571429,22,0.36363636363636365,1.0,0.7727272727272727,45,0.4444444444444444,0.06666666666666667,0.4888888888888889,0.5111111111111111,1,0.022222222222222223,1.0,2026,2026
Chendall Weaver,Texas,13,5,4,2,6,1,4,14,4,1,0,1,chendall weaver,G,Sr,12,5,17,0.7058823529411765,0.25,18,0.7222222222222222,0.3076923076923077,8,0.25,0.5,26,0.5769230769230769,0.3333333333333333,18,0.2222222222222222,1.0,0.47368421052631576,44,0.4090909090909091,0.18181818181818182,0.4090909090909091,0.5909090909090909,1,0.022727272727272728,1.0,2026,2026
Tre White,Kansas,21,11,10,3,5,1,10,14,9,3,1,2,tre white,F,Sr,18,10,28,0.6428571428571429,0.4444444444444444,32,0.65625,0.47619047619047616,8,0.375,0.3333333333333333,40,0.6,0.4583333333333333,24,0.4166666666666667,0.9,0.5882352941176471,64,0.5,0.125,0.375,0.625,4,0.0625,0.75,2026,2026
Vincent Iwuchukwu,Georgetown,8,6,6,4,2,3,0,0,0,2,0,2,vincent iwuchukwu,C,Sr,6,6,12,0.5,0.6666666666666666,14,0.5714285714285714,0.75,6,0.6666666666666666,0.75,20,0.6,0.75,0,,,0.75,20,0.7,0.3,0.0,1.0,2,0.1,1.0,2026,2026
Oziyah Sellers,St. John's,8,7,3,4,12,3,15,19,12,1,0,0,oziyah sellers,G,Sr,7,7,14,0.5,0.42857142857142855,15,0.5333333333333333,0.375,16,0.25,0.75,31,0.3870967741935484,0.5,34,0.4411764705882353,0.8,0.6666666666666666,65,0.23076923076923078,0.24615384615384617,0.5230769230769231,0.47692307692307695,1,0.015384615384615385,1.0,2026,2026
Mike Walz,Richmond,10,5,7,4,8,3,6,9,5,3,0,3,mike walz,F,Sr,7,5,12,0.5833333333333334,0.5714285714285714,15,0.6666666666666666,0.7,12,0.3333333333333333,0.75,27,0.5185185185185185,0.7142857142857143,15,0.4,0.8333333333333334,0.75,42,0.35714285714285715,0.2857142857142857,0.35714285714285715,0.6428571428571429,3,0.07142857142857142,1.0,2026,2026
Michael Eley,Hampton,13,2,6,11,12,5,8,20,8,0,1,0,michael eley,G,Sr,13,1,14,0.9285714285714286,0.46153846153846156,15,0.8666666666666667,0.46153846153846156,23,0.4782608695652174,0.45454545454545453,38,0.631578947368421,0.4583333333333333,28,0.2857142857142857,1.0,0.59375,66,0.22727272727272727,0.3484848484848485,0.42424242424242425,0.5757575757575758,1,0.015151515151515152,0.0,2026,2026
Mekhi Mason,Wake Forest,9,6,3,2,12,2,20,41,18,0,0,0,mekhi mason,G,Sr,9,6,15,0.6,0.3333333333333333,15,0.6,0.3333333333333333,14,0.14285714285714285,1.0,29,0.3793103448275862,0.45454545454545453,61,0.32786885245901637,0.9,0.7419354838709677,90,0.16666666666666666,0.15555555555555556,0.6777777777777778,0.32222222222222224,0,0.0,,2026,2026
Brendan Coyle,Siena,4,6,2,7,3,6,19,41,19,1,0,1,brendan coyle,G,Sr,3,6,9,0.3333333333333333,0.3333333333333333,10,0.4,0.5,10,0.7,0.8571428571428571,20,0.55,0.7272727272727273,60,0.31666666666666665,1.0,0.9,80,0.125,0.125,0.75,0.25,1,0.0125,1.0,2026,2026
Tyrone Marshall,George Washington,21,11,12,3,3,0,4,12,4,7,1,6,tyrone marshall,F,Sr,14,10,24,0.5833333333333334,0.42857142857142855,32,0.65625,0.5714285714285714,6,0.5,0.0,38,0.631578947368421,0.5,16,0.25,1.0,0.5714285714285714,54,0.5925925925925926,0.1111111111111111,0.2962962962962963,0.7037037037037037,8,0.14814814814814814,0.875,2026,2026
Sam Alexis,Indiana,29,11,20,3,3,1,1,2,1,17,1,13,sam alexis,C,Sr,12,10,22,0.5454545454545454,0.5833333333333334,40,0.725,0.6896551724137931,6,0.5,0.3333333333333333,46,0.6956521739130435,0.65625,3,0.3333333333333333,1.0,0.6666666666666666,49,0.8163265306122449,0.12244897959183673,0.061224489795918366,0.9387755102040817,18,0.3673469387755102,0.9444444444444444,2026,2026
Tre Holloman,N.C. State,9,5,1,4,11,0,18,15,14,0,0,0,tre holloman,G,Sr,9,5,14,0.6428571428571429,0.1111111111111111,14,0.6428571428571429,0.1111111111111111,15,0.26666666666666666,0.0,29,0.4482758620689655,0.07692307692307693,33,0.5454545454545454,0.7777777777777778,0.4838709677419355,62,0.22580645161290322,0.24193548387096775,0.532258064516129,0.46774193548387094,0,0.0,,2026,2026
Jaxon Kohler,Michigan St.,20,8,10,11,18,6,16,18,16,1,0,1,jaxon kohler,F,Sr,19,8,27,0.7037037037037037,0.47368421052631576,28,0.7142857142857143,0.5,29,0.3793103448275862,0.5454545454545454,57,0.543859649122807,0.5161290322580645,34,0.47058823529411764,1.0,0.6808510638297872,91,0.3076923076923077,0.31868131868131866,0.37362637362637363,0.6263736263736264,1,0.01098901098901099,1.0,2026,2026
Carson Cooper,Michigan St.,26,12,21,9,14,7,0,2,0,15,5,14,carson cooper,C,Sr,11,7,18,0.6111111111111112,0.6363636363636364,38,0.6842105263157895,0.8076923076923077,23,0.391304347826087,0.7777777777777778,61,0.5737704918032787,0.8,2,0.0,,0.8,63,0.6031746031746031,0.36507936507936506,0.031746031746031744,0.9682539682539683,20,0.31746031746031744,0.75,2026,2026
Justin Abson,Georgia,13,5,12,1,1,1,0,0,0,6,0,6,justin abson,C,Sr,7,5,12,0.5833333333333334,0.8571428571428571,18,0.7222222222222222,0.9230769230769231,2,0.5,1.0,20,0.7,0.9285714285714286,0,,,0.9285714285714286,20,0.9,0.1,0.0,1.0,6,0.3,1.0,2026,2026
Elijah Fisher,Seton Hall,22,17,10,6,7,1,4,13,4,1,0,1,elijah fisher,G,Jr,21,17,38,0.5526315789473685,0.42857142857142855,39,0.5641025641025641,0.45454545454545453,13,0.46153846153846156,0.16666666666666666,52,0.5384615384615384,0.39285714285714285,17,0.23529411764705882,1.0,0.46875,69,0.5652173913043478,0.18840579710144928,0.2463768115942029,0.7536231884057971,1,0.014492753623188406,1.0,2026,2026
Jackson Paveletzke,Ohio,15,10,1,28,24,1,10,18,4,0,0,0,jackson paveletzke,G,Sr,15,10,25,0.6,0.06666666666666667,25,0.6,0.06666666666666667,52,0.5384615384615384,0.03571428571428571,77,0.5584415584415584,0.046511627906976744,28,0.35714285714285715,0.4,0.11320754716981132,105,0.23809523809523808,0.49523809523809526,0.26666666666666666,0.7333333333333333,0,0.0,,2026,2026
Robert Jennings,Oklahoma St.,3,4,2,0,0,0,1,1,1,1,0,1,robert jennings,F,Sr,2,4,6,0.3333333333333333,0.5,7,0.42857142857142855,0.6666666666666666,0,,,7,0.42857142857142855,0.6666666666666666,2,0.5,1.0,0.75,9,0.7777777777777778,0.0,0.2222222222222222,0.7777777777777778,1,0.1111111111111111,1.0,2026,2026
Jaden Schutt,Virginia Tech,2,2,0,6,6,0,29,36,26,1,0,0,jaden schutt,G,Jr,1,2,3,0.3333333333333333,0.0,4,0.5,0.0,12,0.5,0.0,16,0.5,0.0,65,0.4461538461538462,0.896551724137931,0.7027027027027027,81,0.04938271604938271,0.14814814814814814,0.8024691358024691,0.19753086419753085,1,0.012345679012345678,1.0,2026,2026
Keba Keita,BYU,21,9,12,2,3,2,0,0,0,9,2,7,keba keita,C,Sr,12,7,19,0.631578947368421,0.4166666666666667,30,0.7,0.5714285714285714,5,0.4,1.0,35,0.6571428571428571,0.6086956521739131,0,,,0.6086956521739131,35,0.8571428571428571,0.14285714285714285,0.0,1.0,11,0.3142857142857143,0.8181818181818182,2026,2026
Mason Falslev,Utah St.,29,18,10,3,7,1,10,17,10,1,0,0,mason falslev,G,Jr,28,18,46,0.6086956521739131,0.35714285714285715,47,0.6170212765957447,0.3448275862068966,10,0.3,0.3333333333333333,57,0.5614035087719298,0.34375,27,0.37037037037037035,1.0,0.5,84,0.5595238095238095,0.11904761904761904,0.32142857142857145,0.6785714285714286,1,0.011904761904761904,1.0,2026,2026
Ethan Potter,Utah Tech,40,21,27,20,18,5,0,6,0,11,2,10,ethan potter,C,Sr,29,19,48,0.6041666666666666,0.5862068965517241,61,0.6557377049180327,0.675,38,0.5263157894736842,0.25,99,0.6060606060606061,0.5333333333333333,6,0.0,,0.5333333333333333,105,0.580952380952381,0.3619047619047619,0.05714285714285714,0.9428571428571428,13,0.12380952380952381,0.8461538461538461,2026,2026
Colin Smith,UC Santa Barbara,7,5,4,5,11,2,18,22,18,0,0,0,colin smith,F,Sr,7,5,12,0.5833333333333334,0.5714285714285714,12,0.5833333333333334,0.5714285714285714,16,0.3125,0.4,28,0.42857142857142855,0.5,40,0.45,1.0,0.8,68,0.17647058823529413,0.23529411764705882,0.5882352941176471,0.4117647058823529,0,0.0,,2026,2026
Rowan Brumbaugh,Tulane,19,13,1,3,17,1,20,30,16,0,0,0,rowan brumbaugh,G,Jr,19,13,32,0.59375,0.05263157894736842,32,0.59375,0.05263157894736842,20,0.15,0.3333333333333333,52,0.4230769230769231,0.09090909090909091,50,0.4,0.8,0.42857142857142855,102,0.3137254901960784,0.19607843137254902,0.49019607843137253,0.5098039215686274,0,0.0,,2026,2026
Jalen Hampton,Arkansas St.,18,9,11,0,0,0,3,3,2,5,1,4,jalen hampton,F,Sr,13,8,21,0.6190476190476191,0.5384615384615384,27,0.6666666666666666,0.6111111111111112,0,,,27,0.6666666666666666,0.6111111111111112,6,0.5,0.6666666666666666,0.6190476190476191,33,0.8181818181818182,0.0,0.18181818181818182,0.8181818181818182,6,0.18181818181818182,0.8333333333333334,2026,2026
Evan Mahaffey,Akron,31,12,17,4,6,2,4,7,3,13,0,9,evan mahaffey,G,Sr,18,12,30,0.6,0.4444444444444444,43,0.7209302325581395,0.5483870967741935,10,0.4,0.5,53,0.660377358490566,0.5428571428571428,11,0.36363636363636365,0.75,0.5641025641025641,64,0.671875,0.15625,0.171875,0.828125,13,0.203125,1.0,2026,2026
Terrance Arceneaux,N.C. State,5,5,2,0,1,0,1,8,1,0,0,0,terrance arceneaux,G,Jr,5,5,10,0.5,0.4,10,0.5,0.4,1,0.0,,11,0.45454545454545453,0.4,9,0.1111111111111111,1.0,0.5,20,0.5,0.05,0.45,0.55,0,0.0,,2026,2026
Isaac Traudt,Creighton,1,2,0,0,1,0,13,18,13,0,0,0,isaac traudt,F,Jr,1,2,3,0.3333333333333333,0.0,3,0.3333333333333333,0.0,1,0.0,,4,0.25,0.0,31,0.41935483870967744,1.0,0.9285714285714286,35,0.08571428571428572,0.02857142857142857,0.8857142857142857,0.11428571428571428,0,0.0,,2026,2026
Isaac McKneely,Louisville,5,0,1,2,4,0,30,40,29,0,0,0,isaac mckneely,G,Sr,5,0,5,1.0,0.2,5,1.0,0.2,6,0.3333333333333333,0.0,11,0.6363636363636364,0.14285714285714285,70,0.42857142857142855,0.9666666666666667,0.8108108108108109,81,0.06172839506172839,0.07407407407407407,0.8641975308641975,0.13580246913580246,0,0.0,,2026,2026
Leon Bond III,Northern Iowa,18,14,13,9,11,5,15,16,12,5,1,5,leon bond iii,G,Jr,13,13,26,0.5,0.6153846153846154,32,0.5625,0.7222222222222222,20,0.45,0.5555555555555556,52,0.5192307692307693,0.6666666666666666,31,0.4838709677419355,0.8,0.7142857142857143,83,0.3855421686746988,0.24096385542168675,0.37349397590361444,0.6265060240963856,6,0.07228915662650602,0.8333333333333334,2026,2026
Dylan Darling,St. John's,7,5,2,2,1,0,1,14,1,0,0,0,dylan darling,G,Jr,7,5,12,0.5833333333333334,0.2857142857142857,12,0.5833333333333334,0.2857142857142857,3,0.6666666666666666,0.0,15,0.6,0.2222222222222222,15,0.06666666666666667,1.0,0.3,30,0.4,0.1,0.5,0.5,0,0.0,,2026,2026
Jlynn Counter,Charleston,14,5,1,7,12,0,6,16,2,1,0,1,jlynn counter,G,Sr,13,5,18,0.7222222222222222,0.0,19,0.7368421052631579,0.07142857142857142,19,0.3684210526315789,0.0,38,0.5526315789473685,0.047619047619047616,22,0.2727272727272727,0.3333333333333333,0.1111111111111111,60,0.31666666666666665,0.31666666666666665,0.36666666666666664,0.6333333333333333,1,0.016666666666666666,1.0,2026,2026
Masai Troutman,George Mason,8,8,2,5,9,0,10,14,8,2,0,2,masai troutman,G,Sr,6,8,14,0.42857142857142855,0.0,16,0.5,0.25,14,0.35714285714285715,0.0,30,0.43333333333333335,0.15384615384615385,24,0.4166666666666667,0.8,0.43478260869565216,54,0.2962962962962963,0.25925925925925924,0.4444444444444444,0.5555555555555556,2,0.037037037037037035,1.0,2026,2026
Jamai Felt,Temple,12,4,9,1,0,1,0,0,0,7,1,7,jamai felt,C,So,5,3,8,0.625,0.4,16,0.75,0.75,1,1.0,1.0,17,0.7647058823529411,0.7692307692307693,0,,,0.7692307692307693,17,0.9411764705882353,0.058823529411764705,0.0,1.0,8,0.47058823529411764,0.875,2026,2026
Anthony McComb III,Norfolk St.,7,13,0,14,25,2,12,21,12,0,0,0,anthony mccomb iii,G,Sr,7,13,20,0.35,0.0,20,0.35,0.0,39,0.358974358974359,0.14285714285714285,59,0.3559322033898305,0.09523809523809523,33,0.36363636363636365,1.0,0.42424242424242425,92,0.21739130434782608,0.42391304347826086,0.358695652173913,0.6413043478260869,0,0.0,,2026,2026
Kam Craft,Georgia Tech,8,7,6,9,14,4,14,32,13,1,0,1,kam craft,G,Jr,7,7,14,0.5,0.7142857142857143,15,0.5333333333333333,0.75,23,0.391304347826087,0.4444444444444444,38,0.4473684210526316,0.5882352941176471,46,0.30434782608695654,0.9285714285714286,0.7419354838709677,84,0.17857142857142858,0.27380952380952384,0.5476190476190477,0.4523809523809524,1,0.011904761904761904,1.0,2026,2026
Braeden Carrington,Wisconsin,4,1,2,0,4,0,11,19,8,0,0,0,braeden carrington,G,Sr,4,1,5,0.8,0.5,5,0.8,0.5,4,0.0,,9,0.4444444444444444,0.5,30,0.36666666666666664,0.7272727272727273,0.6666666666666666,39,0.1282051282051282,0.10256410256410256,0.7692307692307693,0.23076923076923078,0,0.0,,2026,2026
Damien Mayo Jr.,Southern Illinois,11,7,5,3,4,0,8,8,7,1,1,0,damien mayo jr.,G,Jr,10,6,16,0.625,0.5,18,0.6111111111111112,0.45454545454545453,7,0.42857142857142855,0.0,25,0.56,0.35714285714285715,16,0.5,0.875,0.5454545454545454,41,0.43902439024390244,0.17073170731707318,0.3902439024390244,0.6097560975609756,2,0.04878048780487805,0.5,2026,2026
N.J. Benson,DePaul,40,12,30,5,5,1,0,1,0,27,0,20,n.j. benson,C,Sr,13,12,25,0.52,0.7692307692307693,52,0.7692307692307693,0.75,10,0.5,0.2,62,0.7258064516129032,0.6888888888888889,1,0.0,,0.6888888888888889,63,0.8253968253968254,0.15873015873015872,0.015873015873015872,0.9841269841269841,27,0.42857142857142855,1.0,2026,2026
AJ Casey,Evansville,15,5,8,4,13,3,1,8,1,1,0,0,aj casey,F,Sr,14,5,19,0.7368421052631579,0.5714285714285714,20,0.75,0.5333333333333333,17,0.23529411764705882,0.75,37,0.5135135135135135,0.5789473684210527,9,0.1111111111111111,1.0,0.6,46,0.43478260869565216,0.3695652173913043,0.1956521739130435,0.8043478260869565,1,0.021739130434782608,1.0,2026,2026
Michael Zanoni,Penn,2,1,2,13,15,9,16,22,16,0,0,0,michael zanoni,G,Sr,2,1,3,0.6666666666666666,1.0,3,0.6666666666666666,1.0,28,0.4642857142857143,0.6923076923076923,31,0.4838709677419355,0.7333333333333333,38,0.42105263157894735,1.0,0.8709677419354839,69,0.043478260869565216,0.4057971014492754,0.5507246376811594,0.4492753623188406,0,0.0,,2026,2026
Danilo Jovanovich,Milwaukee,24,11,17,13,14,0,3,2,3,1,0,0,danilo jovanovich,C,Sr,23,11,34,0.6764705882352942,0.7391304347826086,35,0.6857142857142857,0.7083333333333334,27,0.48148148148148145,0.0,62,0.5967741935483871,0.4594594594594595,5,0.6,1.0,0.5,67,0.5223880597014925,0.40298507462686567,0.07462686567164178,0.9253731343283582,1,0.014925373134328358,1.0,2026,2026
Jed Miller,Montana St.,3,1,1,9,5,0,21,31,12,0,0,0,jed miller,G,Sr,3,1,4,0.75,0.3333333333333333,4,0.75,0.3333333333333333,14,0.6428571428571429,0.0,18,0.6666666666666666,0.08333333333333333,52,0.40384615384615385,0.5714285714285714,0.3939393939393939,70,0.05714285714285714,0.2,0.7428571428571429,0.2571428571428571,0,0.0,,2026,2026
Joshua Jefferson,Iowa St.,36,18,12,15,17,5,9,11,8,4,0,1,joshua jefferson,F,Sr,32,18,50,0.64,0.34375,54,0.6666666666666666,0.3333333333333333,32,0.46875,0.3333333333333333,86,0.5930232558139535,0.3333333333333333,20,0.45,0.8888888888888888,0.4166666666666667,106,0.5094339622641509,0.3018867924528302,0.18867924528301888,0.8113207547169812,4,0.03773584905660377,1.0,2026,2026
Aidan Mahaney,UC Santa Barbara,15,18,5,13,13,2,22,29,17,0,0,0,aidan mahaney,G,Sr,15,18,33,0.45454545454545453,0.3333333333333333,33,0.45454545454545453,0.3333333333333333,26,0.5,0.15384615384615385,59,0.4745762711864407,0.25,51,0.43137254901960786,0.7727272727272727,0.48,110,0.3,0.23636363636363636,0.4636363636363636,0.5363636363636364,0,0.0,,2026,2026
Kevin Gad,Saint Mary's,2,1,1,0,2,0,2,3,2,0,0,0,kevin gad,G,Jr,2,1,3,0.6666666666666666,0.5,3,0.6666666666666666,0.5,2,0.0,,5,0.4,0.5,5,0.4,1.0,0.75,10,0.3,0.2,0.5,0.5,0,0.0,,2026,2026
Donovan Oday,Northern Kentucky,24,12,9,3,4,1,12,21,11,4,0,3,donovan oday,G,Sr,20,12,32,0.625,0.3,36,0.6666666666666666,0.375,7,0.42857142857142855,0.3333333333333333,43,0.627906976744186,0.37037037037037035,33,0.36363636363636365,0.9166666666666666,0.5384615384615384,76,0.47368421052631576,0.09210526315789473,0.4342105263157895,0.5657894736842105,4,0.05263157894736842,1.0,2026,2026
Keon Thompson,Stephen F. Austin,23,22,1,15,19,3,7,15,3,1,0,0,keon thompson,G,Sr,22,22,44,0.5,0.045454545454545456,45,0.5111111111111111,0.043478260869565216,34,0.4411764705882353,0.2,79,0.4810126582278481,0.10526315789473684,22,0.3181818181818182,0.42857142857142855,0.15555555555555556,101,0.44554455445544555,0.33663366336633666,0.21782178217821782,0.7821782178217822,1,0.009900990099009901,1.0,2026,2026
Dion Brown,Saint Louis,32,12,17,3,3,0,4,7,4,0,0,0,dion brown,G,Sr,32,12,44,0.7272727272727273,0.53125,44,0.7272727272727273,0.53125,6,0.5,0.0,50,0.7,0.4857142857142857,11,0.36363636363636365,1.0,0.5384615384615384,61,0.7213114754098361,0.09836065573770492,0.18032786885245902,0.819672131147541,0,0.0,,2026,2026
Trevan Leonhardt,Utah Valley,22,11,11,2,7,0,8,13,5,0,0,0,trevan leonhardt,G,Jr,22,11,33,0.6666666666666666,0.5,33,0.6666666666666666,0.5,9,0.2222222222222222,0.0,42,0.5714285714285714,0.4583333333333333,21,0.38095238095238093,0.625,0.5,63,0.5238095238095238,0.14285714285714285,0.3333333333333333,0.6666666666666666,0,0.0,,2026,2026
Juanse Gorosito,San Diego,5,9,4,8,16,0,13,21,10,0,0,0,juanse gorosito,G,Sr,5,9,14,0.35714285714285715,0.8,14,0.35714285714285715,0.8,24,0.3333333333333333,0.0,38,0.34210526315789475,0.3076923076923077,34,0.38235294117647056,0.7692307692307693,0.5384615384615384,72,0.19444444444444445,0.3333333333333333,0.4722222222222222,0.5277777777777778,0,0.0,,2026,2026
Tae Davis,Oklahoma,44,23,19,2,2,1,2,17,2,6,1,5,tae davis,F,Jr,38,22,60,0.6333333333333333,0.3684210526315789,67,0.6567164179104478,0.4318181818181818,4,0.5,0.5,71,0.647887323943662,0.43478260869565216,19,0.10526315789473684,1.0,0.4583333333333333,90,0.7444444444444445,0.044444444444444446,0.2111111111111111,0.7888888888888889,7,0.07777777777777778,0.8571428571428571,2026,2026
Maurice Odum,Arizona St.,3,8,0,15,26,0,30,37,13,0,0,0,maurice odum,G,Sr,3,8,11,0.2727272727272727,0.0,11,0.2727272727272727,0.0,41,0.36585365853658536,0.0,52,0.34615384615384615,0.0,67,0.44776119402985076,0.43333333333333335,0.2708333333333333,119,0.09243697478991597,0.3445378151260504,0.5630252100840336,0.4369747899159664,0,0.0,,2026,2026
Dior Johnson,Tarleton St.,13,3,5,20,23,4,10,5,8,0,0,0,dior johnson,G,Jr,13,3,16,0.8125,0.38461538461538464,16,0.8125,0.38461538461538464,43,0.46511627906976744,0.2,59,0.559322033898305,0.2727272727272727,15,0.6666666666666666,0.8,0.3953488372093023,74,0.21621621621621623,0.581081081081081,0.20270270270270271,0.7972972972972973,0,0.0,,2026,2026
Guillermo Diaz Graham,San Francisco,6,2,3,1,2,0,5,11,5,1,0,1,guillermo diaz graham,F,Sr,5,2,7,0.7142857142857143,0.4,8,0.75,0.5,3,0.3333333333333333,0.0,11,0.6363636363636364,0.42857142857142855,16,0.3125,1.0,0.6666666666666666,27,0.2962962962962963,0.1111111111111111,0.5925925925925926,0.4074074074074074,1,0.037037037037037035,1.0,2026,2026
Leland Walker,Wyoming,24,8,0,13,21,2,7,14,6,0,0,0,leland walker,G,Sr,24,8,32,0.75,0.0,32,0.75,0.0,34,0.38235294117647056,0.15384615384615385,66,0.5606060606060606,0.05405405405405406,21,0.3333333333333333,0.8571428571428571,0.18181818181818182,87,0.367816091954023,0.39080459770114945,0.2413793103448276,0.7586206896551724,0,0.0,,2026,2026
Tayshawn Comer,Nevada,12,21,3,20,17,6,10,21,10,0,0,0,tayshawn comer,G,Sr,12,21,33,0.36363636363636365,0.25,33,0.36363636363636365,0.25,37,0.5405405405405406,0.3,70,0.45714285714285713,0.28125,31,0.3225806451612903,1.0,0.4523809523809524,101,0.32673267326732675,0.36633663366336633,0.3069306930693069,0.693069306930693,0,0.0,,2026,2026
Chase Ross,Marquette,32,18,11,12,13,2,15,32,11,4,0,1,chase ross,G,Sr,28,18,46,0.6086956521739131,0.35714285714285715,50,0.64,0.34375,25,0.48,0.16666666666666666,75,0.5866666666666667,0.29545454545454547,47,0.3191489361702128,0.7333333333333333,0.4067796610169492,122,0.4098360655737705,0.20491803278688525,0.38524590163934425,0.6147540983606558,4,0.03278688524590164,1.0,2026,2026
Tobe Awaka,Arizona,25,13,18,3,6,1,1,1,1,6,1,6,tobe awaka,F,Sr,19,12,31,0.6129032258064516,0.631578947368421,38,0.6578947368421053,0.72,9,0.3333333333333333,0.3333333333333333,47,0.5957446808510638,0.6785714285714286,2,0.5,1.0,0.6896551724137931,49,0.7755102040816326,0.1836734693877551,0.04081632653061224,0.9591836734693877,7,0.14285714285714285,0.8571428571428571,2026,2026
Kyle Evans,UC Irvine,29,10,23,3,5,3,1,3,1,3,0,3,kyle evans,C,Sr,26,10,36,0.7222222222222222,0.7692307692307693,39,0.7435897435897436,0.7931034482758621,8,0.375,1.0,47,0.6808510638297872,0.8125,4,0.25,1.0,0.8181818181818182,51,0.7647058823529411,0.1568627450980392,0.0784313725490196,0.9215686274509803,3,0.058823529411764705,1.0,2026,2026
Brandon Mitchell-Day,Dartmouth,23,10,10,5,9,2,5,13,5,3,0,3,brandon mitchell-day,F,Sr,20,10,30,0.6666666666666666,0.35,33,0.696969696969697,0.43478260869565216,14,0.35714285714285715,0.4,47,0.5957446808510638,0.42857142857142855,18,0.2777777777777778,1.0,0.5151515151515151,65,0.5076923076923077,0.2153846153846154,0.27692307692307694,0.7230769230769231,3,0.046153846153846156,1.0,2026,2026
Brody Robinson,Oakland,17,14,3,1,5,0,21,31,11,0,0,0,brody robinson,G,Sr,17,14,31,0.5483870967741935,0.17647058823529413,31,0.5483870967741935,0.17647058823529413,6,0.16666666666666666,0.0,37,0.4864864864864865,0.16666666666666666,52,0.40384615384615385,0.5238095238095238,0.358974358974359,89,0.34831460674157305,0.06741573033707865,0.5842696629213483,0.4157303370786517,0,0.0,,2026,2026
Kanye Clary,Oklahoma St.,9,13,0,3,6,0,8,18,3,0,0,0,kanye clary,G,Jr,9,13,22,0.4090909090909091,0.0,22,0.4090909090909091,0.0,9,0.3333333333333333,0.0,31,0.3870967741935484,0.0,26,0.3076923076923077,0.375,0.15,57,0.38596491228070173,0.15789473684210525,0.45614035087719296,0.543859649122807,0,0.0,,2026,2026
Blair Thompson,Columbia,17,14,10,1,5,0,17,16,17,0,1,0,blair thompson,G,Sr,17,13,30,0.5666666666666667,0.5882352941176471,31,0.5483870967741935,0.5882352941176471,6,0.16666666666666666,0.0,37,0.4864864864864865,0.5555555555555556,33,0.5151515151515151,1.0,0.7714285714285715,70,0.44285714285714284,0.08571428571428572,0.4714285714285714,0.5285714285714286,1,0.014285714285714285,0.0,2026,2026
Greedy Williams,UNC Wilmington,11,4,2,2,12,0,5,8,4,0,0,0,greedy williams,G,Sr,11,4,15,0.7333333333333333,0.18181818181818182,15,0.7333333333333333,0.18181818181818182,14,0.14285714285714285,0.0,29,0.4482758620689655,0.15384615384615385,13,0.38461538461538464,0.8,0.3333333333333333,42,0.35714285714285715,0.3333333333333333,0.30952380952380953,0.6904761904761905,0,0.0,,2026,2026
Tarris Reed Jr.,Connecticut,20,7,17,3,3,3,0,1,0,4,1,4,tarris reed jr.,C,Sr,16,6,22,0.7272727272727273,0.8125,27,0.7407407407407407,0.85,6,0.5,1.0,33,0.696969696969697,0.8695652173913043,1,0.0,,0.8695652173913043,34,0.7941176470588235,0.17647058823529413,0.029411764705882353,0.9705882352941176,5,0.14705882352941177,0.8,2026,2026
Dylan Andrews,Boise St.,11,9,3,4,16,0,10,23,5,0,0,0,dylan andrews,G,Sr,11,9,20,0.55,0.2727272727272727,20,0.55,0.2727272727272727,20,0.2,0.0,40,0.375,0.2,33,0.30303030303030304,0.5,0.32,73,0.273972602739726,0.273972602739726,0.4520547945205479,0.547945205479452,0,0.0,,2026,2026
Jameel Brown,Delaware,3,7,0,0,1,0,8,7,5,0,0,0,jameel brown,G,Jr,3,7,10,0.3,0.0,10,0.3,0.0,1,0.0,,11,0.2727272727272727,0.0,15,0.5333333333333333,0.625,0.45454545454545453,26,0.38461538461538464,0.038461538461538464,0.5769230769230769,0.4230769230769231,0,0.0,,2026,2026
Shawn Phillips Jr.,Missouri,23,8,13,5,4,3,0,0,0,12,2,9,shawn phillips jr.,C,Sr,11,6,17,0.6470588235294118,0.36363636363636365,31,0.7419354838709677,0.5652173913043478,9,0.5555555555555556,0.6,40,0.7,0.5714285714285714,0,,,0.5714285714285714,40,0.775,0.225,0.0,1.0,14,0.35,0.8571428571428571,2026,2026
Miles Byrd,San Diego St.,10,3,5,3,9,1,11,22,10,2,0,1,miles byrd,G,Jr,8,3,11,0.7272727272727273,0.5,13,0.7692307692307693,0.5,12,0.25,0.3333333333333333,25,0.52,0.46153846153846156,33,0.3333333333333333,0.9090909090909091,0.6666666666666666,58,0.22413793103448276,0.20689655172413793,0.5689655172413793,0.43103448275862066,2,0.034482758620689655,1.0,2026,2026
Brody Rowbury,Idaho,14,7,8,4,5,0,2,4,2,0,0,0,brody rowbury,F,Sr,14,7,21,0.6666666666666666,0.5714285714285714,21,0.6666666666666666,0.5714285714285714,9,0.4444444444444444,0.0,30,0.6,0.4444444444444444,6,0.3333333333333333,1.0,0.5,36,0.5833333333333334,0.25,0.16666666666666666,0.8333333333333334,0,0.0,,2026,2026
Jamarques Lawrence,Nebraska,7,1,4,3,6,2,15,18,12,1,0,0,jamarques lawrence,G,Sr,6,1,7,0.8571428571428571,0.6666666666666666,8,0.875,0.5714285714285714,9,0.3333333333333333,0.6666666666666666,17,0.5882352941176471,0.6,33,0.45454545454545453,0.8,0.72,50,0.16,0.18,0.66,0.34,1,0.02,1.0,2026,2026
Justin Bailey,Georgia,3,4,1,1,0,0,15,20,13,0,0,0,justin bailey,G,Sr,3,4,7,0.42857142857142855,0.3333333333333333,7,0.42857142857142855,0.3333333333333333,1,1.0,0.0,8,0.5,0.25,35,0.42857142857142855,0.8666666666666667,0.7368421052631579,43,0.16279069767441862,0.023255813953488372,0.813953488372093,0.18604651162790697,0,0.0,,2026,2026
Braxton Stacker,Southeast Missouri St.,13,8,2,10,10,4,16,32,13,5,0,2,braxton stacker,G,Sr,8,8,16,0.5,0.0,21,0.6190476190476191,0.15384615384615385,20,0.5,0.4,41,0.5609756097560976,0.2608695652173913,48,0.3333333333333333,0.8125,0.48717948717948717,89,0.23595505617977527,0.2247191011235955,0.5393258426966292,0.4606741573033708,5,0.056179775280898875,1.0,2026,2026
Adam Hinton,Cornell,21,12,10,3,8,1,20,18,19,3,1,3,adam hinton,G,Sr,18,11,29,0.6206896551724138,0.3888888888888889,33,0.6363636363636364,0.47619047619047616,11,0.2727272727272727,0.3333333333333333,44,0.5454545454545454,0.4583333333333333,38,0.5263157894736842,0.95,0.6818181818181818,82,0.4024390243902439,0.13414634146341464,0.4634146341463415,0.5365853658536586,4,0.04878048780487805,0.75,2026,2026
Anthony Dell'Orso,Arizona,11,8,6,6,6,4,12,17,12,1,0,0,anthony dell'orso,G,Sr,10,8,18,0.5555555555555556,0.6,19,0.5789473684210527,0.5454545454545454,12,0.5,0.6666666666666666,31,0.5483870967741935,0.5882352941176471,29,0.41379310344827586,1.0,0.7586206896551724,60,0.31666666666666665,0.2,0.48333333333333334,0.5166666666666667,1,0.016666666666666666,1.0,2026,2026
Tony Osburn,Nebraska Omaha,7,6,2,14,9,1,14,29,9,0,0,0,tony osburn,G,Sr,7,6,13,0.5384615384615384,0.2857142857142857,13,0.5384615384615384,0.2857142857142857,23,0.6086956521739131,0.07142857142857142,36,0.5833333333333334,0.14285714285714285,43,0.32558139534883723,0.6428571428571429,0.34285714285714286,79,0.16455696202531644,0.2911392405063291,0.5443037974683544,0.45569620253164556,0,0.0,,2026,2026
Larry Hughes II,Cal St. Northridge,4,9,2,13,19,3,29,31,22,1,0,0,larry hughes ii,G,Sr,3,9,12,0.25,0.6666666666666666,13,0.3076923076923077,0.5,32,0.40625,0.23076923076923078,45,0.37777777777777777,0.29411764705882354,60,0.48333333333333334,0.7586206896551724,0.5869565217391305,105,0.12380952380952381,0.3047619047619048,0.5714285714285714,0.42857142857142855,1,0.009523809523809525,1.0,2026,2026
Garry Clark,Utah St.,22,6,10,5,11,4,0,0,0,2,0,2,garry clark,C,Sr,20,6,26,0.7692307692307693,0.4,28,0.7857142857142857,0.45454545454545453,16,0.3125,0.8,44,0.6136363636363636,0.5185185185185185,0,,,0.5185185185185185,44,0.6363636363636364,0.36363636363636365,0.0,1.0,2,0.045454545454545456,1.0,2026,2026
Steven Jamerson II,UCLA,6,2,5,1,2,1,0,0,0,4,0,4,steven jamerson ii,C,Sr,2,2,4,0.5,0.5,8,0.75,0.8333333333333334,3,0.3333333333333333,1.0,11,0.6363636363636364,0.8571428571428571,0,,,0.8571428571428571,11,0.7272727272727273,0.2727272727272727,0.0,1.0,4,0.36363636363636365,1.0,2026,2026
Corey Washington,SMU,24,8,10,7,7,3,8,16,8,4,1,3,corey washington,F,Sr,20,7,27,0.7407407407407407,0.35,32,0.75,0.4166666666666667,14,0.5,0.42857142857142855,46,0.6739130434782609,0.41935483870967744,24,0.3333333333333333,1.0,0.5384615384615384,70,0.45714285714285713,0.2,0.34285714285714286,0.6571428571428571,5,0.07142857142857142,0.8,2026,2026
Marcell McCreary,UT Arlington,13,11,2,6,9,1,9,19,8,1,1,1,marcell mccreary,G,Sr,12,10,22,0.5454545454545454,0.08333333333333333,24,0.5416666666666666,0.15384615384615385,15,0.4,0.16666666666666666,39,0.48717948717948717,0.15789473684210525,28,0.32142857142857145,0.8888888888888888,0.39285714285714285,67,0.3582089552238806,0.22388059701492538,0.417910447761194,0.582089552238806,2,0.029850746268656716,0.5,2026,2026
Rytis Petraitis,California,11,5,8,1,2,0,2,3,2,1,0,1,rytis petraitis,F,Sr,10,5,15,0.6666666666666666,0.7,16,0.6875,0.7272727272727273,3,0.3333333333333333,0.0,19,0.631578947368421,0.6666666666666666,5,0.4,1.0,0.7142857142857143,24,0.6666666666666666,0.125,0.20833333333333334,0.7916666666666666,1,0.041666666666666664,1.0,2026,2026
Emmanuel Okorafor,Wichita St.,19,6,13,5,9,2,0,0,0,5,1,5,emmanuel okorafor,C,Sr,14,5,19,0.7368421052631579,0.5714285714285714,25,0.76,0.6842105263157895,14,0.35714285714285715,0.4,39,0.6153846153846154,0.625,0,,,0.625,39,0.6410256410256411,0.358974358974359,0.0,1.0,6,0.15384615384615385,0.8333333333333334,2026,2026
Simeon Wilcher,Texas,7,9,1,0,5,0,14,15,11,0,1,0,simeon wilcher,G,Jr,7,8,15,0.4666666666666667,0.14285714285714285,16,0.4375,0.14285714285714285,5,0.0,,21,0.3333333333333333,0.14285714285714285,29,0.4827586206896552,0.7857142857142857,0.5714285714285714,50,0.32,0.1,0.58,0.42,1,0.02,0.0,2026,2026
Kanaan Carlyle,Florida Atlantic,7,4,4,16,10,0,13,34,9,0,0,0,kanaan carlyle,G,Jr,7,4,11,0.6363636363636364,0.5714285714285714,11,0.6363636363636364,0.5714285714285714,26,0.6153846153846154,0.0,37,0.6216216216216216,0.17391304347826086,47,0.2765957446808511,0.6923076923076923,0.3611111111111111,84,0.13095238095238096,0.30952380952380953,0.5595238095238095,0.44047619047619047,0,0.0,,2026,2026
Terri Miller Jr.,Portland St.,21,10,9,4,9,0,9,12,8,0,1,0,terri miller jr.,F,Sr,21,9,30,0.7,0.42857142857142855,31,0.6774193548387096,0.42857142857142855,13,0.3076923076923077,0.0,44,0.5681818181818182,0.36,21,0.42857142857142855,0.8888888888888888,0.5,65,0.47692307692307695,0.2,0.3230769230769231,0.676923076923077,1,0.015384615384615385,0.0,2026,2026
Jaylin Henderson,Portland St.,19,18,1,4,13,0,6,25,6,3,0,0,jaylin henderson,G,Sr,16,18,34,0.47058823529411764,0.0625,37,0.5135135135135135,0.05263157894736842,17,0.23529411764705882,0.0,54,0.42592592592592593,0.043478260869565216,31,0.1935483870967742,1.0,0.2413793103448276,85,0.43529411764705883,0.2,0.36470588235294116,0.6352941176470588,3,0.03529411764705882,1.0,2026,2026
John Blackwell,Wisconsin,13,12,4,9,23,2,29,38,23,0,0,0,john blackwell,G,Jr,13,12,25,0.52,0.3076923076923077,25,0.52,0.3076923076923077,32,0.28125,0.2222222222222222,57,0.38596491228070173,0.2727272727272727,67,0.43283582089552236,0.7931034482758621,0.5686274509803921,124,0.20161290322580644,0.25806451612903225,0.5403225806451613,0.4596774193548387,0,0.0,,2026,2026
Nolan Winter,Wisconsin,35,9,24,4,5,3,4,19,4,15,3,13,nolan winter,F,Jr,20,6,26,0.7692307692307693,0.55,44,0.7954545454545454,0.6857142857142857,9,0.4444444444444444,0.75,53,0.7358490566037735,0.6923076923076923,23,0.17391304347826086,1.0,0.7209302325581395,76,0.5789473684210527,0.11842105263157894,0.3026315789473684,0.6973684210526315,18,0.23684210526315788,0.8333333333333334,2026,2026
Gus Yalden,Vermont,32,11,9,10,10,1,10,15,10,1,0,1,gus yalden,F,So,31,11,42,0.7380952380952381,0.25806451612903225,43,0.7441860465116279,0.28125,20,0.5,0.1,63,0.6666666666666666,0.23809523809523808,25,0.4,1.0,0.38461538461538464,88,0.48863636363636365,0.22727272727272727,0.2840909090909091,0.7159090909090909,1,0.011363636363636364,1.0,2026,2026
Tre'shawn Sheppard,LIU,12,8,4,1,2,0,2,2,2,1,0,0,tre'shawn sheppard,F,Jr,11,8,19,0.5789473684210527,0.36363636363636365,20,0.6,0.3333333333333333,3,0.3333333333333333,0.0,23,0.5652173913043478,0.3076923076923077,4,0.5,1.0,0.4,27,0.7407407407407407,0.1111111111111111,0.14814814814814814,0.8518518518518519,1,0.037037037037037035,1.0,2026,2026
Jaylen Carey,Tennessee,35,18,20,2,9,2,0,2,0,3,0,3,jaylen carey,C,Jr,32,18,50,0.64,0.53125,53,0.660377358490566,0.5714285714285714,11,0.18181818181818182,1.0,64,0.578125,0.5945945945945946,2,0.0,,0.5945945945945946,66,0.803030303030303,0.16666666666666666,0.030303030303030304,0.9696969696969697,3,0.045454545454545456,1.0,2026,2026
AJ Dancler,Coastal Carolina,15,18,0,6,25,0,21,35,14,0,0,0,aj dancler,G,Jr,15,18,33,0.45454545454545453,0.0,33,0.45454545454545453,0.0,31,0.1935483870967742,0.0,64,0.328125,0.0,56,0.375,0.6666666666666666,0.3333333333333333,120,0.275,0.25833333333333336,0.4666666666666667,0.5333333333333333,0,0.0,,2026,2026
Milan Momcilovic,Iowa St.,6,2,4,15,15,6,37,32,33,1,0,0,milan momcilovic,F,Jr,5,2,7,0.7142857142857143,0.8,8,0.75,0.6666666666666666,30,0.5,0.4,38,0.5526315789473685,0.47619047619047616,69,0.5362318840579711,0.8918918918918919,0.7413793103448276,107,0.07476635514018691,0.2803738317757009,0.6448598130841121,0.35514018691588783,1,0.009345794392523364,1.0,2026,2026
Dani Pounds,Tennessee Tech,24,10,11,6,14,2,4,4,4,10,1,6,dani pounds,F,Jr,14,9,23,0.6086956521739131,0.35714285714285715,34,0.7058823529411765,0.4583333333333333,20,0.3,0.3333333333333333,54,0.5555555555555556,0.43333333333333335,8,0.5,1.0,0.5,62,0.5483870967741935,0.3225806451612903,0.12903225806451613,0.8709677419354839,11,0.1774193548387097,0.9090909090909091,2026,2026
Jamir Simpson,UTSA,10,15,1,5,6,1,20,29,15,1,0,0,jamir simpson,G,Sr,9,15,24,0.375,0.1111111111111111,25,0.4,0.1,11,0.45454545454545453,0.2,36,0.4166666666666667,0.13333333333333333,49,0.40816326530612246,0.75,0.4857142857142857,85,0.29411764705882354,0.12941176470588237,0.5764705882352941,0.4235294117647059,1,0.011764705882352941,1.0,2026,2026
Jace Posey,TCU,19,15,12,1,3,0,0,5,0,1,0,1,jace posey,G,So,18,15,33,0.5454545454545454,0.6111111111111112,34,0.5588235294117647,0.631578947368421,4,0.25,0.0,38,0.5263157894736842,0.6,5,0.0,,0.6,43,0.7906976744186046,0.09302325581395349,0.11627906976744186,0.8837209302325582,1,0.023255813953488372,1.0,2026,2026
Bangot Dak,Colorado,33,18,25,4,13,3,3,10,3,15,0,13,bangot dak,C,Jr,18,18,36,0.5,0.6666666666666666,51,0.6470588235294118,0.7575757575757576,17,0.23529411764705882,0.75,68,0.5441176470588235,0.7567567567567568,13,0.23076923076923078,1.0,0.775,81,0.6296296296296297,0.20987654320987653,0.16049382716049382,0.8395061728395061,15,0.18518518518518517,1.0,2026,2026
Rodney Brown Jr.,Loyola Marymount,3,9,1,10,8,3,25,42,16,1,0,1,rodney brown jr.,G,Jr,2,9,11,0.18181818181818182,0.0,12,0.25,0.3333333333333333,18,0.5555555555555556,0.3,30,0.43333333333333335,0.3076923076923077,67,0.373134328358209,0.64,0.5263157894736842,97,0.12371134020618557,0.18556701030927836,0.6907216494845361,0.30927835051546393,1,0.010309278350515464,1.0,2026,2026
Boden Kapke,Boston College,17,14,11,6,13,3,9,15,9,3,0,2,boden kapke,F,Jr,14,14,28,0.5,0.6428571428571429,31,0.5483870967741935,0.6470588235294118,19,0.3157894736842105,0.5,50,0.46,0.6086956521739131,24,0.375,1.0,0.71875,74,0.4189189189189189,0.25675675675675674,0.32432432432432434,0.6756756756756757,3,0.04054054054054054,1.0,2026,2026
Finley Bizjack,Butler,16,10,3,13,10,4,26,36,23,0,0,0,finley bizjack,G,Jr,16,10,26,0.6153846153846154,0.1875,26,0.6153846153846154,0.1875,23,0.5652173913043478,0.3076923076923077,49,0.5918367346938775,0.2413793103448276,62,0.41935483870967744,0.8846153846153846,0.5454545454545454,111,0.23423423423423423,0.2072072072072072,0.5585585585585585,0.44144144144144143,0,0.0,,2026,2026
Nic McClain,Belmont,20,11,4,2,5,0,7,12,3,2,0,1,nic mcclain,G,Sr,18,11,29,0.6206896551724138,0.16666666666666666,31,0.6451612903225806,0.2,7,0.2857142857142857,0.0,38,0.5789473684210527,0.18181818181818182,19,0.3684210526315789,0.42857142857142855,0.2413793103448276,57,0.543859649122807,0.12280701754385964,0.3333333333333333,0.6666666666666666,2,0.03508771929824561,1.0,2026,2026
Gabe Cupps,Ohio St.,2,1,0,0,1,0,3,9,3,0,0,0,gabe cupps,G,So,2,1,3,0.6666666666666666,0.0,3,0.6666666666666666,0.0,1,0.0,,4,0.5,0.0,12,0.25,1.0,0.6,16,0.1875,0.0625,0.75,0.25,0,0.0,,2026,2026
Eli Shetlar,Drake,3,3,3,0,1,0,10,21,9,0,0,0,eli shetlar,G,Jr,3,3,6,0.5,1.0,6,0.5,1.0,1,0.0,,7,0.42857142857142855,1.0,31,0.3225806451612903,0.9,0.9230769230769231,38,0.15789473684210525,0.02631578947368421,0.8157894736842105,0.18421052631578946,0,0.0,,2026,2026
Jaden Daughtry,Richmond,30,8,10,1,10,0,4,5,4,5,0,3,jaden daughtry,F,Jr,25,8,33,0.7575757575757576,0.28,38,0.7894736842105263,0.3333333333333333,11,0.09090909090909091,0.0,49,0.6326530612244898,0.3225806451612903,9,0.4444444444444444,1.0,0.4,58,0.6551724137931034,0.1896551724137931,0.15517241379310345,0.8448275862068966,5,0.08620689655172414,1.0,2026,2026
Derek Vorst,Indiana St.,8,4,5,1,2,1,1,0,1,2,0,2,derek vorst,F,Jr,6,4,10,0.6,0.5,12,0.6666666666666666,0.625,3,0.3333333333333333,1.0,15,0.6,0.6666666666666666,1,1.0,1.0,0.7,16,0.75,0.1875,0.0625,0.9375,2,0.125,1.0,2026,2026
Jaland Lowe,Kentucky,2,8,0,0,1,0,2,7,1,0,0,0,jaland lowe,G,Jr,2,8,10,0.2,0.0,10,0.2,0.0,1,0.0,,11,0.18181818181818182,0.0,9,0.2222222222222222,0.5,0.25,20,0.5,0.05,0.45,0.55,0,0.0,,2026,2026
Papa Amadou Kante,Pittsburgh,7,9,6,2,0,1,0,2,0,4,1,4,papa amadou kante,F,So,3,8,11,0.2727272727272727,0.6666666666666666,16,0.4375,0.8571428571428571,2,1.0,0.5,18,0.5,0.7777777777777778,2,0.0,,0.7777777777777778,20,0.8,0.1,0.1,0.9,5,0.25,0.8,2026,2026
Naithan George,Syracuse,12,7,3,4,12,0,9,20,3,0,0,0,naithan george,G,Jr,12,7,19,0.631578947368421,0.25,19,0.631578947368421,0.25,16,0.25,0.0,35,0.45714285714285713,0.1875,29,0.3103448275862069,0.3333333333333333,0.24,64,0.296875,0.25,0.453125,0.546875,0,0.0,,2026,2026
Avantae Parker,Queens,32,10,14,2,3,1,1,4,1,7,0,2,avantae parker,F,Jr,25,10,35,0.7142857142857143,0.48,42,0.7619047619047619,0.4375,5,0.4,0.5,47,0.723404255319149,0.4411764705882353,5,0.2,1.0,0.45714285714285713,52,0.8076923076923077,0.09615384615384616,0.09615384615384616,0.9038461538461539,7,0.1346153846153846,1.0,2026,2026
Keyshawn Mitchell,VCU,3,1,3,1,2,1,3,7,3,1,0,1,keyshawn mitchell,F,Jr,2,1,3,0.6666666666666666,1.0,4,0.75,1.0,3,0.3333333333333333,1.0,7,0.5714285714285714,1.0,10,0.3,1.0,1.0,17,0.23529411764705882,0.17647058823529413,0.5882352941176471,0.4117647058823529,1,0.058823529411764705,1.0,2026,2026
Almar Atlason,Miami OH,8,1,4,1,2,0,11,15,10,2,0,1,almar atlason,F,Jr,6,1,7,0.8571428571428571,0.5,9,0.8888888888888888,0.5,3,0.3333333333333333,0.0,12,0.75,0.4444444444444444,26,0.4230769230769231,0.9090909090909091,0.7,38,0.23684210526315788,0.07894736842105263,0.6842105263157895,0.3157894736842105,2,0.05263157894736842,1.0,2026,2026
Aaron Davis,Bryant,5,3,1,1,4,1,5,16,3,0,0,0,aaron davis,G,Jr,5,3,8,0.625,0.2,8,0.625,0.2,5,0.2,1.0,13,0.46153846153846156,0.3333333333333333,21,0.23809523809523808,0.6,0.45454545454545453,34,0.23529411764705882,0.14705882352941177,0.6176470588235294,0.38235294117647056,0,0.0,,2026,2026
"Darin Smith, Jr.",Central Connecticut,17,11,7,11,17,2,16,30,14,2,0,2,"darin smith, jr.",G,So,15,11,26,0.5769230769230769,0.3333333333333333,28,0.6071428571428571,0.4117647058823529,28,0.39285714285714285,0.18181818181818182,56,0.5,0.32142857142857145,46,0.34782608695652173,0.875,0.5227272727272727,102,0.27450980392156865,0.27450980392156865,0.45098039215686275,0.5490196078431373,2,0.0196078431372549,1.0,2026,2026
David Terrell Jr.,North Texas,16,15,3,3,8,0,6,11,4,3,0,0,david terrell jr.,G,Jr,13,15,28,0.4642857142857143,0.23076923076923078,31,0.5161290322580645,0.1875,11,0.2727272727272727,0.0,42,0.4523809523809524,0.15789473684210525,17,0.35294117647058826,0.6666666666666666,0.28,59,0.5254237288135594,0.1864406779661017,0.288135593220339,0.711864406779661,3,0.05084745762711865,1.0,2026,2026
Jake Wahlin,Clemson,13,6,5,0,0,0,11,16,10,3,0,3,jake wahlin,F,Jr,10,6,16,0.625,0.2,19,0.6842105263157895,0.38461538461538464,0,,,19,0.6842105263157895,0.38461538461538464,27,0.4074074074074074,0.9090909090909091,0.625,46,0.41304347826086957,0.0,0.5869565217391305,0.41304347826086957,3,0.06521739130434782,1.0,2026,2026
Dontae Horne,Prairie View A&M,6,8,2,12,14,0,2,10,2,0,0,0,dontae horne,G,Sr,6,8,14,0.42857142857142855,0.3333333333333333,14,0.42857142857142855,0.3333333333333333,26,0.46153846153846156,0.0,40,0.45,0.1111111111111111,12,0.16666666666666666,1.0,0.2,52,0.2692307692307692,0.5,0.23076923076923078,0.7692307692307693,0,0.0,,2026,2026
Kwo Agwa,UT Rio Grande Valley,5,3,4,2,2,1,1,0,1,1,0,1,kwo agwa,F,Sr,4,3,7,0.5714285714285714,0.75,8,0.625,0.8,4,0.5,0.5,12,0.5833333333333334,0.7142857142857143,1,1.0,1.0,0.75,13,0.6153846153846154,0.3076923076923077,0.07692307692307693,0.9230769230769231,1,0.07692307692307693,1.0,2026,2026
Terrence Brown,Utah,51,38,13,4,18,1,14,26,14,6,0,2,terrence brown,G,Jr,45,38,83,0.5421686746987951,0.24444444444444444,89,0.5730337078651685,0.2549019607843137,22,0.18181818181818182,0.25,111,0.4954954954954955,0.2545454545454545,40,0.35,1.0,0.4057971014492754,151,0.5894039735099338,0.1456953642384106,0.26490066225165565,0.7350993377483444,6,0.039735099337748346,1.0,2026,2026
Chuck Bailey III,Nevada,8,12,5,6,19,3,10,16,10,0,0,0,chuck bailey iii,G,Jr,8,12,20,0.4,0.625,20,0.4,0.625,25,0.24,0.5,45,0.3111111111111111,0.5714285714285714,26,0.38461538461538464,1.0,0.75,71,0.28169014084507044,0.352112676056338,0.36619718309859156,0.6338028169014085,0,0.0,,2026,2026
Joshua Hughes,Evansville,11,5,5,3,9,1,8,9,7,3,0,2,joshua hughes,F,Jr,8,5,13,0.6153846153846154,0.375,16,0.6875,0.45454545454545453,12,0.25,0.3333333333333333,28,0.5,0.42857142857142855,17,0.47058823529411764,0.875,0.5909090909090909,45,0.35555555555555557,0.26666666666666666,0.37777777777777777,0.6222222222222222,3,0.06666666666666667,1.0,2026,2026
Corey Hadnot II,Purdue Fort Wayne,40,16,8,3,12,1,17,25,15,5,0,1,corey hadnot ii,G,Jr,35,16,51,0.6862745098039216,0.2,56,0.7142857142857143,0.2,15,0.2,0.3333333333333333,71,0.6056338028169014,0.20930232558139536,42,0.40476190476190477,0.8823529411764706,0.4,113,0.49557522123893805,0.13274336283185842,0.37168141592920356,0.6283185840707964,5,0.04424778761061947,1.0,2026,2026
Myles Colvin,Wake Forest,21,18,6,3,13,0,15,31,13,8,2,4,myles colvin,G,Jr,13,16,29,0.4482758620689655,0.15384615384615385,39,0.5384615384615384,0.2857142857142857,16,0.1875,0.0,55,0.43636363636363634,0.25,46,0.32608695652173914,0.8666666666666667,0.48717948717948717,101,0.38613861386138615,0.15841584158415842,0.45544554455445546,0.5445544554455446,10,0.09900990099009901,0.8,2026,2026
Marcus Hill,Texas A&M,22,12,11,2,6,1,6,18,6,0,0,0,marcus hill,G,Sr,22,12,34,0.6470588235294118,0.5,34,0.6470588235294118,0.5,8,0.25,0.5,42,0.5714285714285714,0.5,24,0.25,1.0,0.6,66,0.5151515151515151,0.12121212121212122,0.36363636363636365,0.6363636363636364,0,0.0,,2026,2026
Keonte Jones,Dayton,25,19,12,3,5,2,6,6,6,7,0,4,keonte jones,G,Sr,18,19,37,0.4864864864864865,0.4444444444444444,44,0.5681818181818182,0.48,8,0.375,0.6666666666666666,52,0.5384615384615384,0.5,12,0.5,1.0,0.5882352941176471,64,0.6875,0.125,0.1875,0.8125,7,0.109375,1.0,2026,2026
Mahmoud Fofana,Cal St. Northridge,27,21,19,1,7,0,1,4,1,2,0,2,mahmoud fofana,F,Sr,25,21,46,0.5434782608695652,0.68,48,0.5625,0.7037037037037037,8,0.125,0.0,56,0.5,0.6785714285714286,5,0.2,1.0,0.6896551724137931,61,0.7868852459016393,0.13114754098360656,0.08196721311475409,0.9180327868852459,2,0.03278688524590164,1.0,2026,2026
Jacob Meyer,UAB,20,9,5,19,30,14,11,28,11,0,0,0,jacob meyer,G,Jr,20,9,29,0.6896551724137931,0.25,29,0.6896551724137931,0.25,49,0.3877551020408163,0.7368421052631579,78,0.5,0.48717948717948717,39,0.28205128205128205,1.0,0.6,117,0.24786324786324787,0.4188034188034188,0.3333333333333333,0.6666666666666666,0,0.0,,2026,2026
Mason Jones,Ball St.,3,6,2,4,2,1,7,8,6,1,0,0,mason jones,G,Jr,2,6,8,0.25,1.0,9,0.3333333333333333,0.6666666666666666,6,0.6666666666666666,0.25,15,0.4666666666666667,0.42857142857142855,15,0.4666666666666667,0.8571428571428571,0.6428571428571429,30,0.3,0.2,0.5,0.5,1,0.03333333333333333,1.0,2026,2026
Jaylen Jones,Jacksonville,21,16,1,2,3,0,9,11,5,3,0,0,jaylen jones,G,Jr,18,16,34,0.5294117647058824,0.05555555555555555,37,0.5675675675675675,0.047619047619047616,5,0.4,0.0,42,0.5476190476190477,0.043478260869565216,20,0.45,0.5555555555555556,0.1875,62,0.5967741935483871,0.08064516129032258,0.3225806451612903,0.6774193548387096,3,0.04838709677419355,1.0,2026,2026
Drew Scharnowski,Belmont,28,8,16,0,3,0,0,2,0,10,3,7,drew scharnowski,C,So,18,5,23,0.782608695652174,0.5,36,0.7777777777777778,0.5714285714285714,3,0.0,,39,0.717948717948718,0.5714285714285714,2,0.0,,0.5714285714285714,41,0.8780487804878049,0.07317073170731707,0.04878048780487805,0.9512195121951219,13,0.3170731707317073,0.7692307692307693,2026,2026
Blake Buchanan,Iowa St.,30,9,20,6,8,3,0,0,0,16,3,12,blake buchanan,C,Jr,14,6,20,0.7,0.5714285714285714,39,0.7692307692307693,0.6666666666666666,14,0.42857142857142855,0.5,53,0.6792452830188679,0.6388888888888888,0,,,0.6388888888888888,53,0.7358490566037735,0.2641509433962264,0.0,1.0,19,0.3584905660377358,0.8421052631578947,2026,2026
Seth Joba,Idaho,8,2,3,2,0,1,9,13,9,2,0,1,seth joba,F,Jr,6,2,8,0.75,0.3333333333333333,10,0.8,0.375,2,1.0,0.5,12,0.8333333333333334,0.4,22,0.4090909090909091,1.0,0.6842105263157895,34,0.29411764705882354,0.058823529411764705,0.6470588235294118,0.35294117647058826,2,0.058823529411764705,1.0,2026,2026
Noah Barnett,Vermont,11,3,6,1,2,1,0,0,0,4,0,4,noah barnett,C,Jr,7,3,10,0.7,0.2857142857142857,14,0.7857142857142857,0.5454545454545454,3,0.3333333333333333,1.0,17,0.7058823529411765,0.5833333333333334,0,,,0.5833333333333334,17,0.8235294117647058,0.17647058823529413,0.0,1.0,4,0.23529411764705882,1.0,2026,2026
Owen Freeman,Creighton,34,11,22,3,4,1,0,0,0,10,1,9,owen freeman,C,Jr,24,10,34,0.7058823529411765,0.5416666666666666,45,0.7555555555555555,0.6470588235294118,7,0.42857142857142855,0.3333333333333333,52,0.7115384615384616,0.6216216216216216,0,,,0.6216216216216216,52,0.8653846153846154,0.1346153846153846,0.0,1.0,11,0.21153846153846154,0.9090909090909091,2026,2026
Jason Rivera-Torres,Monmouth,22,24,6,13,16,0,10,29,6,3,1,2,jason rivera-torres,F,Jr,19,23,42,0.4523809523809524,0.21052631578947367,46,0.4782608695652174,0.2727272727272727,29,0.4482758620689655,0.0,75,0.4666666666666667,0.17142857142857143,39,0.2564102564102564,0.6,0.26666666666666666,114,0.40350877192982454,0.2543859649122807,0.34210526315789475,0.6578947368421053,4,0.03508771929824561,0.75,2026,2026
Jeremy Fears Jr.,Michigan St.,8,7,3,13,21,2,8,13,7,0,0,0,jeremy fears jr.,G,Jr,8,7,15,0.5333333333333333,0.375,15,0.5333333333333333,0.375,34,0.38235294117647056,0.15384615384615385,49,0.42857142857142855,0.23809523809523808,21,0.38095238095238093,0.875,0.41379310344827586,70,0.21428571428571427,0.4857142857142857,0.3,0.7,0,0.0,,2026,2026
Jasper Floyd,West Virginia,13,15,2,8,12,0,6,8,4,0,0,0,jasper floyd,G,Sr,13,15,28,0.4642857142857143,0.15384615384615385,28,0.4642857142857143,0.15384615384615385,20,0.4,0.0,48,0.4375,0.09523809523809523,14,0.42857142857142855,0.6666666666666666,0.2222222222222222,62,0.45161290322580644,0.3225806451612903,0.22580645161290322,0.7741935483870968,0,0.0,,2026,2026
Takai Simpkins,Oregon,10,14,2,4,1,1,23,33,22,1,0,0,takai simpkins,G,Sr,9,14,23,0.391304347826087,0.2222222222222222,24,0.4166666666666667,0.2,5,0.8,0.25,29,0.4827586206896552,0.21428571428571427,56,0.4107142857142857,0.9565217391304348,0.6756756756756757,85,0.2823529411764706,0.058823529411764705,0.6588235294117647,0.3411764705882353,1,0.011764705882352941,1.0,2026,2026
Jayden Ross,Connecticut,9,8,6,2,2,1,8,11,8,6,1,4,jayden ross,F,Jr,3,7,10,0.3,0.6666666666666666,17,0.5294117647058824,0.6666666666666666,4,0.5,0.5,21,0.5238095238095238,0.6363636363636364,19,0.42105263157894735,1.0,0.7894736842105263,40,0.425,0.1,0.475,0.525,7,0.175,0.8571428571428571,2026,2026
Fred Payne,Boston College,15,11,4,9,16,1,21,38,13,1,0,0,fred payne,G,So,14,11,25,0.56,0.2857142857142857,26,0.5769230769230769,0.26666666666666666,25,0.36,0.1111111111111111,51,0.47058823529411764,0.20833333333333334,59,0.3559322033898305,0.6190476190476191,0.4,110,0.23636363636363636,0.22727272727272727,0.5363636363636364,0.4636363636363636,1,0.00909090909090909,1.0,2026,2026
Emmanuel Ugbo,Washington St.,10,3,5,6,4,2,7,11,6,1,1,1,emmanuel ugbo,F,Sr,9,2,11,0.8181818181818182,0.4444444444444444,13,0.7692307692307693,0.5,10,0.6,0.3333333333333333,23,0.6956521739130435,0.4375,18,0.3888888888888889,0.8571428571428571,0.5652173913043478,41,0.3170731707317073,0.24390243902439024,0.43902439024390244,0.5609756097560976,2,0.04878048780487805,0.5,2026,2026
TJ Biel,Maine,20,16,10,15,22,5,13,24,13,6,3,5,tj biel,F,Sr,14,13,27,0.5185185185185185,0.35714285714285715,36,0.5555555555555556,0.5,37,0.40540540540540543,0.3333333333333333,73,0.4794520547945205,0.42857142857142855,37,0.35135135135135137,1.0,0.5833333333333334,110,0.32727272727272727,0.33636363636363636,0.33636363636363636,0.6636363636363637,9,0.08181818181818182,0.6666666666666666,2026,2026
Will Heimbrodt,Seattle,31,8,9,3,10,0,6,7,6,1,0,0,will heimbrodt,F,So,30,8,38,0.7894736842105263,0.3,39,0.7948717948717948,0.2903225806451613,13,0.23076923076923078,0.0,52,0.6538461538461539,0.2647058823529412,13,0.46153846153846156,1.0,0.375,65,0.6,0.2,0.2,0.8,1,0.015384615384615385,1.0,2026,2026
Isaiah Coleman,Oklahoma St.,17,10,12,7,8,4,1,13,0,5,2,3,isaiah coleman,G,Jr,12,8,20,0.6,0.75,27,0.6296296296296297,0.7058823529411765,15,0.4666666666666667,0.5714285714285714,42,0.5714285714285714,0.6666666666666666,14,0.07142857142857142,0.0,0.64,56,0.48214285714285715,0.26785714285714285,0.25,0.75,7,0.125,0.7142857142857143,2026,2026
Bukky Oboye,Santa Clara,29,8,22,1,3,1,3,3,3,16,1,13,bukky oboye,C,So,13,7,20,0.65,0.6923076923076923,37,0.7837837837837838,0.7586206896551724,4,0.25,1.0,41,0.7317073170731707,0.7666666666666667,6,0.5,1.0,0.7878787878787878,47,0.7872340425531915,0.0851063829787234,0.1276595744680851,0.8723404255319149,17,0.3617021276595745,0.9411764705882353,2026,2026
Marvin Musiime-Kamali,Akron,11,6,7,0,0,0,0,0,0,0,0,0,marvin musiime-kamali,G,Jr,11,6,17,0.6470588235294118,0.6363636363636364,17,0.6470588235294118,0.6363636363636364,0,,,17,0.6470588235294118,0.6363636363636364,0,,,0.6363636363636364,17,1.0,0.0,0.0,1.0,0,0.0,,2026,2026
Luke Wilson,Appalachian St.,17,9,12,3,5,0,0,0,0,7,2,6,luke wilson,C,So,10,7,17,0.5882352941176471,0.6,26,0.6538461538461539,0.7058823529411765,8,0.375,0.0,34,0.5882352941176471,0.6,0,,,0.6,34,0.7647058823529411,0.23529411764705882,0.0,1.0,9,0.2647058823529412,0.7777777777777778,2026,2026
Jordan Marsh,USC,2,5,1,3,5,0,10,7,8,0,0,0,jordan marsh,G,Jr,2,5,7,0.2857142857142857,0.5,7,0.2857142857142857,0.5,8,0.375,0.0,15,0.3333333333333333,0.2,17,0.5882352941176471,0.8,0.6,32,0.21875,0.25,0.53125,0.46875,0,0.0,,2026,2026
Darrion Baker,SIU Edwardsville,6,4,1,5,3,3,5,6,5,0,0,0,darrion baker,F,So,6,4,10,0.6,0.16666666666666666,10,0.6,0.16666666666666666,8,0.625,0.6,18,0.6111111111111112,0.36363636363636365,11,0.45454545454545453,1.0,0.5625,29,0.3448275862068966,0.27586206896551724,0.3793103448275862,0.6206896551724138,0,0.0,,2026,2026
Michael Belle,VCU,9,5,4,7,6,2,3,6,3,3,3,3,michael belle,F,Jr,6,2,8,0.75,0.16666666666666666,14,0.6428571428571429,0.4444444444444444,13,0.5384615384615384,0.2857142857142857,27,0.5925925925925926,0.375,9,0.3333333333333333,1.0,0.47368421052631576,36,0.3888888888888889,0.3611111111111111,0.25,0.75,6,0.16666666666666666,0.5,2026,2026
Greg Gordon,LIU,41,22,19,10,21,0,2,6,2,14,1,8,greg gordon,G,Sr,27,21,48,0.5625,0.4074074074074074,63,0.6507936507936508,0.4634146341463415,31,0.3225806451612903,0.0,94,0.5425531914893617,0.37254901960784315,8,0.25,1.0,0.39622641509433965,102,0.6176470588235294,0.30392156862745096,0.0784313725490196,0.9215686274509803,15,0.14705882352941177,0.9333333333333333,2026,2026
Augustinas Kiudulas,Colorado St.,6,2,4,4,5,1,1,3,1,0,0,0,augustinas kiudulas,F,Jr,6,2,8,0.75,0.6666666666666666,8,0.75,0.6666666666666666,9,0.4444444444444444,0.25,17,0.5882352941176471,0.5,4,0.25,1.0,0.5454545454545454,21,0.38095238095238093,0.42857142857142855,0.19047619047619047,0.8095238095238095,0,0.0,,2026,2026
Julius Mims,New Mexico St.,11,8,10,4,2,2,2,2,2,6,0,6,julius mims,F,Sr,5,8,13,0.38461538461538464,0.8,19,0.5789473684210527,0.9090909090909091,6,0.6666666666666666,0.5,25,0.6,0.8,4,0.5,1.0,0.8235294117647058,29,0.6551724137931034,0.20689655172413793,0.13793103448275862,0.8620689655172413,6,0.20689655172413793,1.0,2026,2026
Quinn Denker,Northern Colorado,18,10,4,16,10,3,13,23,12,0,0,0,quinn denker,G,Sr,18,10,28,0.6428571428571429,0.2222222222222222,28,0.6428571428571429,0.2222222222222222,26,0.6153846153846154,0.1875,54,0.6296296296296297,0.20588235294117646,36,0.3611111111111111,0.9230769230769231,0.40425531914893614,90,0.3111111111111111,0.28888888888888886,0.4,0.6,0,0.0,,2026,2026
Eli Rice,Penn St.,3,5,2,1,2,1,12,14,12,0,0,0,eli rice,F,So,3,5,8,0.375,0.6666666666666666,8,0.375,0.6666666666666666,3,0.3333333333333333,1.0,11,0.36363636363636365,0.75,26,0.46153846153846156,1.0,0.9375,37,0.21621621621621623,0.08108108108108109,0.7027027027027027,0.2972972972972973,0,0.0,,2026,2026
Leeroy Odiahi,Western Kentucky,3,0,3,0,0,0,0,0,0,3,0,3,leeroy odiahi,C,Sr,0,0,0,,,3,1.0,1.0,0,,,3,1.0,1.0,0,,,1.0,3,1.0,0.0,0.0,1.0,3,1.0,1.0,2026,2026
Tariq Francis,Rutgers,11,7,0,14,16,2,14,27,12,0,0,0,tariq francis,G,Jr,11,7,18,0.6111111111111112,0.0,18,0.6111111111111112,0.0,30,0.4666666666666667,0.14285714285714285,48,0.5208333333333334,0.08,41,0.34146341463414637,0.8571428571428571,0.358974358974359,89,0.20224719101123595,0.33707865168539325,0.4606741573033708,0.5393258426966292,0,0.0,,2026,2026
Kennard Davis Jr.,BYU,6,2,5,2,3,1,12,13,11,0,0,0,kennard davis jr.,G,Jr,6,2,8,0.75,0.8333333333333334,8,0.75,0.8333333333333334,5,0.4,0.5,13,0.6153846153846154,0.75,25,0.48,0.9166666666666666,0.85,38,0.21052631578947367,0.13157894736842105,0.6578947368421053,0.34210526315789475,0,0.0,,2026,2026
Dailyn Swain,Texas,38,18,8,4,8,0,6,16,6,9,0,4,dailyn swain,F,So,29,18,47,0.6170212765957447,0.13793103448275862,56,0.6785714285714286,0.21052631578947367,12,0.3333333333333333,0.0,68,0.6176470588235294,0.19047619047619047,22,0.2727272727272727,1.0,0.2916666666666667,90,0.6222222222222222,0.13333333333333333,0.24444444444444444,0.7555555555555555,9,0.1,1.0,2026,2026
Gabe Dynes,USC,11,1,11,0,1,0,0,0,0,10,1,10,gabe dynes,C,Jr,1,0,1,1.0,1.0,12,0.9166666666666666,1.0,1,0.0,,13,0.8461538461538461,1.0,0,,,1.0,13,0.9230769230769231,0.07692307692307693,0.0,1.0,11,0.8461538461538461,0.9090909090909091,2026,2026
Silas Demary Jr.,Connecticut,23,10,2,8,13,1,3,9,1,0,1,0,silas demary jr.,G,Jr,23,9,32,0.71875,0.08695652173913043,33,0.696969696969697,0.08695652173913043,21,0.38095238095238093,0.125,54,0.5740740740740741,0.0967741935483871,12,0.25,0.3333333333333333,0.11764705882352941,66,0.5,0.3181818181818182,0.18181818181818182,0.8181818181818182,1,0.015151515151515152,0.0,2026,2026
Dylan James,Georgia,13,5,4,8,12,0,0,7,0,4,2,3,dylan james,F,Jr,9,3,12,0.75,0.1111111111111111,18,0.7222222222222222,0.3076923076923077,20,0.4,0.0,38,0.5526315789473685,0.19047619047619047,7,0.0,,0.19047619047619047,45,0.4,0.4444444444444444,0.15555555555555556,0.8444444444444444,6,0.13333333333333333,0.6666666666666666,2026,2026
Joe Nugent,Holy Cross,3,1,1,12,8,7,19,31,19,0,0,0,joe nugent,F,Jr,3,1,4,0.75,0.3333333333333333,4,0.75,0.3333333333333333,20,0.6,0.5833333333333334,24,0.625,0.5333333333333333,50,0.38,1.0,0.7941176470588235,74,0.05405405405405406,0.2702702702702703,0.6756756756756757,0.32432432432432434,0,0.0,,2026,2026
Blake Barkley,East Tennessee St.,24,13,15,5,3,2,5,4,5,5,0,5,blake barkley,G,So,19,13,32,0.59375,0.5263157894736842,37,0.6486486486486487,0.625,8,0.625,0.4,45,0.6444444444444445,0.5862068965517241,9,0.5555555555555556,1.0,0.6470588235294118,54,0.6851851851851852,0.14814814814814814,0.16666666666666666,0.8333333333333334,5,0.09259259259259259,1.0,2026,2026
Curtis Williams Jr.,Tulane,26,7,9,5,9,0,19,29,16,1,0,1,curtis williams jr.,G,Jr,25,7,32,0.78125,0.32,33,0.7878787878787878,0.34615384615384615,14,0.35714285714285715,0.0,47,0.6595744680851063,0.2903225806451613,48,0.3958333333333333,0.8421052631578947,0.5,95,0.3473684210526316,0.14736842105263157,0.5052631578947369,0.49473684210526314,1,0.010526315789473684,1.0,2026,2026
De'Shayne Montgomery,Dayton,34,19,16,3,3,0,18,27,13,11,1,4,de'shayne montgomery,G,So,23,18,41,0.5609756097560976,0.5217391304347826,53,0.6415094339622641,0.47058823529411764,6,0.5,0.0,59,0.6271186440677966,0.43243243243243246,45,0.4,0.7222222222222222,0.5272727272727272,104,0.5096153846153846,0.057692307692307696,0.4326923076923077,0.5673076923076923,12,0.11538461538461539,0.9166666666666666,2026,2026
Alvaro Folgueiras,Iowa,12,5,10,1,2,0,12,14,11,6,0,5,alvaro folgueiras,F,Jr,6,5,11,0.5454545454545454,0.8333333333333334,17,0.7058823529411765,0.8333333333333334,3,0.3333333333333333,0.0,20,0.65,0.7692307692307693,26,0.46153846153846156,0.9166666666666666,0.84,46,0.3695652173913043,0.06521739130434782,0.5652173913043478,0.43478260869565216,6,0.13043478260869565,1.0,2026,2026
Parker Gerrits,Washington St.,3,2,1,0,0,0,3,6,2,1,0,0,parker gerrits,G,So,2,2,4,0.5,0.5,5,0.6,0.3333333333333333,0,,,5,0.6,0.3333333333333333,9,0.3333333333333333,0.6666666666666666,0.5,14,0.35714285714285715,0.0,0.6428571428571429,0.35714285714285715,1,0.07142857142857142,1.0,2026,2026
Myles Rigsby,Tulsa,9,3,1,3,2,0,0,6,0,0,0,0,myles rigsby,G,Jr,9,3,12,0.75,0.1111111111111111,12,0.75,0.1111111111111111,5,0.6,0.0,17,0.7058823529411765,0.08333333333333333,6,0.0,,0.08333333333333333,23,0.5217391304347826,0.21739130434782608,0.2608695652173913,0.7391304347826086,0,0.0,,2026,2026
Thomas Dowd,Troy,20,13,9,7,9,2,21,34,15,3,0,1,thomas dowd,F,Jr,17,13,30,0.5666666666666667,0.47058823529411764,33,0.6060606060606061,0.45,16,0.4375,0.2857142857142857,49,0.5510204081632653,0.4074074074074074,55,0.38181818181818183,0.7142857142857143,0.5416666666666666,104,0.3173076923076923,0.15384615384615385,0.5288461538461539,0.47115384615384615,3,0.028846153846153848,1.0,2026,2026
Jarred Hall,Middle Tennessee,3,1,2,0,0,0,2,5,2,0,0,0,jarred hall,F,Jr,3,1,4,0.75,0.6666666666666666,4,0.75,0.6666666666666666,0,,,4,0.75,0.6666666666666666,7,0.2857142857142857,1.0,0.8,11,0.36363636363636365,0.0,0.6363636363636364,0.36363636363636365,0,0.0,,2026,2026
Maki Johnson,East Tennessee St.,3,3,2,0,0,0,16,26,15,0,0,0,maki johnson,G,Jr,3,3,6,0.5,0.6666666666666666,6,0.5,0.6666666666666666,0,,,6,0.5,0.6666666666666666,42,0.38095238095238093,0.9375,0.8947368421052632,48,0.125,0.0,0.875,0.125,0,0.0,,2026,2026
Jake Davis,Illinois,2,3,1,0,0,0,8,14,8,0,0,0,jake davis,G,Jr,2,3,5,0.4,0.5,5,0.4,0.5,0,,,5,0.4,0.5,22,0.36363636363636365,1.0,0.9,27,0.18518518518518517,0.0,0.8148148148148148,0.18518518518518517,0,0.0,,2026,2026
Michael Nwoko,LSU,48,11,31,7,7,4,0,3,0,15,1,13,michael nwoko,C,Jr,33,10,43,0.7674418604651163,0.5454545454545454,59,0.8135593220338984,0.6458333333333334,14,0.5,0.5714285714285714,73,0.7534246575342466,0.6363636363636364,3,0.0,,0.6363636363636364,76,0.7763157894736842,0.18421052631578946,0.039473684210526314,0.9605263157894737,16,0.21052631578947367,0.9375,2026,2026
David Thomas,Richmond,5,5,1,4,6,2,14,9,13,0,0,0,david thomas,G,Jr,5,5,10,0.5,0.2,10,0.5,0.2,10,0.4,0.5,20,0.45,0.3333333333333333,23,0.6086956521739131,0.9285714285714286,0.6956521739130435,43,0.23255813953488372,0.23255813953488372,0.5348837209302325,0.46511627906976744,0,0.0,,2026,2026
Ashton Hardaway,Memphis,9,2,6,4,8,1,7,16,6,0,0,0,ashton hardaway,F,Jr,9,2,11,0.8181818181818182,0.6666666666666666,11,0.8181818181818182,0.6666666666666666,12,0.3333333333333333,0.25,23,0.5652173913043478,0.5384615384615384,23,0.30434782608695654,0.8571428571428571,0.65,46,0.2391304347826087,0.2608695652173913,0.5,0.5,0,0.0,,2026,2026
Eddie Ricks III,James Madison,14,6,7,1,6,0,10,20,10,6,1,5,eddie ricks iii,G,Jr,8,5,13,0.6153846153846154,0.25,20,0.7,0.5,7,0.14285714285714285,0.0,27,0.5555555555555556,0.4666666666666667,30,0.3333333333333333,1.0,0.68,57,0.3508771929824561,0.12280701754385964,0.5263157894736842,0.47368421052631576,7,0.12280701754385964,0.8571428571428571,2026,2026
Bryce Lindsay,Villanova,16,8,2,3,8,0,28,29,20,0,0,0,bryce lindsay,G,So,16,8,24,0.6666666666666666,0.125,24,0.6666666666666666,0.125,11,0.2727272727272727,0.0,35,0.5428571428571428,0.10526315789473684,57,0.49122807017543857,0.7142857142857143,0.46808510638297873,92,0.2608695652173913,0.11956521739130435,0.6195652173913043,0.3804347826086957,0,0.0,,2026,2026
Chris Fields Jr.,Campbell,20,20,5,5,11,2,1,3,1,3,2,2,chris fields jr.,F,Jr,17,18,35,0.4857142857142857,0.17647058823529413,40,0.5,0.25,16,0.3125,0.4,56,0.44642857142857145,0.28,4,0.25,1.0,0.3076923076923077,60,0.6666666666666666,0.26666666666666666,0.06666666666666667,0.9333333333333333,5,0.08333333333333333,0.6,2026,2026
Tai Hamilton,Winthrop,4,1,3,1,2,0,0,0,0,0,0,0,tai hamilton,C,Jr,4,1,5,0.8,0.75,5,0.8,0.75,3,0.3333333333333333,0.0,8,0.625,0.6,0,,,0.6,8,0.625,0.375,0.0,1.0,0,0.0,,2026,2026
Miles Heide,San Diego St.,10,4,7,4,7,0,0,2,0,3,0,3,miles heide,C,Jr,7,4,11,0.6363636363636364,0.5714285714285714,14,0.7142857142857143,0.7,11,0.36363636363636365,0.0,25,0.56,0.5,2,0.0,,0.5,27,0.5185185185185185,0.4074074074074074,0.07407407407407407,0.9259259259259259,3,0.1111111111111111,1.0,2026,2026
BJ Davis,San Diego St.,4,6,2,8,12,0,11,12,8,2,0,1,bj davis,G,Jr,2,6,8,0.25,0.5,10,0.4,0.5,20,0.4,0.0,30,0.4,0.16666666666666666,23,0.4782608695652174,0.7272727272727273,0.43478260869565216,53,0.18867924528301888,0.37735849056603776,0.4339622641509434,0.5660377358490566,2,0.03773584905660377,1.0,2026,2026
Jerry Deng,N.C. State,5,1,4,0,2,0,6,16,5,2,0,2,jerry deng,F,Jr,3,1,4,0.75,0.6666666666666666,6,0.8333333333333334,0.8,2,0.0,,8,0.625,0.8,22,0.2727272727272727,0.8333333333333334,0.8181818181818182,30,0.2,0.06666666666666667,0.7333333333333333,0.26666666666666666,2,0.06666666666666667,1.0,2026,2026
Chris Johnson,UCF,2,5,0,2,4,0,7,8,2,0,0,0,chris johnson,G,Jr,2,5,7,0.2857142857142857,0.0,7,0.2857142857142857,0.0,6,0.3333333333333333,0.0,13,0.3076923076923077,0.0,15,0.4666666666666667,0.2857142857142857,0.18181818181818182,28,0.25,0.21428571428571427,0.5357142857142857,0.4642857142857143,0,0.0,,2026,2026
Devon Pryor,Oregon,6,4,3,1,3,0,4,8,4,1,1,1,devon pryor,F,Jr,5,3,8,0.625,0.4,10,0.6,0.5,4,0.25,0.0,14,0.5,0.42857142857142855,12,0.3333333333333333,1.0,0.6363636363636364,26,0.38461538461538464,0.15384615384615385,0.46153846153846156,0.5384615384615384,2,0.07692307692307693,0.5,2026,2026
Alex Doyle,Stetson,2,3,0,2,3,0,16,22,16,0,0,0,alex doyle,F,Jr,2,3,5,0.4,0.0,5,0.4,0.0,5,0.4,0.0,10,0.4,0.0,38,0.42105263157894735,1.0,0.8,48,0.10416666666666667,0.10416666666666667,0.7916666666666666,0.20833333333333334,0,0.0,,2026,2026
Jordan Ross,Georgia,13,7,1,3,3,0,4,12,3,0,0,0,jordan ross,G,Jr,13,7,20,0.65,0.07692307692307693,20,0.65,0.07692307692307693,6,0.5,0.0,26,0.6153846153846154,0.0625,16,0.25,0.75,0.2,42,0.47619047619047616,0.14285714285714285,0.38095238095238093,0.6190476190476191,0,0.0,,2026,2026
AC Bryant,Jacksonville St.,2,4,0,0,0,0,19,27,18,0,0,0,ac bryant,G,Jr,2,4,6,0.3333333333333333,0.0,6,0.3333333333333333,0.0,0,,,6,0.3333333333333333,0.0,46,0.41304347826086957,0.9473684210526315,0.8571428571428571,52,0.11538461538461539,0.0,0.8846153846153846,0.11538461538461539,0,0.0,,2026,2026
Javion Guy-King,Central Arkansas,7,3,0,3,7,0,10,16,7,0,0,0,javion guy-king,F,Jr,7,3,10,0.7,0.0,10,0.7,0.0,10,0.3,0.0,20,0.5,0.0,26,0.38461538461538464,0.7,0.35,46,0.21739130434782608,0.21739130434782608,0.5652173913043478,0.43478260869565216,0,0.0,,2026,2026
Aaron McBride,Loyola Marymount,15,7,7,2,7,0,5,8,5,5,0,3,aaron mcbride,F,Jr,10,7,17,0.5882352941176471,0.4,22,0.6818181818181818,0.4666666666666667,9,0.2222222222222222,0.0,31,0.5483870967741935,0.4117647058823529,13,0.38461538461538464,1.0,0.5454545454545454,44,0.5,0.20454545454545456,0.29545454545454547,0.7045454545454546,5,0.11363636363636363,1.0,2026,2026
Tre Norman,Marquette,11,9,5,0,2,0,1,1,1,1,0,1,tre norman,G,Jr,10,9,19,0.5263157894736842,0.4,20,0.55,0.45454545454545453,2,0.0,,22,0.5,0.45454545454545453,2,0.5,1.0,0.5,24,0.8333333333333334,0.08333333333333333,0.08333333333333333,0.9166666666666666,1,0.041666666666666664,1.0,2026,2026
Isaac Bonilla,Maine,0,0,0,2,2,1,9,9,8,0,0,0,isaac bonilla,G,Jr,0,0,0,,,0,,,4,0.5,0.5,4,0.5,0.5,18,0.5,0.8888888888888888,0.8181818181818182,22,0.0,0.18181818181818182,0.8181818181818182,0.18181818181818182,0,0.0,,2026,2026
Zaide Lowery,Marquette,19,19,14,1,6,0,13,27,13,9,1,7,zaide lowery,G,Jr,10,18,28,0.35714285714285715,0.7,38,0.5,0.7368421052631579,7,0.14285714285714285,0.0,45,0.4444444444444444,0.7,40,0.325,1.0,0.8181818181818182,85,0.4470588235294118,0.08235294117647059,0.47058823529411764,0.5294117647058824,10,0.11764705882352941,0.9,2026,2026
Freddie Dilione V,Penn St.,14,14,7,19,15,2,11,18,7,1,0,1,freddie dilione v,G,Jr,13,14,27,0.48148148148148145,0.46153846153846156,28,0.5,0.5,34,0.5588235294117647,0.10526315789473684,62,0.532258064516129,0.2727272727272727,29,0.3793103448275862,0.6363636363636364,0.36363636363636365,91,0.3076923076923077,0.37362637362637363,0.31868131868131866,0.6813186813186813,1,0.01098901098901099,1.0,2026,2026
Jinwoo Kim,Navy,13,14,7,8,19,5,20,35,17,0,0,0,jinwoo kim,G,Jr,13,14,27,0.48148148148148145,0.5384615384615384,27,0.48148148148148145,0.5384615384615384,27,0.2962962962962963,0.625,54,0.3888888888888889,0.5714285714285714,55,0.36363636363636365,0.85,0.7073170731707317,109,0.24770642201834864,0.24770642201834864,0.5045871559633027,0.4954128440366973,0,0.0,,2026,2026
Kyle Pock,Northern Iowa,1,2,0,0,0,0,15,21,14,0,0,0,kyle pock,G,Jr,1,2,3,0.3333333333333333,0.0,3,0.3333333333333333,0.0,0,,,3,0.3333333333333333,0.0,36,0.4166666666666667,0.9333333333333333,0.875,39,0.07692307692307693,0.0,0.9230769230769231,0.07692307692307693,0,0.0,,2026,2026
Layden Blocker,DePaul,17,13,3,6,18,1,8,19,5,1,0,1,layden blocker,G,Jr,16,13,29,0.5517241379310345,0.125,30,0.5666666666666667,0.17647058823529413,24,0.25,0.16666666666666666,54,0.42592592592592593,0.17391304347826086,27,0.2962962962962963,0.625,0.2903225806451613,81,0.37037037037037035,0.2962962962962963,0.3333333333333333,0.6666666666666666,1,0.012345679012345678,1.0,2026,2026
Makaih Williams,Grand Canyon,11,9,2,7,7,1,12,28,7,0,0,0,makaih williams,G,Jr,11,9,20,0.55,0.18181818181818182,20,0.55,0.18181818181818182,14,0.5,0.14285714285714285,34,0.5294117647058824,0.16666666666666666,40,0.3,0.5833333333333334,0.3333333333333333,74,0.2702702702702703,0.1891891891891892,0.5405405405405406,0.4594594594594595,0,0.0,,2026,2026
Seydou Traore,Utah,9,8,4,7,11,2,17,25,16,1,0,1,seydou traore,G,Jr,8,8,16,0.5,0.375,17,0.5294117647058824,0.4444444444444444,18,0.3888888888888889,0.2857142857142857,35,0.45714285714285713,0.375,42,0.40476190476190477,0.9411764705882353,0.6666666666666666,77,0.22077922077922077,0.23376623376623376,0.5454545454545454,0.45454545454545453,1,0.012987012987012988,1.0,2026,2026
Braeden Shrewsberry,Notre Dame,3,4,2,4,4,1,27,34,20,0,0,0,braeden shrewsberry,G,Jr,3,4,7,0.42857142857142855,0.6666666666666666,7,0.42857142857142855,0.6666666666666666,8,0.5,0.25,15,0.4666666666666667,0.42857142857142855,61,0.4426229508196721,0.7407407407407407,0.6764705882352942,76,0.09210526315789473,0.10526315789473684,0.8026315789473685,0.19736842105263158,0,0.0,,2026,2026
Carey Booth,Colorado St.,20,6,13,4,7,2,11,13,11,13,1,8,carey booth,F,Jr,7,5,12,0.5833333333333334,0.7142857142857143,26,0.7692307692307693,0.65,11,0.36363636363636365,0.5,37,0.6486486486486487,0.625,24,0.4583333333333333,1.0,0.7428571428571429,61,0.4262295081967213,0.18032786885245902,0.39344262295081966,0.6065573770491803,14,0.22950819672131148,0.9285714285714286,2026,2026
Christian Jones,George Washington,33,16,6,3,5,0,9,17,6,0,0,0,christian jones,G,So,33,16,49,0.673469387755102,0.18181818181818182,49,0.673469387755102,0.18181818181818182,8,0.375,0.0,57,0.631578947368421,0.16666666666666666,26,0.34615384615384615,0.6666666666666666,0.26666666666666666,83,0.5903614457831325,0.0963855421686747,0.3132530120481928,0.6867469879518072,0,0.0,,2026,2026
Christian Jones,George Washington,33,16,6,3,5,0,9,17,6,0,0,0,christian jones,G,So,33,16,49,0.673469387755102,0.18181818181818182,49,0.673469387755102,0.18181818181818182,8,0.375,0.0,57,0.631578947368421,0.16666666666666666,26,0.34615384615384615,0.6666666666666666,0.26666666666666666,83,0.5903614457831325,0.0963855421686747,0.3132530120481928,0.6867469879518072,0,0.0,,2026,2026
Markus Burton,Notre Dame,32,19,3,22,24,2,11,25,6,0,0,0,markus burton,G,Jr,32,19,51,0.6274509803921569,0.09375,51,0.6274509803921569,0.09375,46,0.4782608695652174,0.09090909090909091,97,0.5567010309278351,0.09259259259259259,36,0.3055555555555556,0.5454545454545454,0.16923076923076924,133,0.38345864661654133,0.3458646616541353,0.2706766917293233,0.7293233082706767,0,0.0,,2026,2026
Logan Imes,Notre Dame,4,2,1,0,2,0,8,11,8,0,0,0,logan imes,G,Jr,4,2,6,0.6666666666666666,0.25,6,0.6666666666666666,0.25,2,0.0,,8,0.5,0.25,19,0.42105263157894735,1.0,0.75,27,0.2222222222222222,0.07407407407407407,0.7037037037037037,0.2962962962962963,0,0.0,,2026,2026
Morris Ugusuk,West Virginia,3,2,3,0,1,0,5,14,5,0,0,0,morris ugusuk,G,Jr,3,2,5,0.6,1.0,5,0.6,1.0,1,0.0,,6,0.5,1.0,19,0.2631578947368421,1.0,1.0,25,0.2,0.04,0.76,0.24,0,0.0,,2026,2026
Austin Herro,St. Thomas,13,5,2,0,0,0,2,6,2,0,0,0,austin herro,G,So,13,5,18,0.7222222222222222,0.15384615384615385,18,0.7222222222222222,0.15384615384615385,0,,,18,0.7222222222222222,0.15384615384615385,8,0.25,1.0,0.26666666666666666,26,0.6923076923076923,0.0,0.3076923076923077,0.6923076923076923,0,0.0,,2026,2026
Lazar Djokovic,VCU,18,9,14,5,9,4,5,9,5,11,2,10,lazar djokovic,F,Jr,7,7,14,0.5,0.5714285714285714,27,0.6666666666666666,0.7777777777777778,14,0.35714285714285715,0.8,41,0.5609756097560976,0.782608695652174,14,0.35714285714285715,1.0,0.8214285714285714,55,0.4909090909090909,0.2545454545454545,0.2545454545454545,0.7454545454545455,13,0.23636363636363636,0.8461538461538461,2026,2026
Christian Bliss,Delaware,10,10,0,7,21,1,17,27,8,0,0,0,christian bliss,G,Jr,10,10,20,0.5,0.0,20,0.5,0.0,28,0.25,0.14285714285714285,48,0.3541666666666667,0.058823529411764705,44,0.38636363636363635,0.47058823529411764,0.2647058823529412,92,0.21739130434782608,0.30434782608695654,0.4782608695652174,0.5217391304347826,0,0.0,,2026,2026
Aday Mara,Michigan,29,10,16,4,8,3,0,3,0,13,3,8,aday mara,C,Jr,16,7,23,0.6956521739130435,0.5,39,0.7435897435897436,0.5517241379310345,12,0.3333333333333333,0.75,51,0.6470588235294118,0.5757575757575758,3,0.0,,0.5757575757575758,54,0.7222222222222222,0.2222222222222222,0.05555555555555555,0.9444444444444444,16,0.2962962962962963,0.8125,2026,2026
Jarin Stevenson,North Carolina,12,3,6,1,5,0,5,17,5,4,0,3,jarin stevenson,F,Jr,8,3,11,0.7272727272727273,0.375,15,0.8,0.5,6,0.16666666666666666,0.0,21,0.6190476190476191,0.46153846153846156,22,0.22727272727272727,1.0,0.6111111111111112,43,0.3488372093023256,0.13953488372093023,0.5116279069767442,0.4883720930232558,4,0.09302325581395349,1.0,2026,2026
Mouhamed Dioubate,Kentucky,21,2,11,1,2,0,1,10,1,5,0,4,mouhamed dioubate,F,Jr,16,2,18,0.8888888888888888,0.4375,23,0.9130434782608695,0.5238095238095238,3,0.3333333333333333,0.0,26,0.8461538461538461,0.5,11,0.09090909090909091,1.0,0.5217391304347826,37,0.6216216216216216,0.08108108108108109,0.2972972972972973,0.7027027027027027,5,0.13513513513513514,1.0,2026,2026
Christian Coleman,Oklahoma St.,29,14,17,2,7,1,5,10,5,9,1,8,christian coleman,F,Sr,20,13,33,0.6060606060606061,0.45,43,0.6744186046511628,0.5862068965517241,9,0.2222222222222222,0.5,52,0.5961538461538461,0.5806451612903226,15,0.3333333333333333,1.0,0.6388888888888888,67,0.6417910447761194,0.13432835820895522,0.22388059701492538,0.7761194029850746,10,0.14925373134328357,0.9,2026,2026
Zack Davidson,Northern Arizona,19,11,9,18,13,6,1,1,1,1,0,1,zack davidson,F,So,18,11,29,0.6206896551724138,0.4444444444444444,30,0.6333333333333333,0.47368421052631576,31,0.5806451612903226,0.3333333333333333,61,0.6065573770491803,0.40540540540540543,2,0.5,1.0,0.42105263157894735,63,0.47619047619047616,0.49206349206349204,0.031746031746031744,0.9682539682539683,1,0.015873015873015872,1.0,2026,2026
Money Williams,Montana,26,20,2,19,18,3,16,21,9,0,0,0,money williams,G,Jr,26,20,46,0.5652173913043478,0.07692307692307693,46,0.5652173913043478,0.07692307692307693,37,0.5135135135135135,0.15789473684210525,83,0.5421686746987951,0.1111111111111111,37,0.43243243243243246,0.5625,0.22950819672131148,120,0.38333333333333336,0.30833333333333335,0.30833333333333335,0.6916666666666667,0,0.0,,2026,2026
Devin Williams,Florida Atlantic,12,11,8,3,1,3,5,8,5,4,2,4,devin williams,F,So,8,9,17,0.47058823529411764,0.5,23,0.5217391304347826,0.6666666666666666,4,0.75,1.0,27,0.5555555555555556,0.7333333333333333,13,0.38461538461538464,1.0,0.8,40,0.575,0.1,0.325,0.675,6,0.15,0.6666666666666666,2026,2026
Jan Vide,Loyola Marymount,10,6,1,12,13,3,3,3,3,0,0,0,jan vide,G,Jr,10,6,16,0.625,0.1,16,0.625,0.1,25,0.48,0.25,41,0.5365853658536586,0.18181818181818182,6,0.5,1.0,0.28,47,0.3404255319148936,0.5319148936170213,0.1276595744680851,0.8723404255319149,0,0.0,,2026,2026
Courtney Anderson,Montana,1,0,1,2,1,0,12,8,12,0,0,0,courtney anderson,G,So,1,0,1,1.0,1.0,1,1.0,1.0,3,0.6666666666666666,0.0,4,0.75,0.3333333333333333,20,0.6,1.0,0.8666666666666667,24,0.041666666666666664,0.125,0.8333333333333334,0.16666666666666666,0,0.0,,2026,2026
Sam Wright,Colgate,25,10,14,13,7,4,8,25,7,0,0,0,sam wright,F,Jr,25,10,35,0.7142857142857143,0.56,35,0.7142857142857143,0.56,20,0.65,0.3076923076923077,55,0.6909090909090909,0.47368421052631576,33,0.24242424242424243,0.875,0.5434782608695652,88,0.3977272727272727,0.22727272727272727,0.375,0.625,0,0.0,,2026,2026
Jalen Cox,Colgate,21,7,3,21,24,4,7,10,5,0,0,0,jalen cox,G,Jr,21,7,28,0.75,0.14285714285714285,28,0.75,0.14285714285714285,45,0.4666666666666667,0.19047619047619047,73,0.5753424657534246,0.16666666666666666,17,0.4117647058823529,0.7142857142857143,0.24489795918367346,90,0.3111111111111111,0.5,0.18888888888888888,0.8111111111111111,0,0.0,,2026,2026
Sebastian Hartmann,Chattanooga,4,6,3,1,0,0,8,9,7,1,0,0,sebastian hartmann,F,Jr,3,6,9,0.3333333333333333,1.0,10,0.4,0.75,1,1.0,0.0,11,0.45454545454545453,0.6,17,0.47058823529411764,0.875,0.7692307692307693,28,0.35714285714285715,0.03571428571428571,0.6071428571428571,0.39285714285714285,1,0.03571428571428571,1.0,2026,2026
Chip Brunt,Northwestern St.,3,4,0,2,2,0,0,0,0,0,1,0,chip brunt,G,Jr,3,3,6,0.5,0.0,7,0.42857142857142855,0.0,4,0.5,0.0,11,0.45454545454545453,0.0,0,,,0.0,11,0.6363636363636364,0.36363636363636365,0.0,1.0,1,0.09090909090909091,0.0,2026,2026
Cade Phillips,Tennessee,15,7,12,2,2,1,0,0,0,11,0,10,cade phillips,C,Jr,4,7,11,0.36363636363636365,0.5,22,0.6818181818181818,0.8,4,0.5,0.5,26,0.6538461538461539,0.7647058823529411,0,,,0.7647058823529411,26,0.8461538461538461,0.15384615384615385,0.0,1.0,11,0.4230769230769231,1.0,2026,2026
Cameron Carr,Baylor,21,14,17,15,12,3,20,25,16,12,2,12,cameron carr,G,So,9,12,21,0.42857142857142855,0.5555555555555556,35,0.6,0.8095238095238095,27,0.5555555555555556,0.2,62,0.5806451612903226,0.5555555555555556,45,0.4444444444444444,0.8,0.6428571428571429,107,0.32710280373831774,0.2523364485981308,0.4205607476635514,0.5794392523364486,14,0.1308411214953271,0.8571428571428571,2026,2026
J.P. Estrella,Tennessee,31,5,23,6,9,6,2,2,2,10,0,8,j.p. estrella,C,So,21,5,26,0.8076923076923077,0.7142857142857143,36,0.8611111111111112,0.7419354838709677,15,0.4,1.0,51,0.7254901960784313,0.7837837837837838,4,0.5,1.0,0.7948717948717948,55,0.6545454545454545,0.2727272727272727,0.07272727272727272,0.9272727272727272,10,0.18181818181818182,1.0,2026,2026
Rueben Chinyelu,Florida,28,14,16,6,10,1,0,0,0,11,1,10,rueben chinyelu,C,Jr,17,13,30,0.5666666666666667,0.35294117647058826,42,0.6666666666666666,0.5714285714285714,16,0.375,0.16666666666666666,58,0.5862068965517241,0.5,0,,,0.5,58,0.7241379310344828,0.27586206896551724,0.0,1.0,12,0.20689655172413793,0.9166666666666666,2026,2026
Max Frazier,Central Connecticut,29,24,24,5,3,3,0,0,0,15,4,15,max frazier,C,Jr,14,20,34,0.4117647058823529,0.6428571428571429,53,0.5471698113207547,0.8275862068965517,8,0.625,0.6,61,0.5573770491803278,0.7941176470588235,0,,,0.7941176470588235,61,0.8688524590163934,0.13114754098360656,0.0,1.0,19,0.3114754098360656,0.7894736842105263,2026,2026
Tunde Vahlberg Fasasi,William & Mary,19,12,13,5,4,4,17,35,15,1,0,1,tunde vahlberg fasasi,G,Jr,18,12,30,0.6,0.6666666666666666,31,0.6129032258064516,0.6842105263157895,9,0.5555555555555556,0.8,40,0.6,0.7083333333333334,52,0.3269230769230769,0.8823529411764706,0.7804878048780488,92,0.33695652173913043,0.09782608695652174,0.5652173913043478,0.43478260869565216,1,0.010869565217391304,1.0,2026,2026
Jamar Brown,UCLA,9,4,8,2,4,2,8,16,8,1,0,1,jamar brown,F,Sr,8,4,12,0.6666666666666666,0.875,13,0.6923076923076923,0.8888888888888888,6,0.3333333333333333,1.0,19,0.5789473684210527,0.9090909090909091,24,0.3333333333333333,1.0,0.9473684210526315,43,0.3023255813953488,0.13953488372093023,0.5581395348837209,0.4418604651162791,1,0.023255813953488372,1.0,2026,2026
Drew Fielder,Boise St.,18,10,8,7,10,0,3,10,3,5,0,4,drew fielder,F,Jr,13,10,23,0.5652173913043478,0.3076923076923077,28,0.6428571428571429,0.4444444444444444,17,0.4117647058823529,0.0,45,0.5555555555555556,0.32,13,0.23076923076923078,1.0,0.39285714285714285,58,0.4827586206896552,0.29310344827586204,0.22413793103448276,0.7758620689655172,5,0.08620689655172414,1.0,2026,2026
Zvonimir Ivisic,Illinois,12,0,9,2,2,1,11,19,10,7,0,7,zvonimir ivisic,F,Jr,5,0,5,1.0,0.4,12,1.0,0.75,4,0.5,0.5,16,0.875,0.7142857142857143,30,0.36666666666666664,0.9090909090909091,0.8,46,0.2608695652173913,0.08695652173913043,0.6521739130434783,0.34782608695652173,7,0.15217391304347827,1.0,2026,2026
Dominique Daniels Jr.,Cal Baptist,41,33,6,10,15,2,13,37,6,1,0,1,dominique daniels jr.,G,Sr,40,33,73,0.547945205479452,0.125,74,0.5540540540540541,0.14634146341463414,25,0.4,0.2,99,0.5151515151515151,0.1568627450980392,50,0.26,0.46153846153846156,0.21875,149,0.4966442953020134,0.16778523489932887,0.33557046979865773,0.6644295302013423,1,0.006711409395973154,1.0,2026,2026
Jacob Bannarbie,UNLV,13,3,9,0,1,0,0,1,0,2,0,2,jacob bannarbie,F,So,11,3,14,0.7857142857142857,0.6363636363636364,16,0.8125,0.6923076923076923,1,0.0,,17,0.7647058823529411,0.6923076923076923,1,0.0,,0.6923076923076923,18,0.8888888888888888,0.05555555555555555,0.05555555555555555,0.9444444444444444,2,0.1111111111111111,1.0,2026,2026
Jayden Ndjigue,Massachusetts,10,9,7,11,8,4,2,10,2,0,0,0,jayden ndjigue,G,Jr,10,9,19,0.5263157894736842,0.7,19,0.5263157894736842,0.7,19,0.5789473684210527,0.36363636363636365,38,0.5526315789473685,0.5238095238095238,12,0.16666666666666666,1.0,0.5652173913043478,50,0.38,0.38,0.24,0.76,0,0.0,,2026,2026
Richard Nweke,Columbia,7,5,5,0,1,0,0,0,0,2,0,2,richard nweke,C,Jr,5,5,10,0.5,0.6,12,0.5833333333333334,0.7142857142857143,1,0.0,,13,0.5384615384615384,0.7142857142857143,0,,,0.7142857142857143,13,0.9230769230769231,0.07692307692307693,0.0,1.0,2,0.15384615384615385,1.0,2026,2026
Tayton Conerway,Indiana,31,12,8,1,1,0,6,25,3,5,2,2,tayton conerway,G,Sr,26,10,36,0.7222222222222222,0.23076923076923078,43,0.7209302325581395,0.25806451612903225,2,0.5,0.0,45,0.7111111111111111,0.25,31,0.1935483870967742,0.5,0.2894736842105263,76,0.5657894736842105,0.02631578947368421,0.40789473684210525,0.5921052631578947,7,0.09210526315789473,0.7142857142857143,2026,2026
Tyshawn Archie,McNeese St.,11,12,3,8,14,1,11,21,8,1,0,1,tyshawn archie,G,Jr,10,12,22,0.45454545454545453,0.2,23,0.4782608695652174,0.2727272727272727,22,0.36363636363636365,0.125,45,0.4222222222222222,0.21052631578947367,32,0.34375,0.7272727272727273,0.4,77,0.2987012987012987,0.2857142857142857,0.4155844155844156,0.5844155844155844,1,0.012987012987012988,1.0,2026,2026
Mikale Stevenson,Purdue Fort Wayne,24,24,7,12,14,1,11,23,9,1,1,0,mikale stevenson,G,Sr,23,23,46,0.5,0.30434782608695654,48,0.5,0.2916666666666667,26,0.46153846153846156,0.08333333333333333,74,0.4864864864864865,0.2222222222222222,34,0.3235294117647059,0.8181818181818182,0.3617021276595745,108,0.4444444444444444,0.24074074074074073,0.3148148148148148,0.6851851851851852,2,0.018518518518518517,0.5,2026,2026
Tom Beattie,UC San Diego,23,12,7,3,9,1,10,15,8,2,0,0,tom beattie,G,Jr,21,12,33,0.6363636363636364,0.3333333333333333,35,0.6571428571428571,0.30434782608695654,12,0.25,0.3333333333333333,47,0.5531914893617021,0.3076923076923077,25,0.4,0.8,0.4444444444444444,72,0.4861111111111111,0.16666666666666666,0.3472222222222222,0.6527777777777778,2,0.027777777777777776,1.0,2026,2026
Eemeli Yalaho,Washington St.,12,6,6,2,6,0,13,13,13,1,1,1,eemeli yalaho,F,Jr,11,5,16,0.6875,0.45454545454545453,18,0.6666666666666666,0.5,8,0.25,0.0,26,0.5384615384615384,0.42857142857142855,26,0.5,1.0,0.7037037037037037,52,0.34615384615384615,0.15384615384615385,0.5,0.5,2,0.038461538461538464,0.5,2026,2026
KJ Debrick,North Carolina A&T,5,1,1,3,6,2,1,4,1,1,0,0,kj debrick,C,Sr,4,1,5,0.8,0.25,6,0.8333333333333334,0.2,9,0.3333333333333333,0.6666666666666666,15,0.5333333333333333,0.375,5,0.2,1.0,0.4444444444444444,20,0.3,0.45,0.25,0.75,1,0.05,1.0,2026,2026
Elijah Jones,Longwood,13,6,8,0,1,0,5,7,4,0,0,0,elijah jones,F,Jr,13,6,19,0.6842105263157895,0.6153846153846154,19,0.6842105263157895,0.6153846153846154,1,0.0,,20,0.65,0.6153846153846154,12,0.4166666666666667,0.8,0.6666666666666666,32,0.59375,0.03125,0.375,0.625,0,0.0,,2026,2026
Elijah Jones,Longwood,13,6,8,0,1,0,5,7,4,0,0,0,elijah jones,G,Sr,13,6,19,0.6842105263157895,0.6153846153846154,19,0.6842105263157895,0.6153846153846154,1,0.0,,20,0.65,0.6153846153846154,12,0.4166666666666667,0.8,0.6666666666666666,32,0.59375,0.03125,0.375,0.625,0,0.0,,2026,2026
Tre'Von Spillers,Wake Forest,43,13,37,14,17,8,2,7,2,25,3,24,tre'von spillers,F,Sr,18,10,28,0.6428571428571429,0.7222222222222222,56,0.7678571428571429,0.8604651162790697,31,0.45161290322580644,0.5714285714285714,87,0.6551724137931034,0.7894736842105263,9,0.2222222222222222,1.0,0.7966101694915254,96,0.5833333333333334,0.3229166666666667,0.09375,0.90625,28,0.2916666666666667,0.8928571428571429,2026,2026
Chase Walker,Illinois St.,23,15,11,5,14,1,2,8,2,0,1,0,chase walker,F,Jr,23,14,37,0.6216216216216216,0.4782608695652174,38,0.6052631578947368,0.4782608695652174,19,0.2631578947368421,0.2,57,0.49122807017543857,0.42857142857142855,10,0.2,1.0,0.4666666666666667,67,0.5671641791044776,0.2835820895522388,0.14925373134328357,0.8507462686567164,1,0.014925373134328358,0.0,2026,2026
Bryce Ford,Arizona St.,9,6,1,4,11,0,17,19,12,1,0,1,bryce ford,G,Jr,8,6,14,0.5714285714285714,0.0,15,0.6,0.1111111111111111,15,0.26666666666666666,0.0,30,0.43333333333333335,0.07692307692307693,36,0.4722222222222222,0.7058823529411765,0.43333333333333335,66,0.22727272727272727,0.22727272727272727,0.5454545454545454,0.45454545454545453,1,0.015151515151515152,1.0,2026,2026
Gavin Griffiths,Temple,10,3,3,2,9,1,20,33,18,4,1,2,gavin griffiths,F,Jr,6,2,8,0.75,0.16666666666666666,13,0.7692307692307693,0.3,11,0.18181818181818182,0.5,24,0.5,0.3333333333333333,53,0.37735849056603776,0.9,0.6875,77,0.16883116883116883,0.14285714285714285,0.6883116883116883,0.3116883116883117,5,0.06493506493506493,0.8,2026,2026
Jamichael Davis,Rutgers,7,10,0,9,14,0,11,12,11,0,0,0,jamichael davis,G,Jr,7,10,17,0.4117647058823529,0.0,17,0.4117647058823529,0.0,23,0.391304347826087,0.0,40,0.4,0.0,23,0.4782608695652174,1.0,0.4074074074074074,63,0.2698412698412698,0.36507936507936506,0.36507936507936506,0.6349206349206349,0,0.0,,2026,2026
Emmanuel Ogbole,Rutgers,23,10,13,1,8,1,0,0,0,9,1,5,emmanuel ogbole,C,Sr,14,9,23,0.6086956521739131,0.5714285714285714,33,0.696969696969697,0.5652173913043478,9,0.1111111111111111,1.0,42,0.5714285714285714,0.5833333333333334,0,,,0.5833333333333334,42,0.7857142857142857,0.21428571428571427,0.0,1.0,10,0.23809523809523808,0.9,2026,2026
Daniel Akitoby,UTSA,3,0,0,1,1,0,0,0,0,0,0,0,daniel akitoby,C,Sr,3,0,3,1.0,0.0,3,1.0,0.0,2,0.5,0.0,5,0.8,0.0,0,,,0.0,5,0.6,0.4,0.0,1.0,0,0.0,,2026,2026
Dylan Faulkner,Samford,46,30,26,6,11,2,0,1,0,12,3,10,dylan faulkner,C,Jr,34,27,61,0.5573770491803278,0.47058823529411764,76,0.6052631578947368,0.5652173913043478,17,0.35294117647058826,0.3333333333333333,93,0.5591397849462365,0.5384615384615384,1,0.0,,0.5384615384615384,94,0.8085106382978723,0.18085106382978725,0.010638297872340425,0.9893617021276596,15,0.1595744680851064,0.8,2026,2026
Ben Humrichous,Illinois,6,4,2,0,1,0,14,26,14,1,1,0,ben humrichous,F,Sr,5,3,8,0.625,0.4,10,0.6,0.3333333333333333,1,0.0,,11,0.5454545454545454,0.3333333333333333,40,0.35,1.0,0.8,51,0.19607843137254902,0.0196078431372549,0.7843137254901961,0.21568627450980393,2,0.0392156862745098,0.5,2026,2026
Mayar Wol,Bowling Green,9,2,6,8,5,2,15,17,13,2,0,1,mayar wol,F,So,7,2,9,0.7777777777777778,0.7142857142857143,11,0.8181818181818182,0.6666666666666666,13,0.6153846153846154,0.25,24,0.7083333333333334,0.47058823529411764,32,0.46875,0.8666666666666667,0.65625,56,0.19642857142857142,0.23214285714285715,0.5714285714285714,0.42857142857142855,2,0.03571428571428571,1.0,2026,2026
James Scott,Mississippi,21,11,13,0,0,0,0,0,0,16,1,12,james scott,C,Jr,5,10,15,0.3333333333333333,0.2,32,0.65625,0.6190476190476191,0,,,32,0.65625,0.6190476190476191,0,,,0.6190476190476191,32,1.0,0.0,0.0,1.0,17,0.53125,0.9411764705882353,2026,2026
Christian Moore,The Citadel,6,6,4,8,11,1,14,22,12,0,0,0,christian moore,G,So,6,6,12,0.5,0.6666666666666666,12,0.5,0.6666666666666666,19,0.42105263157894735,0.125,31,0.45161290322580644,0.35714285714285715,36,0.3888888888888889,0.8571428571428571,0.6071428571428571,67,0.1791044776119403,0.2835820895522388,0.5373134328358209,0.4626865671641791,0,0.0,,2026,2026
Rahmir Barno,Florida Gulf Coast,24,17,4,9,26,0,6,14,4,0,0,0,rahmir barno,G,Jr,24,17,41,0.5853658536585366,0.16666666666666666,41,0.5853658536585366,0.16666666666666666,35,0.2571428571428571,0.0,76,0.4342105263157895,0.12121212121212122,20,0.3,0.6666666666666666,0.20512820512820512,96,0.4270833333333333,0.3645833333333333,0.20833333333333334,0.7916666666666666,0,0.0,,2026,2026
Noah Amenhauser,Oregon St.,25,10,16,4,8,0,0,0,0,8,0,8,noah amenhauser,C,So,17,10,27,0.6296296296296297,0.47058823529411764,35,0.7142857142857143,0.64,12,0.3333333333333333,0.0,47,0.6170212765957447,0.5517241379310345,0,,,0.5517241379310345,47,0.7446808510638298,0.2553191489361702,0.0,1.0,8,0.1702127659574468,1.0,2026,2026
Cooper Bowser,Furman,40,10,32,1,3,0,0,0,0,23,4,22,cooper bowser,C,Jr,17,6,23,0.7391304347826086,0.5882352941176471,50,0.8,0.8,4,0.25,0.0,54,0.7592592592592593,0.7804878048780488,0,,,0.7804878048780488,54,0.9259259259259259,0.07407407407407407,0.0,1.0,27,0.5,0.8518518518518519,2026,2026
Ryan Beasley,San Francisco,10,6,3,8,9,1,14,29,8,0,0,0,ryan beasley,G,Jr,10,6,16,0.625,0.3,16,0.625,0.3,17,0.47058823529411764,0.125,33,0.5454545454545454,0.2222222222222222,43,0.32558139534883723,0.5714285714285714,0.375,76,0.21052631578947367,0.2236842105263158,0.5657894736842105,0.4342105263157895,0,0.0,,2026,2026
Aidan Burke,UC San Diego,10,5,4,2,0,1,20,19,20,0,0,0,aidan burke,G,Jr,10,5,15,0.6666666666666666,0.4,15,0.6666666666666666,0.4,2,1.0,0.5,17,0.7058823529411765,0.4166666666666667,39,0.5128205128205128,1.0,0.78125,56,0.26785714285714285,0.03571428571428571,0.6964285714285714,0.30357142857142855,0,0.0,,2026,2026
Kintavious Dozier,Alabama A&M,10,12,2,17,13,1,4,11,2,0,0,0,kintavious dozier,G,Sr,10,12,22,0.45454545454545453,0.2,22,0.45454545454545453,0.2,30,0.5666666666666667,0.058823529411764705,52,0.5192307692307693,0.1111111111111111,15,0.26666666666666666,0.5,0.16129032258064516,67,0.3283582089552239,0.44776119402985076,0.22388059701492538,0.7761194029850746,0,0.0,,2026,2026
Jeremiah Talton,Lindenwood,0,1,0,0,3,0,7,12,6,0,0,0,jeremiah talton,G,Jr,0,1,1,0.0,,1,0.0,,3,0.0,,4,0.0,,19,0.3684210526315789,0.8571428571428571,0.8571428571428571,23,0.043478260869565216,0.13043478260869565,0.8260869565217391,0.17391304347826086,0,0.0,,2026,2026
Bradley Douglas,James Madison,19,18,0,4,9,0,16,26,10,0,0,0,bradley douglas,G,Sr,19,18,37,0.5135135135135135,0.0,37,0.5135135135135135,0.0,13,0.3076923076923077,0.0,50,0.46,0.0,42,0.38095238095238093,0.625,0.2564102564102564,92,0.40217391304347827,0.14130434782608695,0.45652173913043476,0.5434782608695652,0,0.0,,2026,2026
Johan Nziemi,Longwood,20,17,8,0,2,0,2,4,2,3,0,3,johan nziemi,G,Sr,17,17,34,0.5,0.29411764705882354,37,0.5405405405405406,0.4,2,0.0,,39,0.5128205128205128,0.4,6,0.3333333333333333,1.0,0.45454545454545453,45,0.8222222222222222,0.044444444444444446,0.13333333333333333,0.8666666666666667,3,0.06666666666666667,1.0,2026,2026
Tru Washington,Miami FL,26,16,11,9,10,0,12,18,9,3,1,1,tru washington,G,Jr,23,15,38,0.6052631578947368,0.43478260869565216,42,0.6190476190476191,0.4230769230769231,19,0.47368421052631576,0.0,61,0.5737704918032787,0.3142857142857143,30,0.4,0.75,0.425531914893617,91,0.46153846153846156,0.2087912087912088,0.32967032967032966,0.6703296703296703,4,0.04395604395604396,0.75,2026,2026
JT Toppin,Texas Tech,43,14,21,21,28,12,2,14,2,5,0,5,jt toppin,F,Jr,38,14,52,0.7307692307692307,0.42105263157894735,57,0.7543859649122807,0.4883720930232558,49,0.42857142857142855,0.5714285714285714,106,0.6037735849056604,0.515625,16,0.125,1.0,0.5303030303030303,122,0.4672131147540984,0.4016393442622951,0.13114754098360656,0.8688524590163934,5,0.040983606557377046,1.0,2026,2026
Amani Hansberry,Virginia Tech,38,20,26,8,13,5,7,24,6,9,0,8,amani hansberry,F,Jr,29,20,49,0.5918367346938775,0.6206896551724138,58,0.6551724137931034,0.6842105263157895,21,0.38095238095238093,0.625,79,0.5822784810126582,0.6739130434782609,31,0.22580645161290322,0.8571428571428571,0.6981132075471698,110,0.5272727272727272,0.19090909090909092,0.2818181818181818,0.7181818181818181,9,0.08181818181818182,1.0,2026,2026
Magoon Gwath,San Diego St.,9,7,6,2,2,2,4,3,4,1,0,1,magoon gwath,F,So,8,7,15,0.5333333333333333,0.625,16,0.5625,0.6666666666666666,4,0.5,1.0,20,0.55,0.7272727272727273,7,0.5714285714285714,1.0,0.8,27,0.5925925925925926,0.14814814814814814,0.25925925925925924,0.7407407407407407,1,0.037037037037037035,1.0,2026,2026
Dian Wright-Forde,Norfolk St.,9,7,2,2,2,1,0,4,0,0,0,0,dian wright-forde,G,Sr,9,7,16,0.5625,0.2222222222222222,16,0.5625,0.2222222222222222,4,0.5,0.5,20,0.55,0.2727272727272727,4,0.0,,0.2727272727272727,24,0.6666666666666666,0.16666666666666666,0.16666666666666666,0.8333333333333334,0,0.0,,2026,2026
Shilo Jackson,Le Moyne,41,10,22,9,15,4,1,0,0,12,1,8,shilo jackson,F,Sr,29,9,38,0.7631578947368421,0.4827586206896552,51,0.803921568627451,0.5365853658536586,24,0.375,0.4444444444444444,75,0.6666666666666666,0.52,1,1.0,0.0,0.5098039215686274,76,0.6710526315789473,0.3157894736842105,0.013157894736842105,0.9868421052631579,13,0.17105263157894737,0.9230769230769231,2026,2026
Darius Duffy,Purdue Fort Wayne,24,6,16,0,0,0,0,0,0,13,0,11,darius duffy,C,Sr,11,6,17,0.6470588235294118,0.45454545454545453,30,0.8,0.6666666666666666,0,,,30,0.8,0.6666666666666666,0,,,0.6666666666666666,30,1.0,0.0,0.0,1.0,13,0.43333333333333335,1.0,2026,2026
Devon Ellis,Norfolk St.,15,12,5,5,3,0,4,8,4,0,0,0,devon ellis,G,Sr,15,12,27,0.5555555555555556,0.3333333333333333,27,0.5555555555555556,0.3333333333333333,8,0.625,0.0,35,0.5714285714285714,0.25,12,0.3333333333333333,1.0,0.375,47,0.574468085106383,0.1702127659574468,0.2553191489361702,0.7446808510638298,0,0.0,,2026,2026
Egan Shields,Northern Colorado,16,7,12,5,3,1,0,0,0,4,0,4,egan shields,C,Jr,12,7,19,0.631578947368421,0.6666666666666666,23,0.6956521739130435,0.75,8,0.625,0.2,31,0.6774193548387096,0.6190476190476191,0,,,0.6190476190476191,31,0.7419354838709677,0.25806451612903225,0.0,1.0,4,0.12903225806451613,1.0,2026,2026
Jaylen Smith,East Tennessee St.,7,5,1,6,5,0,17,35,12,0,0,0,jaylen smith,G,Jr,7,5,12,0.5833333333333334,0.14285714285714285,12,0.5833333333333334,0.14285714285714285,11,0.5454545454545454,0.0,23,0.5652173913043478,0.07692307692307693,52,0.3269230769230769,0.7058823529411765,0.43333333333333335,75,0.16,0.14666666666666667,0.6933333333333334,0.30666666666666664,0,0.0,,2026,2026
Jasai Miles,Indiana,4,1,2,0,1,0,2,5,2,2,0,0,jasai miles,F,Jr,2,1,3,0.6666666666666666,1.0,5,0.8,0.5,1,0.0,,6,0.6666666666666666,0.5,7,0.2857142857142857,1.0,0.6666666666666666,13,0.38461538461538464,0.07692307692307693,0.5384615384615384,0.46153846153846156,2,0.15384615384615385,1.0,2026,2026
Brandon McCreesh,Bucknell,7,5,5,2,5,1,12,20,12,0,0,0,brandon mccreesh,G,Jr,7,5,12,0.5833333333333334,0.7142857142857143,12,0.5833333333333334,0.7142857142857143,7,0.2857142857142857,0.5,19,0.47368421052631576,0.6666666666666666,32,0.375,1.0,0.8571428571428571,51,0.23529411764705882,0.13725490196078433,0.6274509803921569,0.37254901960784315,0,0.0,,2026,2026
Tylen Riley,Tulsa,17,23,3,2,5,0,7,4,7,1,0,1,tylen riley,G,Jr,16,23,39,0.41025641025641024,0.125,40,0.425,0.17647058823529413,7,0.2857142857142857,0.0,47,0.40425531914893614,0.15789473684210525,11,0.6363636363636364,1.0,0.38461538461538464,58,0.6896551724137931,0.1206896551724138,0.1896551724137931,0.8103448275862069,1,0.017241379310344827,1.0,2026,2026
Jonathan Griman,Cal Baptist,25,10,18,4,3,0,0,5,0,12,2,10,jonathan griman,C,Jr,13,8,21,0.6190476190476191,0.6153846153846154,35,0.7142857142857143,0.72,7,0.5714285714285714,0.0,42,0.6904761904761905,0.6206896551724138,5,0.0,,0.6206896551724138,47,0.7446808510638298,0.14893617021276595,0.10638297872340426,0.8936170212765957,14,0.2978723404255319,0.8571428571428571,2026,2026
Tyler Perkins,Villanova,17,11,11,2,8,0,14,19,9,1,1,0,tyler perkins,G,Jr,16,10,26,0.6153846153846154,0.6875,28,0.6071428571428571,0.6470588235294118,10,0.2,0.0,38,0.5,0.5789473684210527,33,0.42424242424242425,0.6428571428571429,0.6060606060606061,71,0.39436619718309857,0.14084507042253522,0.4647887323943662,0.5352112676056338,2,0.028169014084507043,0.5,2026,2026
Elliot Cadeau,Michigan,10,7,2,2,6,1,11,19,7,0,0,0,elliot cadeau,G,So,10,7,17,0.5882352941176471,0.2,17,0.5882352941176471,0.2,8,0.25,0.5,25,0.48,0.25,30,0.36666666666666664,0.6363636363636364,0.43478260869565216,55,0.3090909090909091,0.14545454545454545,0.5454545454545454,0.45454545454545453,0,0.0,,2026,2026
Jelani Hamilton,Georgia St.,3,5,1,4,6,1,8,12,6,0,0,0,jelani hamilton,G,So,3,5,8,0.375,0.3333333333333333,8,0.375,0.3333333333333333,10,0.4,0.25,18,0.3888888888888889,0.2857142857142857,20,0.4,0.75,0.5333333333333333,38,0.21052631578947367,0.2631578947368421,0.5263157894736842,0.47368421052631576,0,0.0,,2026,2026
Austin Parks,Toledo,24,10,13,6,6,2,1,4,1,6,0,5,austin parks,F,Jr,18,10,28,0.6428571428571429,0.4444444444444444,34,0.7058823529411765,0.5416666666666666,12,0.5,0.3333333333333333,46,0.6521739130434783,0.5,5,0.2,1.0,0.5161290322580645,51,0.6666666666666666,0.23529411764705882,0.09803921568627451,0.9019607843137255,6,0.11764705882352941,1.0,2026,2026
Eric Dailey Jr.,UCLA,14,5,8,8,9,4,12,15,8,5,0,5,eric dailey jr.,F,Jr,9,5,14,0.6428571428571429,0.3333333333333333,19,0.7368421052631579,0.5714285714285714,17,0.47058823529411764,0.5,36,0.6111111111111112,0.5454545454545454,27,0.4444444444444444,0.6666666666666666,0.5882352941176471,63,0.30158730158730157,0.2698412698412698,0.42857142857142855,0.5714285714285714,5,0.07936507936507936,1.0,2026,2026
Kaden Cooper,Louisiana Tech,16,18,9,1,3,0,3,6,3,4,1,4,kaden cooper,F,Jr,12,17,29,0.41379310344827586,0.4166666666666667,34,0.47058823529411764,0.5625,4,0.25,0.0,38,0.4473684210526316,0.5294117647058824,9,0.3333333333333333,1.0,0.6,47,0.723404255319149,0.0851063829787234,0.19148936170212766,0.8085106382978723,5,0.10638297872340426,0.8,2026,2026
Jamyron Keller,Louisiana,2,2,0,5,8,0,4,9,3,0,0,0,jamyron keller,G,Jr,2,2,4,0.5,0.0,4,0.5,0.0,13,0.38461538461538464,0.0,17,0.4117647058823529,0.0,13,0.3076923076923077,0.75,0.2727272727272727,30,0.13333333333333333,0.43333333333333335,0.43333333333333335,0.5666666666666667,0,0.0,,2026,2026
Connor Dow,Oral Roberts,10,3,3,1,4,0,28,48,20,2,0,2,connor dow,F,Jr,8,3,11,0.7272727272727273,0.125,13,0.7692307692307693,0.3,5,0.2,0.0,18,0.6111111111111112,0.2727272727272727,76,0.3684210526315789,0.7142857142857143,0.5897435897435898,94,0.13829787234042554,0.05319148936170213,0.8085106382978723,0.19148936170212766,2,0.02127659574468085,1.0,2026,2026
Brandon Garrison,Kentucky,15,7,11,5,5,1,2,3,2,8,0,8,brandon garrison,C,Jr,7,7,14,0.5,0.42857142857142855,22,0.6818181818181818,0.7333333333333333,10,0.5,0.2,32,0.625,0.6,5,0.4,1.0,0.6363636363636364,37,0.5945945945945946,0.2702702702702703,0.13513513513513514,0.8648648648648649,8,0.21621621621621623,1.0,2026,2026
Justin McBride,James Madison,29,16,14,10,19,2,22,20,19,1,0,1,justin mcbride,F,So,28,16,44,0.6363636363636364,0.4642857142857143,45,0.6444444444444445,0.4827586206896552,29,0.3448275862068966,0.2,74,0.527027027027027,0.41025641025641024,42,0.5238095238095238,0.8636363636363636,0.5737704918032787,116,0.3879310344827586,0.25,0.3620689655172414,0.6379310344827587,1,0.008620689655172414,1.0,2026,2026
Jackson Holcombe,Utah Valley,31,11,15,10,11,1,0,9,0,3,0,3,jackson holcombe,G,So,28,11,39,0.717948717948718,0.42857142857142855,42,0.7380952380952381,0.4838709677419355,21,0.47619047619047616,0.1,63,0.6507936507936508,0.3902439024390244,9,0.0,,0.3902439024390244,72,0.5833333333333334,0.2916666666666667,0.125,0.875,3,0.041666666666666664,1.0,2026,2026
Karson Templin,Utah St.,21,7,15,6,10,4,0,5,0,1,0,1,karson templin,C,Jr,20,7,27,0.7407407407407407,0.7,28,0.75,0.7142857142857143,16,0.375,0.6666666666666666,44,0.6136363636363636,0.7037037037037037,5,0.0,,0.7037037037037037,49,0.5714285714285714,0.32653061224489793,0.10204081632653061,0.8979591836734694,1,0.02040816326530612,1.0,2026,2026
Nate Kingz,Syracuse,17,8,3,2,1,1,10,30,9,0,0,0,nate kingz,G,Sr,17,8,25,0.68,0.17647058823529413,25,0.68,0.17647058823529413,3,0.6666666666666666,0.5,28,0.6785714285714286,0.21052631578947367,40,0.25,0.9,0.4482758620689655,68,0.36764705882352944,0.04411764705882353,0.5882352941176471,0.4117647058823529,0,0.0,,2026,2026
Jahmere Tripp,Rhode Island,23,24,8,1,4,0,13,15,11,1,0,0,jahmere tripp,G,Jr,22,24,46,0.4782608695652174,0.36363636363636365,47,0.48936170212765956,0.34782608695652173,5,0.2,0.0,52,0.46153846153846156,0.3333333333333333,28,0.4642857142857143,0.8461538461538461,0.5135135135135135,80,0.5875,0.0625,0.35,0.65,1,0.0125,1.0,2026,2026
Devin Vanterpool,Florida Atlantic,16,13,3,7,4,0,14,21,10,2,0,1,devin vanterpool,G,So,14,13,27,0.5185185185185185,0.14285714285714285,29,0.5517241379310345,0.1875,11,0.6363636363636364,0.0,40,0.575,0.13043478260869565,35,0.4,0.7142857142857143,0.35135135135135137,75,0.38666666666666666,0.14666666666666667,0.4666666666666667,0.5333333333333333,2,0.02666666666666667,1.0,2026,2026
Jason Edwards,Providence,17,12,4,21,19,3,22,41,18,0,0,0,jason edwards,G,Sr,17,12,29,0.5862068965517241,0.23529411764705882,29,0.5862068965517241,0.23529411764705882,40,0.525,0.14285714285714285,69,0.5507246376811594,0.18421052631578946,63,0.3492063492063492,0.8181818181818182,0.4166666666666667,132,0.2196969696969697,0.30303030303030304,0.4772727272727273,0.5227272727272727,0,0.0,,2026,2026
Ty Pence,Illinois St.,16,10,6,11,6,1,9,10,9,2,1,1,ty pence,F,Jr,14,9,23,0.6086956521739131,0.35714285714285715,26,0.6153846153846154,0.375,17,0.6470588235294118,0.09090909090909091,43,0.627906976744186,0.25925925925925924,19,0.47368421052631576,1.0,0.4444444444444444,62,0.41935483870967744,0.27419354838709675,0.3064516129032258,0.6935483870967742,3,0.04838709677419355,0.6666666666666666,2026,2026
Dra Gibbs-Lawhorn,UNLV,21,15,9,13,13,3,14,38,12,3,0,3,dra gibbs-lawhorn,G,Jr,18,15,33,0.5454545454545454,0.3333333333333333,36,0.5833333333333334,0.42857142857142855,26,0.5,0.23076923076923078,62,0.5483870967741935,0.35294117647058826,52,0.2692307692307692,0.8571428571428571,0.5,114,0.3157894736842105,0.22807017543859648,0.45614035087719296,0.543859649122807,3,0.02631578947368421,1.0,2026,2026
Miles Klapper,Idaho,2,1,0,1,0,0,4,7,4,0,0,0,miles klapper,G,Jr,2,1,3,0.6666666666666666,0.0,3,0.6666666666666666,0.0,1,1.0,0.0,4,0.75,0.0,11,0.36363636363636365,1.0,0.5714285714285714,15,0.2,0.06666666666666667,0.7333333333333333,0.26666666666666666,0,0.0,,2026,2026
Josiah Lake II,Oregon St.,18,13,1,10,8,2,8,18,6,0,0,0,josiah lake ii,G,Jr,18,13,31,0.5806451612903226,0.05555555555555555,31,0.5806451612903226,0.05555555555555555,18,0.5555555555555556,0.2,49,0.5714285714285714,0.10714285714285714,26,0.3076923076923077,0.75,0.25,75,0.41333333333333333,0.24,0.3466666666666667,0.6533333333333333,0,0.0,,2026,2026
David Fuchs,San Francisco,16,15,11,3,5,1,3,1,3,4,0,3,david fuchs,F,Jr,12,15,27,0.4444444444444444,0.6666666666666666,31,0.5161290322580645,0.6875,8,0.375,0.3333333333333333,39,0.48717948717948717,0.631578947368421,4,0.75,1.0,0.6818181818181818,43,0.7209302325581395,0.18604651162790697,0.09302325581395349,0.9069767441860465,4,0.09302325581395349,1.0,2026,2026
Nils Cooper,UC Davis,26,5,9,9,8,0,4,7,4,8,0,6,nils cooper,G,Jr,18,5,23,0.782608695652174,0.16666666666666666,31,0.8387096774193549,0.34615384615384615,17,0.5294117647058824,0.0,48,0.7291666666666666,0.2571428571428571,11,0.36363636363636365,1.0,0.3333333333333333,59,0.5254237288135594,0.288135593220339,0.1864406779661017,0.8135593220338984,8,0.13559322033898305,1.0,2026,2026
Ethan Okwuosa,Boston University,4,0,3,2,3,1,5,9,3,2,0,1,ethan okwuosa,G,Sr,2,0,2,1.0,1.0,4,1.0,0.75,5,0.4,0.5,9,0.6666666666666666,0.6666666666666666,14,0.35714285714285715,0.6,0.6363636363636364,23,0.17391304347826086,0.21739130434782608,0.6086956521739131,0.391304347826087,2,0.08695652173913043,1.0,2026,2026
Yanis Ndjonga,McNeese St.,5,1,4,0,0,0,1,0,1,1,0,1,yanis ndjonga,F,Jr,4,1,5,0.8,0.75,6,0.8333333333333334,0.8,0,,,6,0.8333333333333334,0.8,1,1.0,1.0,0.8333333333333334,7,0.8571428571428571,0.0,0.14285714285714285,0.8571428571428571,1,0.14285714285714285,1.0,2026,2026
Joey Chammaa,Arkansas St.,2,3,0,0,1,0,6,4,6,0,0,0,joey chammaa,G,So,2,3,5,0.4,0.0,5,0.4,0.0,1,0.0,,6,0.3333333333333333,0.0,10,0.6,1.0,0.75,16,0.3125,0.0625,0.625,0.375,0,0.0,,2026,2026
Aden Holloway,Alabama,9,7,0,8,7,0,21,28,14,0,0,0,aden holloway,G,Jr,9,7,16,0.5625,0.0,16,0.5625,0.0,15,0.5333333333333333,0.0,31,0.5483870967741935,0.0,49,0.42857142857142855,0.6666666666666666,0.3684210526315789,80,0.2,0.1875,0.6125,0.3875,0,0.0,,2026,2026
Nikolaos Chitikoudis,Robert Morris,27,19,14,20,21,7,0,2,0,0,0,0,nikolaos chitikoudis,F,Jr,27,19,46,0.5869565217391305,0.5185185185185185,46,0.5869565217391305,0.5185185185185185,41,0.4878048780487805,0.35,87,0.5402298850574713,0.44680851063829785,2,0.0,,0.44680851063829785,89,0.5168539325842697,0.4606741573033708,0.02247191011235955,0.9775280898876404,0,0.0,,2026,2026
Miro Little,UC Santa Barbara,14,9,3,7,6,1,5,16,3,0,0,0,miro little,G,Jr,14,9,23,0.6086956521739131,0.21428571428571427,23,0.6086956521739131,0.21428571428571427,13,0.5384615384615384,0.14285714285714285,36,0.5833333333333334,0.19047619047619047,21,0.23809523809523808,0.6,0.2692307692307692,57,0.40350877192982454,0.22807017543859648,0.3684210526315789,0.631578947368421,0,0.0,,2026,2026
Kenyon Goodin,Bellarmine,8,8,2,2,1,0,10,15,10,0,0,0,kenyon goodin,G,Jr,8,8,16,0.5,0.25,16,0.5,0.25,3,0.6666666666666666,0.0,19,0.5263157894736842,0.2,25,0.4,1.0,0.6,44,0.36363636363636365,0.06818181818181818,0.5681818181818182,0.4318181818181818,0,0.0,,2026,2026
Andrew McKeever,Saint Mary's,27,11,12,5,13,3,0,0,0,3,0,3,andrew mckeever,C,Jr,24,11,35,0.6857142857142857,0.375,38,0.7105263157894737,0.4444444444444444,18,0.2777777777777778,0.6,56,0.5714285714285714,0.46875,0,,,0.46875,56,0.6785714285714286,0.32142857142857145,0.0,1.0,3,0.05357142857142857,1.0,2026,2026
Yaxel Lendeborg,Michigan,24,3,12,3,1,0,16,24,14,7,0,7,yaxel lendeborg,F,Sr,17,3,20,0.85,0.29411764705882354,27,0.8888888888888888,0.5,4,0.75,0.0,31,0.8709677419354839,0.4444444444444444,40,0.4,0.875,0.6046511627906976,71,0.38028169014084506,0.056338028169014086,0.5633802816901409,0.43661971830985913,7,0.09859154929577464,1.0,2026,2026
Jaylen Searles,Nicholls St.,11,6,4,2,15,0,13,22,9,2,0,2,jaylen searles,F,Sr,9,6,15,0.6,0.2222222222222222,17,0.6470588235294118,0.36363636363636365,17,0.11764705882352941,0.0,34,0.38235294117647056,0.3076923076923077,35,0.37142857142857144,0.6923076923076923,0.5,69,0.2463768115942029,0.2463768115942029,0.5072463768115942,0.4927536231884058,2,0.028985507246376812,1.0,2026,2026
Kalifa Sakho,Houston,4,2,2,0,0,0,0,0,0,2,0,1,kalifa sakho,C,Sr,2,2,4,0.5,0.5,6,0.6666666666666666,0.5,0,,,6,0.6666666666666666,0.5,0,,,0.5,6,1.0,0.0,0.0,1.0,2,0.3333333333333333,1.0,2026,2026
Michael McNair,Boston University,11,14,4,3,7,2,32,27,21,1,0,1,michael mcnair,G,Jr,10,14,24,0.4166666666666667,0.3,25,0.44,0.36363636363636365,10,0.3,0.6666666666666666,35,0.4,0.42857142857142855,59,0.5423728813559322,0.65625,0.5869565217391305,94,0.26595744680851063,0.10638297872340426,0.6276595744680851,0.3723404255319149,1,0.010638297872340425,1.0,2026,2026
Marcus Hall,Green Bay,7,5,3,1,5,0,14,24,12,0,0,0,marcus hall,G,Jr,7,5,12,0.5833333333333334,0.42857142857142855,12,0.5833333333333334,0.42857142857142855,6,0.16666666666666666,0.0,18,0.4444444444444444,0.375,38,0.3684210526315789,0.8571428571428571,0.6818181818181818,56,0.21428571428571427,0.10714285714285714,0.6785714285714286,0.32142857142857145,0,0.0,,2026,2026
Andrew Phillips,Lafayette,23,25,10,4,12,0,19,38,19,0,1,0,andrew phillips,G,Jr,23,24,47,0.48936170212765956,0.43478260869565216,48,0.4791666666666667,0.43478260869565216,16,0.25,0.0,64,0.421875,0.37037037037037035,57,0.3333333333333333,1.0,0.6304347826086957,121,0.39669421487603307,0.1322314049586777,0.47107438016528924,0.5289256198347108,1,0.008264462809917356,0.0,2026,2026
Taylor Bol Bowen,Alabama,14,2,11,4,1,1,10,21,10,5,0,4,taylor bol bowen,F,Jr,9,2,11,0.8181818181818182,0.7777777777777778,16,0.875,0.7857142857142857,5,0.8,0.25,21,0.8571428571428571,0.6666666666666666,31,0.3225806451612903,1.0,0.7857142857142857,52,0.3076923076923077,0.09615384615384616,0.5961538461538461,0.40384615384615385,5,0.09615384615384616,1.0,2026,2026
Garwey Dual,McNeese St.,15,8,0,13,9,3,2,9,2,2,0,0,garwey dual,G,Jr,13,8,21,0.6190476190476191,0.0,23,0.6521739130434783,0.0,22,0.5909090909090909,0.23076923076923078,45,0.6222222222222222,0.10714285714285714,11,0.18181818181818182,1.0,0.16666666666666666,56,0.4107142857142857,0.39285714285714285,0.19642857142857142,0.8035714285714286,2,0.03571428571428571,1.0,2026,2026
Kory Mincy,George Mason,11,3,3,14,16,1,28,27,20,0,0,0,kory mincy,G,Jr,11,3,14,0.7857142857142857,0.2727272727272727,14,0.7857142857142857,0.2727272727272727,30,0.4666666666666667,0.07142857142857142,44,0.5681818181818182,0.16,55,0.509090909090909,0.7142857142857143,0.4528301886792453,99,0.1414141414141414,0.30303030303030304,0.5555555555555556,0.4444444444444444,0,0.0,,2026,2026
Tyler Harris,Vanderbilt,9,2,7,9,8,1,12,28,12,4,0,4,tyler harris,F,Jr,5,2,7,0.7142857142857143,0.6,11,0.8181818181818182,0.7777777777777778,17,0.5294117647058824,0.1111111111111111,28,0.6428571428571429,0.4444444444444444,40,0.3,1.0,0.6666666666666666,68,0.16176470588235295,0.25,0.5882352941176471,0.4117647058823529,4,0.058823529411764705,1.0,2026,2026
Day Day Thomas,Cincinnati,6,13,3,3,14,2,27,28,21,1,0,1,day day thomas,G,Sr,5,13,18,0.2777777777777778,0.4,19,0.3157894736842105,0.5,17,0.17647058823529413,0.6666666666666666,36,0.25,0.5555555555555556,55,0.4909090909090909,0.7777777777777778,0.7222222222222222,91,0.2087912087912088,0.18681318681318682,0.6043956043956044,0.3956043956043956,1,0.01098901098901099,1.0,2026,2026
Karon Boyd,Wichita St.,20,12,12,7,12,0,10,17,10,5,0,4,karon boyd,F,Sr,15,12,27,0.5555555555555556,0.5333333333333333,32,0.625,0.6,19,0.3684210526315789,0.0,51,0.5294117647058824,0.4444444444444444,27,0.37037037037037035,1.0,0.5945945945945946,78,0.41025641025641024,0.24358974358974358,0.34615384615384615,0.6538461538461539,5,0.0641025641025641,1.0,2026,2026
Kobe Rodgers,Louisville,9,3,4,2,0,0,5,7,5,0,0,0,kobe rodgers,G,Sr,9,3,12,0.75,0.4444444444444444,12,0.75,0.4444444444444444,2,1.0,0.0,14,0.7857142857142857,0.36363636363636365,12,0.4166666666666667,1.0,0.5625,26,0.46153846153846156,0.07692307692307693,0.46153846153846156,0.5384615384615384,0,0.0,,2026,2026
Jayden Barrs,Lamar,3,3,1,2,5,1,2,3,2,0,0,0,jayden barrs,G,So,3,3,6,0.5,0.3333333333333333,6,0.5,0.3333333333333333,7,0.2857142857142857,0.5,13,0.38461538461538464,0.4,5,0.4,1.0,0.5714285714285714,18,0.3333333333333333,0.3888888888888889,0.2777777777777778,0.7222222222222222,0,0.0,,2026,2026
Chandler Cuthrell,Elon,49,28,18,3,6,0,10,18,9,6,3,3,chandler cuthrell,F,Sr,43,25,68,0.6323529411764706,0.3488372093023256,77,0.6363636363636364,0.3673469387755102,9,0.3333333333333333,0.0,86,0.6046511627906976,0.34615384615384615,28,0.35714285714285715,0.9,0.43548387096774194,114,0.6754385964912281,0.07894736842105263,0.24561403508771928,0.7543859649122807,9,0.07894736842105263,0.6666666666666666,2026,2026
Corey Camper Jr.,Nevada,17,12,11,13,19,10,16,27,16,4,0,2,corey camper jr.,G,Sr,13,12,25,0.52,0.6923076923076923,29,0.5862068965517241,0.6470588235294118,32,0.40625,0.7692307692307693,61,0.4918032786885246,0.7,43,0.37209302325581395,1.0,0.8043478260869565,104,0.27884615384615385,0.3076923076923077,0.41346153846153844,0.5865384615384616,4,0.038461538461538464,1.0,2026,2026
Xzayvier Brown,Oklahoma,21,10,8,11,13,0,10,31,8,0,0,0,xzayvier brown,G,Jr,21,10,31,0.6774193548387096,0.38095238095238093,31,0.6774193548387096,0.38095238095238093,24,0.4583333333333333,0.0,55,0.5818181818181818,0.25,41,0.24390243902439024,0.8,0.38095238095238093,96,0.3229166666666667,0.25,0.4270833333333333,0.5729166666666666,0,0.0,,2026,2026
Christian Hammond,Santa Clara,18,20,9,14,8,5,16,20,15,0,0,0,christian hammond,G,So,18,20,38,0.47368421052631576,0.5,38,0.47368421052631576,0.5,22,0.6363636363636364,0.35714285714285715,60,0.5333333333333333,0.4375,36,0.4444444444444444,0.9375,0.6041666666666666,96,0.3958333333333333,0.22916666666666666,0.375,0.625,0,0.0,,2026,2026
Elmarko Jackson,Kansas,5,2,1,3,11,0,6,10,5,1,0,1,elmarko jackson,G,Jr,4,2,6,0.6666666666666666,0.0,7,0.7142857142857143,0.2,14,0.21428571428571427,0.0,21,0.38095238095238093,0.125,16,0.375,0.8333333333333334,0.42857142857142855,37,0.1891891891891892,0.3783783783783784,0.43243243243243246,0.5675675675675675,1,0.02702702702702703,1.0,2026,2026
Marqus Marion,Wake Forest,6,2,2,1,2,0,1,6,1,3,0,2,marqus marion,F,Jr,3,2,5,0.6,0.0,8,0.75,0.3333333333333333,3,0.3333333333333333,0.0,11,0.6363636363636364,0.2857142857142857,7,0.14285714285714285,1.0,0.375,18,0.4444444444444444,0.16666666666666666,0.3888888888888889,0.6111111111111112,3,0.16666666666666666,1.0,2026,2026
Mike Williams III,Seton Hall,10,9,3,6,10,1,14,22,13,0,0,0,mike williams iii,G,So,10,9,19,0.5263157894736842,0.3,19,0.5263157894736842,0.3,16,0.375,0.16666666666666666,35,0.45714285714285713,0.25,36,0.3888888888888889,0.9285714285714286,0.5666666666666667,71,0.2676056338028169,0.22535211267605634,0.5070422535211268,0.49295774647887325,0,0.0,,2026,2026
Brandon Rechsteiner,Colorado St.,5,4,2,4,5,0,26,33,19,0,0,0,brandon rechsteiner,G,Jr,5,4,9,0.5555555555555556,0.4,9,0.5555555555555556,0.4,9,0.4444444444444444,0.0,18,0.5,0.2222222222222222,59,0.4406779661016949,0.7307692307692307,0.6,77,0.11688311688311688,0.11688311688311688,0.7662337662337663,0.23376623376623376,0,0.0,,2026,2026
Corey Chest,Mississippi,11,7,7,1,3,1,0,0,0,6,0,4,corey chest,C,So,5,7,12,0.4166666666666667,0.6,18,0.6111111111111112,0.6363636363636364,4,0.25,1.0,22,0.5454545454545454,0.6666666666666666,0,,,0.6666666666666666,22,0.8181818181818182,0.18181818181818182,0.0,1.0,6,0.2727272727272727,1.0,2026,2026
Trent Johnson,Houston Christian,1,5,1,3,2,1,12,17,9,1,0,1,trent johnson,G,Sr,0,5,5,0.0,,6,0.16666666666666666,1.0,5,0.6,0.3333333333333333,11,0.36363636363636365,0.5,29,0.41379310344827586,0.75,0.6875,40,0.15,0.125,0.725,0.275,1,0.025,1.0,2026,2026
Eric Parnell,Fairleigh Dickinson,6,2,3,3,7,0,21,36,18,2,0,1,eric parnell,G,Sr,4,2,6,0.6666666666666666,0.5,8,0.75,0.5,10,0.3,0.0,18,0.5,0.3333333333333333,57,0.3684210526315789,0.8571428571428571,0.7,75,0.10666666666666667,0.13333333333333333,0.76,0.24,2,0.02666666666666667,1.0,2026,2026
Emmanuel Innocenti,Gonzaga,9,1,4,3,3,1,10,11,10,1,0,0,emmanuel innocenti,G,Jr,8,1,9,0.8888888888888888,0.5,10,0.9,0.4444444444444444,6,0.5,0.3333333333333333,16,0.75,0.4166666666666667,21,0.47619047619047616,1.0,0.6818181818181818,37,0.2702702702702703,0.16216216216216217,0.5675675675675675,0.43243243243243246,1,0.02702702702702703,1.0,2026,2026
Bubu Benjamin,George Washington,16,11,11,3,1,1,13,26,13,3,1,2,bubu benjamin,G,Jr,13,10,23,0.5652173913043478,0.6923076923076923,27,0.5925925925925926,0.6875,4,0.75,0.3333333333333333,31,0.6129032258064516,0.631578947368421,39,0.3333333333333333,1.0,0.78125,70,0.38571428571428573,0.05714285714285714,0.5571428571428572,0.44285714285714284,4,0.05714285714285714,0.75,2026,2026
Chase Forte,Boston College,13,12,0,3,7,0,9,23,6,1,0,0,chase forte,G,Sr,12,12,24,0.5,0.0,25,0.52,0.0,10,0.3,0.0,35,0.45714285714285713,0.0,32,0.28125,0.6666666666666666,0.24,67,0.373134328358209,0.14925373134328357,0.47761194029850745,0.5223880597014925,1,0.014925373134328358,1.0,2026,2026
Sean Smith,Middle Tennessee,6,4,1,17,19,5,5,8,3,0,0,0,sean smith,G,Sr,6,4,10,0.6,0.16666666666666666,10,0.6,0.16666666666666666,36,0.4722222222222222,0.29411764705882354,46,0.5,0.2608695652173913,13,0.38461538461538464,0.6,0.32142857142857145,59,0.1694915254237288,0.6101694915254238,0.22033898305084745,0.7796610169491526,0,0.0,,2026,2026
Micah Octave,Florida A&M,3,2,1,0,2,0,1,3,1,0,0,0,micah octave,F,Sr,3,2,5,0.6,0.3333333333333333,5,0.6,0.3333333333333333,2,0.0,,7,0.42857142857142855,0.3333333333333333,4,0.25,1.0,0.5,11,0.45454545454545453,0.18181818181818182,0.36363636363636365,0.6363636363636364,0,0.0,,2026,2026
Baye Ndongo,Georgia Tech,33,16,20,3,5,3,2,4,2,3,0,2,baye ndongo,F,Jr,30,16,46,0.6521739130434783,0.6,49,0.673469387755102,0.6060606060606061,8,0.375,1.0,57,0.631578947368421,0.6388888888888888,6,0.3333333333333333,1.0,0.6578947368421053,63,0.7777777777777778,0.12698412698412698,0.09523809523809523,0.9047619047619048,3,0.047619047619047616,1.0,2026,2026
Darryl Simmons II,St. Bonaventure,8,11,4,20,24,2,19,28,16,0,0,0,darryl simmons ii,G,Jr,8,11,19,0.42105263157894735,0.5,19,0.42105263157894735,0.5,44,0.45454545454545453,0.1,63,0.4444444444444444,0.21428571428571427,47,0.40425531914893614,0.8421052631578947,0.46808510638297873,110,0.17272727272727273,0.4,0.42727272727272725,0.5727272727272728,0,0.0,,2026,2026
Ronald Jessamy,Cal St. Bakersfield,22,12,10,9,19,5,2,3,2,6,0,5,ronald jessamy,F,Jr,16,12,28,0.5714285714285714,0.3125,34,0.6470588235294118,0.45454545454545453,28,0.32142857142857145,0.5555555555555556,62,0.5,0.4838709677419355,5,0.4,1.0,0.5151515151515151,67,0.5074626865671642,0.417910447761194,0.07462686567164178,0.9253731343283582,6,0.08955223880597014,1.0,2026,2026
William Whorton,Memphis,4,6,2,0,0,0,0,1,0,2,0,2,william whorton,C,So,2,6,8,0.25,0.0,10,0.4,0.5,0,,,10,0.4,0.5,1,0.0,,0.5,11,0.9090909090909091,0.0,0.09090909090909091,0.9090909090909091,2,0.18181818181818182,1.0,2026,2026
Bubz Alvarez,South Dakota St.,3,1,1,0,0,0,1,1,1,1,0,0,bubz alvarez,G,So,2,1,3,0.6666666666666666,0.5,4,0.75,0.3333333333333333,0,,,4,0.75,0.3333333333333333,2,0.5,1.0,0.5,6,0.6666666666666666,0.0,0.3333333333333333,0.6666666666666666,1,0.16666666666666666,1.0,2026,2026
Damon Wilkinson,South Dakota St.,29,14,19,3,8,1,0,0,0,2,0,2,damon wilkinson,C,So,27,14,41,0.6585365853658537,0.6296296296296297,43,0.6744186046511628,0.6551724137931034,11,0.2727272727272727,0.3333333333333333,54,0.5925925925925926,0.625,0,,,0.625,54,0.7962962962962963,0.2037037037037037,0.0,1.0,2,0.037037037037037035,1.0,2026,2026
Jayden Reid,Northwestern,12,19,4,13,15,2,8,15,6,0,0,0,jayden reid,G,Jr,12,19,31,0.3870967741935484,0.3333333333333333,31,0.3870967741935484,0.3333333333333333,28,0.4642857142857143,0.15384615384615385,59,0.423728813559322,0.24,23,0.34782608695652173,0.75,0.36363636363636365,82,0.3780487804878049,0.34146341463414637,0.2804878048780488,0.7195121951219512,0,0.0,,2026,2026
Cooper Schwieger,Wake Forest,10,5,3,3,5,0,2,3,2,3,0,1,cooper schwieger,C,Jr,7,5,12,0.5833333333333334,0.2857142857142857,15,0.6666666666666666,0.3,8,0.375,0.0,23,0.5652173913043478,0.23076923076923078,5,0.4,1.0,0.3333333333333333,28,0.5357142857142857,0.2857142857142857,0.17857142857142858,0.8214285714285714,3,0.10714285714285714,1.0,2026,2026
Jahari Williamson,Kent St.,5,4,3,0,2,0,20,22,16,0,0,0,jahari williamson,G,So,5,4,9,0.5555555555555556,0.6,9,0.5555555555555556,0.6,2,0.0,,11,0.45454545454545453,0.6,42,0.47619047619047616,0.8,0.76,53,0.16981132075471697,0.03773584905660377,0.7924528301886793,0.20754716981132076,0,0.0,,2026,2026
Malik Presley,George Mason,18,10,10,1,2,1,4,6,4,1,0,1,malik presley,G,Jr,17,10,27,0.6296296296296297,0.5294117647058824,28,0.6428571428571429,0.5555555555555556,3,0.3333333333333333,1.0,31,0.6129032258064516,0.5789473684210527,10,0.4,1.0,0.6521739130434783,41,0.6829268292682927,0.07317073170731707,0.24390243902439024,0.7560975609756098,1,0.024390243902439025,1.0,2026,2026
Sam Orme,Belmont,29,12,18,1,1,0,15,26,15,11,0,10,sam orme,F,So,18,12,30,0.6,0.4444444444444444,41,0.7073170731707317,0.6206896551724138,2,0.5,0.0,43,0.6976744186046512,0.6,41,0.36585365853658536,1.0,0.7333333333333333,84,0.4880952380952381,0.023809523809523808,0.4880952380952381,0.5119047619047619,11,0.13095238095238096,1.0,2026,2026
Brigham Rogers,Belmont,31,7,17,1,3,1,0,0,0,4,0,4,brigham rogers,C,Jr,27,7,34,0.7941176470588235,0.48148148148148145,38,0.8157894736842105,0.5483870967741935,4,0.25,1.0,42,0.7619047619047619,0.5625,0,,,0.5625,42,0.9047619047619048,0.09523809523809523,0.0,1.0,4,0.09523809523809523,1.0,2026,2026
Gavin Walsh,UNC Wilmington,18,12,12,2,8,1,7,17,7,2,0,2,gavin walsh,F,Jr,16,12,28,0.5714285714285714,0.625,30,0.6,0.6666666666666666,10,0.2,0.5,40,0.5,0.65,24,0.2916666666666667,1.0,0.7407407407407407,64,0.46875,0.15625,0.375,0.625,2,0.03125,1.0,2026,2026
Michael Ajayi,Butler,31,22,13,14,17,2,6,16,6,10,2,7,michael ajayi,F,Sr,21,20,41,0.5121951219512195,0.2857142857142857,53,0.5849056603773585,0.41935483870967744,31,0.45161290322580644,0.14285714285714285,84,0.5357142857142857,0.3333333333333333,22,0.2727272727272727,1.0,0.4117647058823529,106,0.5,0.29245283018867924,0.20754716981132076,0.7924528301886793,12,0.11320754716981132,0.8333333333333334,2026,2026
Jonah Pierce,Presbyterian,47,34,24,8,15,4,0,1,0,7,0,4,jonah pierce,C,Sr,40,34,74,0.5405405405405406,0.5,81,0.5802469135802469,0.5106382978723404,23,0.34782608695652173,0.5,104,0.5288461538461539,0.509090909090909,1,0.0,,0.509090909090909,105,0.7714285714285715,0.21904761904761905,0.009523809523809525,0.9904761904761905,7,0.06666666666666667,1.0,2026,2026
Deyton Albury,New Mexico,23,13,5,0,3,0,4,9,3,1,0,0,deyton albury,G,Sr,22,13,35,0.6285714285714286,0.22727272727272727,36,0.6388888888888888,0.21739130434782608,3,0.0,,39,0.5897435897435898,0.21739130434782608,13,0.3076923076923077,0.75,0.2962962962962963,52,0.6923076923076923,0.057692307692307696,0.25,0.75,1,0.019230769230769232,1.0,2026,2026
Donovan Rivers,Jacksonville,21,11,12,2,4,0,0,0,0,2,0,2,donovan rivers,C,Jr,19,11,30,0.6333333333333333,0.5263157894736842,32,0.65625,0.5714285714285714,6,0.3333333333333333,0.0,38,0.6052631578947368,0.5217391304347826,0,,,0.5217391304347826,38,0.8421052631578947,0.15789473684210525,0.0,1.0,2,0.05263157894736842,1.0,2026,2026
Torey Alston,Middle Tennessee,22,14,11,9,9,1,0,3,0,9,1,8,torey alston,C,So,13,13,26,0.5,0.23076923076923078,36,0.6111111111111112,0.5,18,0.5,0.1111111111111111,54,0.5740740740740741,0.3870967741935484,3,0.0,,0.3870967741935484,57,0.631578947368421,0.3157894736842105,0.05263157894736842,0.9473684210526315,10,0.17543859649122806,0.9,2026,2026
Evan Ipsaro,Miami OH,14,7,5,6,1,0,9,12,8,0,0,0,evan ipsaro,G,Jr,14,7,21,0.6666666666666666,0.35714285714285715,21,0.6666666666666666,0.35714285714285715,7,0.8571428571428571,0.0,28,0.7142857142857143,0.25,21,0.42857142857142855,0.8888888888888888,0.4482758620689655,49,0.42857142857142855,0.14285714285714285,0.42857142857142855,0.5714285714285714,0,0.0,,2026,2026
Keanu Dawes,Utah,38,9,22,2,1,1,3,19,3,18,0,12,keanu dawes,F,Jr,20,9,29,0.6896551724137931,0.5,47,0.8085106382978723,0.5789473684210527,3,0.6666666666666666,0.5,50,0.8,0.575,22,0.13636363636363635,1.0,0.6046511627906976,72,0.6527777777777778,0.041666666666666664,0.3055555555555556,0.6944444444444444,18,0.25,1.0,2026,2026
Khaden Bennett,Wyoming,16,19,5,2,0,0,9,19,9,0,0,0,khaden bennett,G,Jr,16,19,35,0.45714285714285713,0.3125,35,0.45714285714285713,0.3125,2,1.0,0.0,37,0.4864864864864865,0.2777777777777778,28,0.32142857142857145,1.0,0.5185185185185185,65,0.5384615384615384,0.03076923076923077,0.4307692307692308,0.5692307692307692,0,0.0,,2026,2026
Teagan Moore,Western Kentucky,32,14,10,9,15,1,3,10,2,0,0,0,teagan moore,G,So,32,14,46,0.6956521739130435,0.3125,46,0.6956521739130435,0.3125,24,0.375,0.1111111111111111,70,0.5857142857142857,0.2682926829268293,13,0.23076923076923078,0.6666666666666666,0.29545454545454547,83,0.5542168674698795,0.2891566265060241,0.1566265060240964,0.8433734939759037,0,0.0,,2026,2026
Michael Sulaka,Western Michigan,8,4,3,1,0,1,1,2,1,1,0,1,michael sulaka,F,So,7,4,11,0.6363636363636364,0.2857142857142857,12,0.6666666666666666,0.375,1,1.0,1.0,13,0.6923076923076923,0.4444444444444444,3,0.3333333333333333,1.0,0.5,16,0.75,0.0625,0.1875,0.8125,1,0.0625,1.0,2026,2026
Joseph Tugler,Houston,18,12,13,13,22,7,1,0,1,12,1,9,joseph tugler,F,Jr,6,11,17,0.35294117647058826,0.6666666666666666,30,0.6,0.7222222222222222,35,0.37142857142857144,0.5384615384615384,65,0.47692307692307695,0.6451612903225806,1,1.0,1.0,0.65625,66,0.45454545454545453,0.5303030303030303,0.015151515151515152,0.9848484848484849,13,0.19696969696969696,0.9230769230769231,2026,2026
Abdi Bashir Jr.,Kansas St.,2,2,1,4,10,0,30,36,23,0,0,0,abdi bashir jr.,G,Jr,2,2,4,0.5,0.5,4,0.5,0.5,14,0.2857142857142857,0.0,18,0.3333333333333333,0.16666666666666666,66,0.45454545454545453,0.7666666666666667,0.6666666666666666,84,0.047619047619047616,0.16666666666666666,0.7857142857142857,0.21428571428571427,0,0.0,,2026,2026
Anthony Robinson II,Missouri,13,9,2,4,12,1,11,17,7,4,1,0,anthony robinson ii,G,Jr,9,8,17,0.5294117647058824,0.2222222222222222,22,0.5909090909090909,0.15384615384615385,16,0.25,0.25,38,0.4473684210526316,0.17647058823529413,28,0.39285714285714285,0.6363636363636364,0.35714285714285715,66,0.3333333333333333,0.24242424242424243,0.42424242424242425,0.5757575757575758,5,0.07575757575757576,0.8,2026,2026
Jordan Butler,South Carolina,11,1,6,2,3,2,1,10,1,4,0,4,jordan butler,F,Jr,7,1,8,0.875,0.2857142857142857,12,0.9166666666666666,0.5454545454545454,5,0.4,1.0,17,0.7647058823529411,0.6153846153846154,11,0.09090909090909091,1.0,0.6428571428571429,28,0.42857142857142855,0.17857142857142858,0.39285714285714285,0.6071428571428571,4,0.14285714285714285,1.0,2026,2026
Kevin Overton,Auburn,12,7,2,4,12,0,16,30,10,1,0,0,kevin overton,G,So,11,7,18,0.6111111111111112,0.18181818181818182,19,0.631578947368421,0.16666666666666666,16,0.25,0.0,35,0.45714285714285713,0.125,46,0.34782608695652173,0.625,0.375,81,0.2345679012345679,0.19753086419753085,0.5679012345679012,0.43209876543209874,1,0.012345679012345678,1.0,2026,2026
Pryce Sandfort,Nebraska,19,5,5,1,8,1,25,43,25,1,0,0,pryce sandfort,G,So,18,5,23,0.782608695652174,0.2777777777777778,24,0.7916666666666666,0.2631578947368421,9,0.1111111111111111,1.0,33,0.6060606060606061,0.3,68,0.36764705882352944,1.0,0.6888888888888889,101,0.2376237623762376,0.0891089108910891,0.6732673267326733,0.32673267326732675,1,0.009900990099009901,1.0,2026,2026
Rikus Schulte,Fordham,28,13,19,2,5,2,0,3,0,4,0,4,rikus schulte,C,Jr,24,13,37,0.6486486486486487,0.625,41,0.6829268292682927,0.6785714285714286,7,0.2857142857142857,1.0,48,0.625,0.7,3,0.0,,0.7,51,0.803921568627451,0.13725490196078433,0.058823529411764705,0.9411764705882353,4,0.0784313725490196,1.0,2026,2026
Brock Harding,TCU,14,6,3,8,19,0,9,20,6,0,0,0,brock harding,G,Jr,14,6,20,0.7,0.21428571428571427,20,0.7,0.21428571428571427,27,0.2962962962962963,0.0,47,0.46808510638297873,0.13636363636363635,29,0.3103448275862069,0.6666666666666666,0.2903225806451613,76,0.2631578947368421,0.35526315789473684,0.3815789473684211,0.618421052631579,0,0.0,,2026,2026
Cliff Davis,James Madison,12,6,3,2,6,0,28,54,26,0,0,0,cliff davis,G,Sr,12,6,18,0.6666666666666666,0.25,18,0.6666666666666666,0.25,8,0.25,0.0,26,0.5384615384615384,0.21428571428571427,82,0.34146341463414637,0.9285714285714286,0.6904761904761905,108,0.16666666666666666,0.07407407407407407,0.7592592592592593,0.24074074074074073,0,0.0,,2026,2026
DeJour Reaves,Fordham,23,20,5,16,20,1,7,19,5,0,0,0,dejour reaves,G,Sr,23,20,43,0.5348837209302325,0.21739130434782608,43,0.5348837209302325,0.21739130434782608,36,0.4444444444444444,0.0625,79,0.4936708860759494,0.15384615384615385,26,0.2692307692307692,0.7142857142857143,0.2391304347826087,105,0.4095238095238095,0.34285714285714286,0.24761904761904763,0.7523809523809524,0,0.0,,2026,2026
Ahmad Robinson,UAB,11,15,1,12,15,2,16,32,13,0,0,0,ahmad robinson,G,Sr,11,15,26,0.4230769230769231,0.09090909090909091,26,0.4230769230769231,0.09090909090909091,27,0.4444444444444444,0.16666666666666666,53,0.4339622641509434,0.13043478260869565,48,0.3333333333333333,0.8125,0.41025641025641024,101,0.25742574257425743,0.26732673267326734,0.4752475247524752,0.5247524752475248,0,0.0,,2026,2026
Carl Cherenfant,McNeese St.,9,5,5,2,0,0,3,7,3,2,0,1,carl cherenfant,F,Jr,7,5,12,0.5833333333333334,0.5714285714285714,14,0.6428571428571429,0.5555555555555556,2,1.0,0.0,16,0.6875,0.45454545454545453,10,0.3,1.0,0.5714285714285714,26,0.5384615384615384,0.07692307692307693,0.38461538461538464,0.6153846153846154,2,0.07692307692307693,1.0,2026,2026
Waka Mbatch,Montana St.,9,4,7,2,2,1,0,1,0,4,0,4,waka mbatch,C,So,5,4,9,0.5555555555555556,0.6,13,0.6923076923076923,0.7777777777777778,4,0.5,0.5,17,0.6470588235294118,0.7272727272727273,1,0.0,,0.7272727272727273,18,0.7222222222222222,0.2222222222222222,0.05555555555555555,0.9444444444444444,4,0.2222222222222222,1.0,2026,2026
"Jamie Kaiser, Jr.",Butler,18,9,9,2,2,0,11,13,10,5,0,2,"jamie kaiser, jr.",G,So,13,9,22,0.5909090909090909,0.5384615384615384,27,0.6666666666666666,0.5,4,0.5,0.0,31,0.6451612903225806,0.45,24,0.4583333333333333,0.9090909090909091,0.6129032258064516,55,0.4909090909090909,0.07272727272727272,0.43636363636363634,0.5636363636363636,5,0.09090909090909091,1.0,2026,2026
Jaylen Curry,Oklahoma St.,27,9,5,5,11,2,4,15,2,0,0,0,jaylen curry,G,Jr,27,9,36,0.75,0.18518518518518517,36,0.75,0.18518518518518517,16,0.3125,0.4,52,0.6153846153846154,0.21875,19,0.21052631578947367,0.5,0.25,71,0.5070422535211268,0.22535211267605634,0.2676056338028169,0.7323943661971831,0,0.0,,2026,2026
Dedan Thomas Jr.,LSU,24,11,2,11,13,2,6,17,4,0,0,0,dedan thomas jr.,G,Jr,24,11,35,0.6857142857142857,0.08333333333333333,35,0.6857142857142857,0.08333333333333333,24,0.4583333333333333,0.18181818181818182,59,0.5932203389830508,0.11428571428571428,23,0.2608695652173913,0.6666666666666666,0.1951219512195122,82,0.4268292682926829,0.2926829268292683,0.2804878048780488,0.7195121951219512,0,0.0,,2026,2026
Josh Holloway,Texas A&M,15,8,8,3,3,0,5,6,5,1,0,1,josh holloway,G,Jr,14,8,22,0.6363636363636364,0.5,23,0.6521739130434783,0.5333333333333333,6,0.5,0.0,29,0.6206896551724138,0.4444444444444444,11,0.45454545454545453,1.0,0.5652173913043478,40,0.575,0.15,0.275,0.725,1,0.025,1.0,2026,2026
Riley Allenspach,George Mason,26,10,17,6,8,2,5,16,5,6,1,6,riley allenspach,F,Jr,20,9,29,0.6896551724137931,0.55,36,0.7222222222222222,0.6538461538461539,14,0.42857142857142855,0.3333333333333333,50,0.64,0.59375,21,0.23809523809523808,1.0,0.6486486486486487,71,0.5070422535211268,0.19718309859154928,0.29577464788732394,0.704225352112676,7,0.09859154929577464,0.8571428571428571,2026,2026
Mookie Cook,San Francisco,16,13,7,2,2,1,16,12,12,7,2,5,mookie cook,G,Jr,9,11,20,0.45,0.2222222222222222,29,0.5517241379310345,0.4375,4,0.5,0.5,33,0.5454545454545454,0.4444444444444444,28,0.5714285714285714,0.75,0.5882352941176471,61,0.47540983606557374,0.06557377049180328,0.45901639344262296,0.5409836065573771,9,0.14754098360655737,0.7777777777777778,2026,2026
Jackson Shelstad,Oregon,10,6,3,13,15,3,22,49,12,1,0,0,jackson shelstad,G,Jr,9,6,15,0.6,0.3333333333333333,16,0.625,0.3,28,0.4642857142857143,0.23076923076923078,44,0.5227272727272727,0.2608695652173913,71,0.30985915492957744,0.5454545454545454,0.4,115,0.1391304347826087,0.24347826086956523,0.6173913043478261,0.3826086956521739,1,0.008695652173913044,1.0,2026,2026
Kwame Evans Jr.,Oregon,17,10,9,6,3,1,7,17,7,5,0,5,kwame evans jr.,F,Jr,12,10,22,0.5454545454545454,0.3333333333333333,27,0.6296296296296297,0.5294117647058824,9,0.6666666666666666,0.16666666666666666,36,0.6388888888888888,0.43478260869565216,24,0.2916666666666667,1.0,0.5666666666666667,60,0.45,0.15,0.4,0.6,5,0.08333333333333333,1.0,2026,2026
Trey Green,Saint Louis,9,4,4,0,1,0,26,30,22,0,0,0,trey green,G,So,9,4,13,0.6923076923076923,0.4444444444444444,13,0.6923076923076923,0.4444444444444444,1,0.0,,14,0.6428571428571429,0.4444444444444444,56,0.4642857142857143,0.8461538461538461,0.7428571428571429,70,0.18571428571428572,0.014285714285714285,0.8,0.2,0,0.0,,2026,2026
Carson Schwieger,Queens,3,1,3,1,2,0,19,21,18,0,0,0,carson schwieger,F,So,3,1,4,0.75,1.0,4,0.75,1.0,3,0.3333333333333333,0.0,7,0.5714285714285714,0.75,40,0.475,0.9473684210526315,0.9130434782608695,47,0.0851063829787234,0.06382978723404255,0.851063829787234,0.14893617021276595,0,0.0,,2026,2026
Kael Combs,Iowa,8,6,4,6,6,1,2,9,2,0,0,0,kael combs,G,Jr,8,6,14,0.5714285714285714,0.5,14,0.5714285714285714,0.5,12,0.5,0.16666666666666666,26,0.5384615384615384,0.35714285714285715,11,0.18181818181818182,1.0,0.4375,37,0.3783783783783784,0.32432432432432434,0.2972972972972973,0.7027027027027027,0,0.0,,2026,2026
Cam Manyawu,Iowa,24,12,15,2,4,1,0,0,0,6,0,4,cam manyawu,C,Jr,18,12,30,0.6,0.6111111111111112,36,0.6666666666666666,0.625,6,0.3333333333333333,0.5,42,0.6190476190476191,0.6153846153846154,0,,,0.6153846153846154,42,0.8571428571428571,0.14285714285714285,0.0,1.0,6,0.14285714285714285,1.0,2026,2026
Jakobi Heady,Bethune Cookman,18,17,5,7,10,0,15,14,11,0,2,0,jakobi heady,G,Sr,18,15,33,0.5454545454545454,0.2777777777777778,35,0.5142857142857142,0.2777777777777778,17,0.4117647058823529,0.0,52,0.4807692307692308,0.2,29,0.5172413793103449,0.7333333333333333,0.4,81,0.43209876543209874,0.20987654320987653,0.35802469135802467,0.6419753086419753,2,0.024691358024691357,0.0,2026,2026
Miles Rubin,Loyola Chicago,43,18,33,7,12,1,0,0,0,15,0,14,miles rubin,C,Jr,28,18,46,0.6086956521739131,0.6785714285714286,61,0.7049180327868853,0.7674418604651163,19,0.3684210526315789,0.14285714285714285,80,0.625,0.68,0,,,0.68,80,0.7625,0.2375,0.0,1.0,15,0.1875,1.0,2026,2026
Jadin Collins-Roberts,Marist,15,3,7,7,4,2,1,7,1,0,0,0,jadin collins-roberts,G,Jr,15,3,18,0.8333333333333334,0.4666666666666667,18,0.8333333333333334,0.4666666666666667,11,0.6363636363636364,0.2857142857142857,29,0.7586206896551724,0.4090909090909091,8,0.125,1.0,0.43478260869565216,37,0.4864864864864865,0.2972972972972973,0.21621621621621623,0.7837837837837838,0,0.0,,2026,2026
Troy Cicero Jr.,Loyola MD,3,2,1,0,2,0,11,14,9,0,0,0,troy cicero jr.,G,Jr,3,2,5,0.6,0.3333333333333333,5,0.6,0.3333333333333333,2,0.0,,7,0.42857142857142855,0.3333333333333333,25,0.44,0.8181818181818182,0.7142857142857143,32,0.15625,0.0625,0.78125,0.21875,0,0.0,,2026,2026
Jason Schofield,Marist,8,5,7,2,6,2,0,0,0,0,0,0,jason schofield,C,So,8,5,13,0.6153846153846154,0.875,13,0.6153846153846154,0.875,8,0.25,1.0,21,0.47619047619047616,0.9,0,,,0.9,21,0.6190476190476191,0.38095238095238093,0.0,1.0,0,0.0,,2026,2026
Josh Pascarelli,Colorado St.,12,3,9,3,8,1,35,31,33,2,0,2,josh pascarelli,G,Jr,10,3,13,0.7692307692307693,0.7,15,0.8,0.75,11,0.2727272727272727,0.3333333333333333,26,0.5769230769230769,0.6666666666666666,66,0.5303030303030303,0.9428571428571428,0.86,92,0.16304347826086957,0.11956521739130435,0.717391304347826,0.2826086956521739,2,0.021739130434782608,1.0,2026,2026
Drayton Jones,Butler,21,11,15,2,2,0,0,0,0,12,1,10,drayton jones,C,Jr,9,10,19,0.47368421052631576,0.5555555555555556,32,0.65625,0.7142857142857143,4,0.5,0.0,36,0.6388888888888888,0.6521739130434783,0,,,0.6521739130434783,36,0.8888888888888888,0.1111111111111111,0.0,1.0,13,0.3611111111111111,0.9230769230769231,2026,2026
Hunter Adam,Davidson,5,2,4,3,0,1,12,12,12,0,0,0,hunter adam,F,Jr,5,2,7,0.7142857142857143,0.8,7,0.7142857142857143,0.8,3,1.0,0.3333333333333333,10,0.8,0.625,24,0.5,1.0,0.85,34,0.20588235294117646,0.08823529411764706,0.7058823529411765,0.29411764705882354,0,0.0,,2026,2026
Jackson Hicke,Princeton,27,11,14,15,24,3,18,29,17,0,0,0,jackson hicke,G,Jr,27,11,38,0.7105263157894737,0.5185185185185185,38,0.7105263157894737,0.5185185185185185,39,0.38461538461538464,0.2,77,0.5454545454545454,0.40476190476190477,47,0.3829787234042553,0.9444444444444444,0.5666666666666667,124,0.3064516129032258,0.31451612903225806,0.3790322580645161,0.6209677419354839,0,0.0,,2026,2026
Jacob Huggins,Princeton,10,11,4,1,8,0,3,6,3,0,0,0,jacob huggins,F,Jr,10,11,21,0.47619047619047616,0.4,21,0.47619047619047616,0.4,9,0.1111111111111111,0.0,30,0.36666666666666664,0.36363636363636365,9,0.3333333333333333,1.0,0.5,39,0.5384615384615384,0.23076923076923078,0.23076923076923078,0.7692307692307693,0,0.0,,2026,2026
Dragos Lungu,Tennessee Martin,18,7,7,3,3,1,3,7,3,2,0,1,dragos lungu,G,So,16,7,23,0.6956521739130435,0.375,25,0.72,0.3888888888888889,6,0.5,0.3333333333333333,31,0.6774193548387096,0.38095238095238093,10,0.3,1.0,0.4583333333333333,41,0.6097560975609756,0.14634146341463414,0.24390243902439024,0.7560975609756098,2,0.04878048780487805,1.0,2026,2026
Santiago Trouet,Arizona St.,15,10,6,7,14,1,1,11,1,1,1,1,santiago trouet,F,So,14,9,23,0.6086956521739131,0.35714285714285715,25,0.6,0.4,21,0.3333333333333333,0.14285714285714285,46,0.4782608695652174,0.3181818181818182,12,0.08333333333333333,1.0,0.34782608695652173,58,0.43103448275862066,0.3620689655172414,0.20689655172413793,0.7931034482758621,2,0.034482758620689655,0.5,2026,2026
Andrew Meadow,Boise St.,19,7,11,1,5,0,12,14,12,5,0,5,andrew meadow,G,Jr,14,7,21,0.6666666666666666,0.42857142857142855,26,0.7307692307692307,0.5789473684210527,6,0.16666666666666666,0.0,32,0.625,0.55,26,0.46153846153846156,1.0,0.71875,58,0.4482758620689655,0.10344827586206896,0.4482758620689655,0.5517241379310345,5,0.08620689655172414,1.0,2026,2026
Jayden Hastings,Boston College,21,12,10,5,1,1,0,0,0,12,1,6,jayden hastings,C,So,9,11,20,0.45,0.4444444444444444,33,0.6363636363636364,0.47619047619047616,6,0.8333333333333334,0.2,39,0.6666666666666666,0.4230769230769231,0,,,0.4230769230769231,39,0.8461538461538461,0.15384615384615385,0.0,1.0,13,0.3333333333333333,0.9230769230769231,2026,2026
Trey Autry,George Washington,11,5,5,0,0,0,14,21,14,0,0,0,trey autry,G,Jr,11,5,16,0.6875,0.45454545454545453,16,0.6875,0.45454545454545453,0,,,16,0.6875,0.45454545454545453,35,0.4,1.0,0.76,51,0.3137254901960784,0.0,0.6862745098039216,0.3137254901960784,0,0.0,,2026,2026
Josh Hubbard,Mississippi St.,12,7,1,24,27,2,24,45,17,0,0,0,josh hubbard,G,Jr,12,7,19,0.631578947368421,0.08333333333333333,19,0.631578947368421,0.08333333333333333,51,0.47058823529411764,0.08333333333333333,70,0.5142857142857142,0.08333333333333333,69,0.34782608695652173,0.7083333333333334,0.3333333333333333,139,0.1366906474820144,0.3669064748201439,0.49640287769784175,0.5035971223021583,0,0.0,,2026,2026
Elijah Price,Nevada,21,26,5,3,8,1,4,7,4,1,0,0,elijah price,F,So,20,26,46,0.43478260869565216,0.25,47,0.44680851063829785,0.23809523809523808,11,0.2727272727272727,0.3333333333333333,58,0.41379310344827586,0.25,11,0.36363636363636365,1.0,0.35714285714285715,69,0.6811594202898551,0.15942028985507245,0.15942028985507245,0.8405797101449275,1,0.014492753623188406,1.0,2026,2026
Khali Horton,Coppin St.,2,8,1,2,14,1,18,29,14,1,0,1,khali horton,F,Jr,1,8,9,0.1111111111111111,0.0,10,0.2,0.5,16,0.125,0.5,26,0.15384615384615385,0.5,47,0.3829787234042553,0.7777777777777778,0.7272727272727273,73,0.136986301369863,0.2191780821917808,0.6438356164383562,0.3561643835616438,1,0.0136986301369863,1.0,2026,2026
Conrad Martinez,High Point,12,4,3,2,4,0,11,17,7,0,0,0,conrad martinez,G,Jr,12,4,16,0.75,0.25,16,0.75,0.25,6,0.3333333333333333,0.0,22,0.6363636363636364,0.21428571428571427,28,0.39285714285714285,0.6363636363636364,0.4,50,0.32,0.12,0.56,0.44,0,0.0,,2026,2026
Ofri Naveh,Oral Roberts,24,18,5,8,8,2,5,8,4,2,1,0,ofri naveh,G,So,22,17,39,0.5641025641025641,0.22727272727272727,42,0.5714285714285714,0.20833333333333334,16,0.5,0.25,58,0.5517241379310345,0.21875,13,0.38461538461538464,0.8,0.2972972972972973,71,0.5915492957746479,0.22535211267605634,0.18309859154929578,0.8169014084507042,3,0.04225352112676056,0.6666666666666666,2026,2026
KJ Lewis,Georgetown,22,23,7,13,15,3,8,15,7,5,2,2,kj lewis,G,Jr,17,21,38,0.4473684210526316,0.29411764705882354,45,0.4888888888888889,0.3181818181818182,28,0.4642857142857143,0.23076923076923078,73,0.4794520547945205,0.2857142857142857,23,0.34782608695652173,0.875,0.3953488372093023,96,0.46875,0.2916666666666667,0.23958333333333334,0.7604166666666666,7,0.07291666666666667,0.7142857142857143,2026,2026
Paulius Murauskas,Saint Mary's,18,10,9,23,19,11,6,19,6,4,1,4,paulius murauskas,F,Jr,14,9,23,0.6086956521739131,0.35714285714285715,28,0.6428571428571429,0.5,42,0.5476190476190477,0.4782608695652174,70,0.5857142857142857,0.4878048780487805,25,0.24,1.0,0.5531914893617021,95,0.29473684210526313,0.4421052631578947,0.2631578947368421,0.7368421052631579,5,0.05263157894736842,0.8,2026,2026
Motiejus Krivas,Arizona,22,6,17,10,6,3,0,1,0,9,0,9,motiejus krivas,C,Jr,13,6,19,0.6842105263157895,0.6153846153846154,28,0.7857142857142857,0.7727272727272727,16,0.625,0.3,44,0.7272727272727273,0.625,1,0.0,,0.625,45,0.6222222222222222,0.35555555555555557,0.022222222222222223,0.9777777777777777,9,0.2,1.0,2026,2026
Prophet Johnson,Sacramento St.,18,14,2,8,11,0,8,16,7,0,0,0,prophet johnson,G,Sr,18,14,32,0.5625,0.1111111111111111,32,0.5625,0.1111111111111111,19,0.42105263157894735,0.0,51,0.5098039215686274,0.07692307692307693,24,0.3333333333333333,0.875,0.2647058823529412,75,0.4266666666666667,0.25333333333333335,0.32,0.68,0,0.0,,2026,2026
Franck Emmou,Texas St.,8,7,7,7,17,4,10,14,10,0,0,0,franck emmou,G,Jr,8,7,15,0.5333333333333333,0.875,15,0.5333333333333333,0.875,24,0.2916666666666667,0.5714285714285714,39,0.38461538461538464,0.7333333333333333,24,0.4166666666666667,1.0,0.84,63,0.23809523809523808,0.38095238095238093,0.38095238095238093,0.6190476190476191,0,0.0,,2026,2026
Aaron Clark,Pepperdine,17,23,3,8,12,0,9,29,3,0,0,0,aaron clark,G,Jr,17,23,40,0.425,0.17647058823529413,40,0.425,0.17647058823529413,20,0.4,0.0,60,0.4166666666666667,0.12,38,0.23684210526315788,0.3333333333333333,0.17647058823529413,98,0.40816326530612246,0.20408163265306123,0.3877551020408163,0.6122448979591837,0,0.0,,2026,2026
Wesley Yates III,Washington,20,14,5,6,16,0,19,38,17,3,0,1,wesley yates iii,G,So,17,14,31,0.5483870967741935,0.23529411764705882,34,0.5882352941176471,0.25,22,0.2727272727272727,0.0,56,0.4642857142857143,0.19230769230769232,57,0.3333333333333333,0.8947368421052632,0.4888888888888889,113,0.3008849557522124,0.19469026548672566,0.504424778761062,0.49557522123893805,3,0.02654867256637168,1.0,2026,2026
Jamari McDowell,Kansas,1,2,0,0,0,0,9,14,7,0,0,0,jamari mcdowell,G,Jr,1,2,3,0.3333333333333333,0.0,3,0.3333333333333333,0.0,0,,,3,0.3333333333333333,0.0,23,0.391304347826087,0.7777777777777778,0.7,26,0.11538461538461539,0.0,0.8846153846153846,0.11538461538461539,0,0.0,,2026,2026
Jayson Petty,UMKC,10,6,3,13,9,3,9,31,8,0,0,0,jayson petty,G,Jr,10,6,16,0.625,0.3,16,0.625,0.3,22,0.5909090909090909,0.23076923076923078,38,0.6052631578947368,0.2608695652173913,40,0.225,0.8888888888888888,0.4375,78,0.20512820512820512,0.28205128205128205,0.5128205128205128,0.48717948717948717,0,0.0,,2026,2026
Gytis Nemeiksa,Hawaii,23,11,13,3,9,0,8,17,7,1,0,1,gytis nemeiksa,F,Sr,22,11,33,0.6666666666666666,0.5454545454545454,34,0.6764705882352942,0.5652173913043478,12,0.25,0.0,46,0.5652173913043478,0.5,25,0.32,0.875,0.5882352941176471,71,0.4788732394366197,0.16901408450704225,0.352112676056338,0.647887323943662,1,0.014084507042253521,1.0,2026,2026
Ben Oosterbaan,St. Thomas,13,3,8,2,1,0,11,22,11,1,0,1,ben oosterbaan,G,So,12,3,15,0.8,0.5833333333333334,16,0.8125,0.6153846153846154,3,0.6666666666666666,0.0,19,0.7894736842105263,0.5333333333333333,33,0.3333333333333333,1.0,0.7307692307692307,52,0.3076923076923077,0.057692307692307696,0.6346153846153846,0.36538461538461536,1,0.019230769230769232,1.0,2026,2026
Aidan Cammann,Stanford,14,3,10,1,5,1,3,7,3,3,0,3,aidan cammann,F,So,11,3,14,0.7857142857142857,0.6363636363636364,17,0.8235294117647058,0.7142857142857143,6,0.16666666666666666,1.0,23,0.6521739130434783,0.7333333333333333,10,0.3,1.0,0.7777777777777778,33,0.5151515151515151,0.18181818181818182,0.30303030303030304,0.696969696969697,3,0.09090909090909091,1.0,2026,2026
Andrej Stojakovic,Illinois,35,16,6,12,12,1,6,16,6,3,1,3,andrej stojakovic,G,Jr,32,15,47,0.6808510638297872,0.09375,51,0.6862745098039216,0.17142857142857143,24,0.5,0.08333333333333333,75,0.6266666666666667,0.14893617021276595,22,0.2727272727272727,1.0,0.24528301886792453,97,0.5257731958762887,0.24742268041237114,0.2268041237113402,0.7731958762886598,4,0.041237113402061855,0.75,2026,2026
Carter Welling,Clemson,25,9,13,3,5,1,5,8,5,10,0,7,carter welling,F,Jr,15,9,24,0.625,0.4,34,0.7352941176470589,0.52,8,0.375,0.3333333333333333,42,0.6666666666666666,0.5,13,0.38461538461538464,1.0,0.5757575757575758,55,0.6181818181818182,0.14545454545454545,0.23636363636363636,0.7636363636363637,10,0.18181818181818182,1.0,2026,2026
Derin Saran,UC Irvine,26,22,5,10,21,3,7,18,6,0,0,0,derin saran,G,So,26,22,48,0.5416666666666666,0.19230769230769232,48,0.5416666666666666,0.19230769230769232,31,0.3225806451612903,0.3,79,0.45569620253164556,0.2222222222222222,25,0.28,0.8571428571428571,0.32558139534883723,104,0.46153846153846156,0.2980769230769231,0.2403846153846154,0.7596153846153846,0,0.0,,2026,2026
Xavier Booker,UCLA,20,5,15,11,10,7,7,7,7,8,0,7,xavier booker,F,Jr,12,5,17,0.7058823529411765,0.6666666666666666,25,0.8,0.75,21,0.5238095238095238,0.6363636363636364,46,0.6739130434782609,0.7096774193548387,14,0.5,1.0,0.7631578947368421,60,0.4166666666666667,0.35,0.23333333333333334,0.7666666666666667,8,0.13333333333333333,1.0,2026,2026
Coen Carr,Michigan St.,29,15,23,4,13,1,4,12,4,19,1,16,coen carr,G,Jr,10,14,24,0.4166666666666667,0.7,44,0.6590909090909091,0.7931034482758621,17,0.23529411764705882,0.25,61,0.5409836065573771,0.7272727272727273,16,0.25,1.0,0.7567567567567568,77,0.5714285714285714,0.22077922077922077,0.2077922077922078,0.7922077922077922,20,0.2597402597402597,0.95,2026,2026
Kyan Evans,North Carolina,9,5,3,0,1,0,11,25,10,0,0,0,kyan evans,G,Jr,9,5,14,0.6428571428571429,0.3333333333333333,14,0.6428571428571429,0.3333333333333333,1,0.0,,15,0.6,0.3333333333333333,36,0.3055555555555556,0.9090909090909091,0.65,51,0.27450980392156865,0.0196078431372549,0.7058823529411765,0.29411764705882354,0,0.0,,2026,2026
Jaylin Stewart,Connecticut,11,3,6,3,4,0,8,18,7,2,1,2,jaylin stewart,G,Jr,9,2,11,0.8181818181818182,0.4444444444444444,14,0.7857142857142857,0.5454545454545454,7,0.42857142857142855,0.0,21,0.6666666666666666,0.42857142857142855,26,0.3076923076923077,0.875,0.5909090909090909,47,0.2978723404255319,0.14893617021276595,0.5531914893617021,0.44680851063829785,3,0.06382978723404255,0.6666666666666666,2026,2026
Solo Ball,Connecticut,16,9,6,10,7,7,17,44,16,3,1,1,solo ball,G,Jr,13,8,21,0.6190476190476191,0.38461538461538464,25,0.64,0.375,17,0.5882352941176471,0.7,42,0.6190476190476191,0.5,61,0.2786885245901639,0.9411764705882353,0.6744186046511628,103,0.24271844660194175,0.1650485436893204,0.5922330097087378,0.4077669902912621,4,0.038834951456310676,0.75,2026,2026
Arrinten Page,Northwestern,38,8,26,11,15,6,5,13,5,20,0,15,arrinten page,F,Jr,18,8,26,0.6923076923076923,0.6111111111111112,46,0.8260869565217391,0.6842105263157895,26,0.4230769230769231,0.5454545454545454,72,0.6805555555555556,0.6530612244897959,18,0.2777777777777778,1.0,0.6851851851851852,90,0.5111111111111111,0.28888888888888886,0.2,0.8,20,0.2222222222222222,1.0,2026,2026
Brandon Gardner,Sacramento St.,3,7,1,3,2,3,4,7,4,2,3,1,brandon gardner,F,So,1,4,5,0.2,0.0,10,0.3,0.3333333333333333,5,0.6,1.0,15,0.4,0.6666666666666666,11,0.36363636363636365,1.0,0.8,26,0.38461538461538464,0.19230769230769232,0.4230769230769231,0.5769230769230769,5,0.19230769230769232,0.4,2026,2026
Viljami Vartiainen,Weber St.,4,1,1,3,5,1,16,28,13,0,0,0,viljami vartiainen,G,Jr,4,1,5,0.8,0.25,5,0.8,0.25,8,0.375,0.3333333333333333,13,0.5384615384615384,0.2857142857142857,44,0.36363636363636365,0.8125,0.6521739130434783,57,0.08771929824561403,0.14035087719298245,0.7719298245614035,0.22807017543859648,0,0.0,,2026,2026
Samson Aletan,Yale,24,4,17,2,9,2,0,0,0,9,0,8,samson aletan,C,Jr,15,4,19,0.7894736842105263,0.6,28,0.8571428571428571,0.7083333333333334,11,0.18181818181818182,1.0,39,0.6666666666666666,0.7307692307692307,0,,,0.7307692307692307,39,0.717948717948718,0.28205128205128205,0.0,1.0,9,0.23076923076923078,1.0,2026,2026
Zach Matulu,Albany,19,9,11,2,2,0,8,16,8,8,0,6,zach matulu,G,Jr,11,9,20,0.55,0.45454545454545453,28,0.6785714285714286,0.5789473684210527,4,0.5,0.0,32,0.65625,0.5238095238095238,24,0.3333333333333333,1.0,0.6551724137931034,56,0.5,0.07142857142857142,0.42857142857142855,0.5714285714285714,8,0.14285714285714285,1.0,2026,2026
N'famara Dabo,Brown,30,21,20,1,0,0,0,0,0,8,0,7,n'famara dabo,C,Jr,22,21,43,0.5116279069767442,0.5909090909090909,51,0.5882352941176471,0.6666666666666666,1,1.0,0.0,52,0.5961538461538461,0.6451612903225806,0,,,0.6451612903225806,52,0.9807692307692307,0.019230769230769232,0.0,1.0,8,0.15384615384615385,1.0,2026,2026
Traivar Jackson,Northern Arizona,16,7,11,0,2,0,0,0,0,9,0,6,traivar jackson,F,Sr,7,7,14,0.5,0.7142857142857143,23,0.6956521739130435,0.6875,2,0.0,,25,0.64,0.6875,0,,,0.6875,25,0.92,0.08,0.0,1.0,9,0.36,1.0,2026,2026
Michael Houge,Oakland,20,8,11,10,9,4,1,2,1,2,1,2,michael houge,F,Sr,18,7,25,0.72,0.5,28,0.7142857142857143,0.55,19,0.5263157894736842,0.4,47,0.6382978723404256,0.5,3,0.3333333333333333,1.0,0.5161290322580645,50,0.56,0.38,0.06,0.94,3,0.06,0.6666666666666666,2026,2026
DeAndre Craig,Purdue Fort Wayne,14,17,2,9,11,1,16,29,13,0,0,0,deandre craig,G,Jr,14,17,31,0.45161290322580644,0.14285714285714285,31,0.45161290322580644,0.14285714285714285,20,0.45,0.1111111111111111,51,0.45098039215686275,0.13043478260869565,45,0.35555555555555557,0.8125,0.41025641025641024,96,0.3229166666666667,0.20833333333333334,0.46875,0.53125,0,0.0,,2026,2026
Sonny Wilson,Toledo,16,18,6,24,14,10,10,17,9,0,0,0,sonny wilson,G,Jr,16,18,34,0.47058823529411764,0.375,34,0.47058823529411764,0.375,38,0.631578947368421,0.4166666666666667,72,0.5555555555555556,0.4,27,0.37037037037037035,0.9,0.5,99,0.3434343434343434,0.3838383838383838,0.2727272727272727,0.7272727272727273,0,0.0,,2026,2026
Sam Lewis,Virginia,12,3,6,6,7,2,12,20,10,1,0,1,sam lewis,F,Jr,11,3,14,0.7857142857142857,0.45454545454545453,15,0.8,0.5,13,0.46153846153846156,0.3333333333333333,28,0.6428571428571429,0.4444444444444444,32,0.375,0.8333333333333334,0.6,60,0.25,0.21666666666666667,0.5333333333333333,0.4666666666666667,1,0.016666666666666666,1.0,2026,2026
Jacoi Hutchinson,Longwood,14,13,5,19,19,1,4,13,3,0,0,0,jacoi hutchinson,G,Jr,14,13,27,0.5185185185185185,0.35714285714285715,27,0.5185185185185185,0.35714285714285715,38,0.5,0.05263157894736842,65,0.5076923076923077,0.18181818181818182,17,0.23529411764705882,0.75,0.24324324324324326,82,0.32926829268292684,0.4634146341463415,0.2073170731707317,0.7926829268292683,0,0.0,,2026,2026
Jordan Burks,UCF,22,14,13,4,3,4,10,20,8,11,0,9,jordan burks,F,Jr,11,14,25,0.44,0.36363636363636365,36,0.6111111111111112,0.5909090909090909,7,0.5714285714285714,1.0,43,0.6046511627906976,0.6538461538461539,30,0.3333333333333333,0.8,0.6944444444444444,73,0.4931506849315068,0.0958904109589041,0.410958904109589,0.589041095890411,11,0.1506849315068493,1.0,2026,2026
D.J. Wagner,Arkansas,12,11,7,2,3,1,11,24,8,3,0,2,d.j. wagner,G,Jr,9,11,20,0.45,0.5555555555555556,23,0.5217391304347826,0.5833333333333334,5,0.4,0.5,28,0.5,0.5714285714285714,35,0.3142857142857143,0.7272727272727273,0.64,63,0.36507936507936506,0.07936507936507936,0.5555555555555556,0.4444444444444444,3,0.047619047619047616,1.0,2026,2026
Dai Dai Ames,California,20,17,6,20,13,2,21,20,16,0,0,0,dai dai ames,G,Jr,20,17,37,0.5405405405405406,0.3,37,0.5405405405405406,0.3,33,0.6060606060606061,0.1,70,0.5714285714285714,0.2,41,0.5121951219512195,0.7619047619047619,0.39344262295081966,111,0.3333333333333333,0.2972972972972973,0.36936936936936937,0.6306306306306306,0,0.0,,2026,2026
Macaleab Rich,UTSA,7,4,1,3,3,1,0,1,0,2,0,1,macaleab rich,F,Jr,5,4,9,0.5555555555555556,0.0,11,0.6363636363636364,0.14285714285714285,6,0.5,0.3333333333333333,17,0.5882352941176471,0.2,1,0.0,,0.2,18,0.6111111111111112,0.3333333333333333,0.05555555555555555,0.9444444444444444,2,0.1111111111111111,1.0,2026,2026
Colby Garland,San Jose St.,13,12,1,38,29,3,6,10,5,0,0,0,colby garland,G,Jr,13,12,25,0.52,0.07692307692307693,25,0.52,0.07692307692307693,67,0.5671641791044776,0.07894736842105263,92,0.5543478260869565,0.0784313725490196,16,0.375,0.8333333333333334,0.15789473684210525,108,0.23148148148148148,0.6203703703703703,0.14814814814814814,0.8518518518518519,0,0.0,,2026,2026
Corey Stephenson,FIU,13,10,8,7,10,2,16,21,15,6,0,5,corey stephenson,F,Sr,7,10,17,0.4117647058823529,0.42857142857142855,23,0.5652173913043478,0.6153846153846154,17,0.4117647058823529,0.2857142857142857,40,0.5,0.5,37,0.43243243243243246,0.9375,0.6944444444444444,77,0.2987012987012987,0.22077922077922077,0.4805194805194805,0.5194805194805194,6,0.07792207792207792,1.0,2026,2026
Trent Mosquera,Le Moyne,13,10,1,2,9,1,31,31,26,0,1,0,trent mosquera,G,Sr,13,9,22,0.5909090909090909,0.07692307692307693,23,0.5652173913043478,0.07692307692307693,11,0.18181818181818182,0.5,34,0.4411764705882353,0.13333333333333333,62,0.5,0.8387096774193549,0.6086956521739131,96,0.23958333333333334,0.11458333333333333,0.6458333333333334,0.3541666666666667,1,0.010416666666666666,0.0,2026,2026
Jaiun Simon,Dayton,6,5,5,2,4,0,2,5,2,0,0,0,jaiun simon,G,Jr,6,5,11,0.5454545454545454,0.8333333333333334,11,0.5454545454545454,0.8333333333333334,6,0.3333333333333333,0.0,17,0.47058823529411764,0.625,7,0.2857142857142857,1.0,0.7,24,0.4583333333333333,0.25,0.2916666666666667,0.7083333333333334,0,0.0,,2026,2026
Yaniel Rivera,Abilene Christian,2,4,0,4,4,1,17,22,13,0,0,0,yaniel rivera,G,Jr,2,4,6,0.3333333333333333,0.0,6,0.3333333333333333,0.0,8,0.5,0.25,14,0.42857142857142855,0.16666666666666666,39,0.4358974358974359,0.7647058823529411,0.6086956521739131,53,0.11320754716981132,0.1509433962264151,0.7358490566037735,0.2641509433962264,0,0.0,,2026,2026
Jurian Dixon,UC Irvine,11,11,5,20,35,6,13,22,10,4,0,3,jurian dixon,G,So,7,11,18,0.3888888888888889,0.2857142857142857,22,0.5,0.45454545454545453,55,0.36363636363636365,0.3,77,0.4025974025974026,0.3548387096774194,35,0.37142857142857144,0.7692307692307693,0.4772727272727273,112,0.19642857142857142,0.49107142857142855,0.3125,0.6875,4,0.03571428571428571,1.0,2026,2026
Connor Sevilla,UC Davis,9,2,6,7,8,3,16,23,14,0,0,0,connor sevilla,G,Jr,9,2,11,0.8181818181818182,0.6666666666666666,11,0.8181818181818182,0.6666666666666666,15,0.4666666666666667,0.42857142857142855,26,0.6153846153846154,0.5625,39,0.41025641025641024,0.875,0.71875,65,0.16923076923076924,0.23076923076923078,0.6,0.4,0,0.0,,2026,2026
Randall Pettus II,Elon,12,8,2,5,5,2,26,32,21,2,1,0,randall pettus ii,G,Jr,10,7,17,0.5882352941176471,0.2,20,0.6,0.16666666666666666,10,0.5,0.4,30,0.5666666666666667,0.23529411764705882,58,0.4482758620689655,0.8076923076923077,0.5813953488372093,88,0.22727272727272727,0.11363636363636363,0.6590909090909091,0.3409090909090909,3,0.03409090909090909,0.6666666666666666,2026,2026
Tyler Tejada,Towson,26,9,7,20,26,6,12,31,12,1,1,1,tyler tejada,F,Jr,25,8,33,0.7575757575757576,0.24,35,0.7428571428571429,0.2692307692307692,46,0.43478260869565216,0.3,81,0.5679012345679012,0.2826086956521739,43,0.27906976744186046,1.0,0.43103448275862066,124,0.28225806451612906,0.3709677419354839,0.3467741935483871,0.6532258064516129,2,0.016129032258064516,0.5,2026,2026
Thomas Haugh,Florida,31,16,13,2,3,1,14,30,12,10,2,7,thomas haugh,F,Jr,21,14,35,0.6,0.2857142857142857,47,0.6595744680851063,0.41935483870967744,5,0.4,0.5,52,0.6346153846153846,0.42424242424242425,44,0.3181818181818182,0.8571428571428571,0.5531914893617021,96,0.4895833333333333,0.052083333333333336,0.4583333333333333,0.5416666666666666,12,0.125,0.8333333333333334,2026,2026
Bobby Durkin,Minnesota,2,1,1,1,2,0,15,31,13,0,0,0,bobby durkin,F,Jr,2,1,3,0.6666666666666666,0.5,3,0.6666666666666666,0.5,3,0.3333333333333333,0.0,6,0.5,0.3333333333333333,46,0.32608695652173914,0.8666666666666667,0.7777777777777778,52,0.057692307692307696,0.057692307692307696,0.8846153846153846,0.11538461538461539,0,0.0,,2026,2026
Nasir Mann,Queens,25,10,8,15,13,5,11,18,10,3,0,3,nasir mann,G,Sr,22,10,32,0.6875,0.22727272727272727,35,0.7142857142857143,0.32,28,0.5357142857142857,0.3333333333333333,63,0.6349206349206349,0.325,29,0.3793103448275862,0.9090909090909091,0.45098039215686275,92,0.3804347826086957,0.30434782608695654,0.31521739130434784,0.6847826086956522,3,0.03260869565217391,1.0,2026,2026
Alex Condon,Florida,28,15,16,8,3,4,2,13,2,8,2,5,alex condon,F,Jr,20,13,33,0.6060606060606061,0.55,43,0.6511627906976745,0.5714285714285714,11,0.7272727272727273,0.5,54,0.6666666666666666,0.5555555555555556,15,0.13333333333333333,1.0,0.5789473684210527,69,0.6231884057971014,0.15942028985507245,0.21739130434782608,0.782608695652174,10,0.14492753623188406,0.8,2026,2026
Don McHenry,Utah,26,18,5,10,14,1,21,37,15,1,0,0,don mchenry,G,Sr,25,18,43,0.5813953488372093,0.2,44,0.5909090909090909,0.19230769230769232,24,0.4166666666666667,0.1,68,0.5294117647058824,0.16666666666666666,58,0.3620689655172414,0.7142857142857143,0.3684210526315789,126,0.3492063492063492,0.19047619047619047,0.4603174603174603,0.5396825396825397,1,0.007936507936507936,1.0,2026,2026
"Dennis Parker, Jr.",Radford,23,19,6,9,16,2,11,25,11,2,0,0,"dennis parker, jr.",G,Jr,21,19,40,0.525,0.2857142857142857,42,0.5476190476190477,0.2608695652173913,25,0.36,0.2222222222222222,67,0.47761194029850745,0.25,36,0.3055555555555556,1.0,0.4418604651162791,103,0.4077669902912621,0.24271844660194175,0.34951456310679613,0.6504854368932039,2,0.019417475728155338,1.0,2026,2026
Zach Kraft,North Dakota,3,1,2,0,2,0,22,28,20,0,0,0,zach kraft,G,So,3,1,4,0.75,0.6666666666666666,4,0.75,0.6666666666666666,2,0.0,,6,0.5,0.6666666666666666,50,0.44,0.9090909090909091,0.88,56,0.07142857142857142,0.03571428571428571,0.8928571428571429,0.10714285714285714,0,0.0,,2026,2026
Caleb Foster,Duke,11,12,3,7,5,0,14,19,12,0,0,0,caleb foster,G,Jr,11,12,23,0.4782608695652174,0.2727272727272727,23,0.4782608695652174,0.2727272727272727,12,0.5833333333333334,0.0,35,0.5142857142857142,0.16666666666666666,33,0.42424242424242425,0.8571428571428571,0.46875,68,0.3382352941176471,0.17647058823529413,0.4852941176470588,0.5147058823529411,0,0.0,,2026,2026
TJ Power,Penn,14,15,4,12,16,4,19,22,15,0,0,0,tj power,F,Jr,14,15,29,0.4827586206896552,0.2857142857142857,29,0.4827586206896552,0.2857142857142857,28,0.42857142857142855,0.3333333333333333,57,0.45614035087719296,0.3076923076923077,41,0.4634146341463415,0.7894736842105263,0.5111111111111111,98,0.29591836734693877,0.2857142857142857,0.41836734693877553,0.5816326530612245,0,0.0,,2026,2026
Jakub Necas,Duquesne,14,2,6,1,1,1,4,7,4,4,0,3,jakub necas,F,Jr,10,2,12,0.8333333333333334,0.3,16,0.875,0.42857142857142855,2,0.5,1.0,18,0.8333333333333334,0.4666666666666667,11,0.36363636363636365,1.0,0.5789473684210527,29,0.5517241379310345,0.06896551724137931,0.3793103448275862,0.6206896551724138,4,0.13793103448275862,1.0,2026,2026
Jack Graham,New Hampshire,14,9,3,7,10,1,13,28,13,2,0,1,jack graham,G,Jr,12,9,21,0.5714285714285714,0.16666666666666666,23,0.6086956521739131,0.21428571428571427,17,0.4117647058823529,0.14285714285714285,40,0.525,0.19047619047619047,41,0.3170731707317073,1.0,0.5,81,0.2839506172839506,0.20987654320987653,0.5061728395061729,0.49382716049382713,2,0.024691358024691357,1.0,2026,2026
Blue Cain,Georgia,29,7,7,2,5,0,17,34,11,5,0,2,blue cain,G,Jr,24,7,31,0.7741935483870968,0.20833333333333334,36,0.8055555555555556,0.2413793103448276,7,0.2857142857142857,0.0,43,0.7209302325581395,0.22580645161290322,51,0.3333333333333333,0.6470588235294118,0.375,94,0.3829787234042553,0.07446808510638298,0.5425531914893617,0.4574468085106383,5,0.05319148936170213,1.0,2026,2026
Thomas Batties II,Harvard,14,12,5,6,10,2,20,14,19,1,0,1,thomas batties ii,G,Jr,13,12,25,0.52,0.3076923076923077,26,0.5384615384615384,0.35714285714285715,16,0.375,0.3333333333333333,42,0.47619047619047616,0.35,34,0.5882352941176471,0.95,0.65,76,0.34210526315789475,0.21052631578947367,0.4473684210526316,0.5526315789473685,1,0.013157894736842105,1.0,2026,2026
Malik Mack,Georgetown,14,11,3,8,14,1,20,32,14,0,1,0,malik mack,G,Jr,14,10,24,0.5833333333333334,0.21428571428571427,25,0.56,0.21428571428571427,22,0.36363636363636365,0.125,47,0.46808510638297873,0.18181818181818182,52,0.38461538461538464,0.7,0.42857142857142855,99,0.25252525252525254,0.2222222222222222,0.5252525252525253,0.47474747474747475,1,0.010101010101010102,0.0,2026,2026
Gabe Sisk,East Tennessee St.,6,1,3,1,0,0,0,4,0,1,0,0,gabe sisk,G,Jr,5,1,6,0.8333333333333334,0.6,7,0.8571428571428571,0.5,1,1.0,0.0,8,0.875,0.42857142857142855,4,0.0,,0.42857142857142855,12,0.5833333333333334,0.08333333333333333,0.3333333333333333,0.6666666666666666,1,0.08333333333333333,1.0,2026,2026
Oscar Cluff,Purdue,32,8,25,8,8,6,0,0,0,13,0,12,oscar cluff,C,Sr,19,8,27,0.7037037037037037,0.6842105263157895,40,0.8,0.78125,16,0.5,0.75,56,0.7142857142857143,0.775,0,,,0.775,56,0.7142857142857143,0.2857142857142857,0.0,1.0,13,0.23214285714285715,1.0,2026,2026
Melvin Council Jr.,Kansas,19,17,4,12,30,0,5,22,5,3,0,2,melvin council jr.,G,Sr,16,17,33,0.48484848484848486,0.125,36,0.5277777777777778,0.21052631578947367,42,0.2857142857142857,0.0,78,0.3974358974358974,0.12903225806451613,27,0.18518518518518517,1.0,0.25,105,0.34285714285714286,0.4,0.2571428571428571,0.7428571428571429,3,0.02857142857142857,1.0,2026,2026
Devin Royal,Ohio St.,9,4,3,11,7,3,12,15,10,1,0,1,devin royal,F,Jr,8,4,12,0.6666666666666666,0.25,13,0.6923076923076923,0.3333333333333333,18,0.6111111111111112,0.2727272727272727,31,0.6451612903225806,0.3,27,0.4444444444444444,0.8333333333333334,0.5,58,0.22413793103448276,0.3103448275862069,0.46551724137931033,0.5344827586206896,1,0.017241379310344827,1.0,2026,2026
Caleb Walker,Air Force,50,12,30,6,10,2,0,0,0,6,0,5,caleb walker,C,Jr,44,12,56,0.7857142857142857,0.5681818181818182,62,0.8064516129032258,0.6,16,0.375,0.3333333333333333,78,0.717948717948718,0.5714285714285714,0,,,0.5714285714285714,78,0.7948717948717948,0.20512820512820512,0.0,1.0,6,0.07692307692307693,1.0,2026,2026
Zaire Hayes,Texas Southern,2,1,0,7,6,1,7,5,2,0,0,0,zaire hayes,G,Sr,2,1,3,0.6666666666666666,0.0,3,0.6666666666666666,0.0,13,0.5384615384615384,0.14285714285714285,16,0.5625,0.1111111111111111,12,0.5833333333333334,0.2857142857142857,0.1875,28,0.10714285714285714,0.4642857142857143,0.42857142857142855,0.5714285714285714,0,0.0,,2026,2026
Bencao Vungo,Jacksonville St.,7,1,5,0,0,0,1,5,1,4,0,3,bencao vungo,F,Jr,3,1,4,0.75,0.6666666666666666,8,0.875,0.7142857142857143,0,,,8,0.875,0.7142857142857143,6,0.16666666666666666,1.0,0.75,14,0.5714285714285714,0.0,0.42857142857142855,0.5714285714285714,4,0.2857142857142857,1.0,2026,2026
Drew McKenna,Old Dominion,12,2,2,6,10,0,3,9,3,1,0,1,drew mckenna,F,So,11,2,13,0.8461538461538461,0.09090909090909091,14,0.8571428571428571,0.16666666666666666,16,0.375,0.0,30,0.6,0.1111111111111111,12,0.25,1.0,0.23809523809523808,42,0.3333333333333333,0.38095238095238093,0.2857142857142857,0.7142857142857143,1,0.023809523809523808,1.0,2026,2026
Jacob Cofie,USC,28,21,15,1,2,0,6,12,6,15,2,11,jacob cofie,F,So,13,19,32,0.40625,0.3076923076923077,49,0.5714285714285714,0.5357142857142857,3,0.3333333333333333,0.0,52,0.5576923076923077,0.5172413793103449,18,0.3333333333333333,1.0,0.6,70,0.7,0.04285714285714286,0.2571428571428571,0.7428571428571429,17,0.24285714285714285,0.8823529411764706,2026,2026
Jayden Fort,Georgetown,9,6,5,0,1,0,0,2,0,3,1,3,jayden fort,C,So,6,5,11,0.5454545454545454,0.3333333333333333,15,0.6,0.5555555555555556,1,0.0,,16,0.5625,0.5555555555555556,2,0.0,,0.5555555555555556,18,0.8333333333333334,0.05555555555555555,0.1111111111111111,0.8888888888888888,4,0.2222222222222222,0.75,2026,2026
Billy Richmond III,Arkansas,18,7,11,5,2,3,4,12,3,8,1,3,billy richmond iii,F,So,10,6,16,0.625,0.8,25,0.72,0.6111111111111112,7,0.7142857142857143,0.6,32,0.71875,0.6086956521739131,16,0.25,0.75,0.6296296296296297,48,0.5208333333333334,0.14583333333333334,0.3333333333333333,0.6666666666666666,9,0.1875,0.8888888888888888,2026,2026
Karter Knox,Arkansas,8,11,6,3,9,1,11,11,10,3,1,3,karter knox,F,So,5,10,15,0.3333333333333333,0.6,19,0.42105263157894735,0.75,12,0.25,0.3333333333333333,31,0.3548387096774194,0.6363636363636364,22,0.5,0.9090909090909091,0.7727272727272727,53,0.3584905660377358,0.22641509433962265,0.41509433962264153,0.5849056603773585,4,0.07547169811320754,0.75,2026,2026
Jamal Fuller,LIU,19,7,10,8,15,3,14,13,11,3,1,3,jamal fuller,F,Sr,16,6,22,0.7272727272727273,0.4375,26,0.7307692307692307,0.5263157894736842,23,0.34782608695652173,0.375,49,0.5510204081632653,0.48148148148148145,27,0.5185185185185185,0.7857142857142857,0.5853658536585366,76,0.34210526315789475,0.3026315789473684,0.35526315789473684,0.6447368421052632,4,0.05263157894736842,0.75,2026,2026
Ace Buckner,Clemson,15,3,7,7,8,0,3,21,2,0,0,0,ace buckner,G,So,15,3,18,0.8333333333333334,0.4666666666666667,18,0.8333333333333334,0.4666666666666667,15,0.4666666666666667,0.0,33,0.6666666666666666,0.3181818181818182,24,0.125,0.6666666666666666,0.36,57,0.3157894736842105,0.2631578947368421,0.42105263157894735,0.5789473684210527,0,0.0,,2026,2026
Amier Ali,Mississippi St.,3,2,2,1,0,0,4,10,3,2,0,2,amier ali,F,So,1,2,3,0.3333333333333333,0.0,5,0.6,0.6666666666666666,1,1.0,0.0,6,0.6666666666666666,0.5,14,0.2857142857142857,0.75,0.625,20,0.25,0.05,0.7,0.3,2,0.1,1.0,2026,2026
Jesse McCulloch,Michigan St.,2,1,2,6,4,4,4,3,4,0,0,0,jesse mcculloch,F,So,2,1,3,0.6666666666666666,1.0,3,0.6666666666666666,1.0,10,0.6,0.6666666666666666,13,0.6153846153846154,0.75,7,0.5714285714285714,1.0,0.8333333333333334,20,0.15,0.5,0.35,0.65,0,0.0,,2026,2026
Kur Teng,Michigan St.,3,3,2,8,9,4,9,21,9,0,0,0,kur teng,G,So,3,3,6,0.5,0.6666666666666666,6,0.5,0.6666666666666666,17,0.47058823529411764,0.5,23,0.4782608695652174,0.5454545454545454,30,0.3,1.0,0.75,53,0.11320754716981132,0.32075471698113206,0.5660377358490566,0.4339622641509434,0,0.0,,2026,2026
Eli Robinson,Air Force,32,16,11,5,11,2,7,8,7,4,0,4,eli robinson,G,So,28,16,44,0.6363636363636364,0.25,48,0.6666666666666666,0.34375,16,0.3125,0.4,64,0.578125,0.35135135135135137,15,0.4666666666666667,1.0,0.45454545454545453,79,0.6075949367088608,0.20253164556962025,0.189873417721519,0.810126582278481,4,0.05063291139240506,1.0,2026,2026
Tavion Banks,Iowa,20,15,17,4,2,3,2,4,2,6,3,6,tavion banks,G,Jr,14,12,26,0.5384615384615384,0.7857142857142857,35,0.5714285714285714,0.85,6,0.6666666666666666,0.75,41,0.5853658536585366,0.8333333333333334,6,0.3333333333333333,1.0,0.8461538461538461,47,0.7446808510638298,0.1276595744680851,0.1276595744680851,0.8723404255319149,9,0.19148936170212766,0.6666666666666666,2026,2026
Isaia Howard,Iowa,18,7,9,1,2,0,5,14,4,7,0,5,isaia howard,G,So,11,7,18,0.6111111111111112,0.36363636363636365,25,0.72,0.5,3,0.3333333333333333,0.0,28,0.6785714285714286,0.47368421052631576,19,0.2631578947368421,0.8,0.5416666666666666,47,0.5319148936170213,0.06382978723404255,0.40425531914893614,0.5957446808510638,7,0.14893617021276595,1.0,2026,2026
Trent Perry,UCLA,10,6,5,11,7,3,7,12,6,0,0,0,trent perry,G,So,10,6,16,0.625,0.5,16,0.625,0.5,18,0.6111111111111112,0.2727272727272727,34,0.6176470588235294,0.38095238095238093,19,0.3684210526315789,0.8571428571428571,0.5,53,0.3018867924528302,0.33962264150943394,0.3584905660377358,0.6415094339622641,0,0.0,,2026,2026
Cooper Campbell,Troy,19,21,2,10,8,1,21,29,11,0,0,0,cooper campbell,G,So,19,21,40,0.475,0.10526315789473684,40,0.475,0.10526315789473684,18,0.5555555555555556,0.1,58,0.5,0.10344827586206896,50,0.42,0.5238095238095238,0.28,108,0.37037037037037035,0.16666666666666666,0.46296296296296297,0.5370370370370371,0,0.0,,2026,2026
Tyler Boston,Holy Cross,9,10,1,14,16,0,15,22,10,0,0,0,tyler boston,G,So,9,10,19,0.47368421052631576,0.1111111111111111,19,0.47368421052631576,0.1111111111111111,30,0.4666666666666667,0.0,49,0.46938775510204084,0.043478260869565216,37,0.40540540540540543,0.6666666666666666,0.2894736842105263,86,0.22093023255813954,0.3488372093023256,0.43023255813953487,0.5697674418604651,0,0.0,,2026,2026
Arlandus Keyes,Mount St. Mary's,10,10,1,2,6,0,24,43,17,0,0,0,arlandus keyes,G,Sr,10,10,20,0.5,0.1,20,0.5,0.1,8,0.25,0.0,28,0.42857142857142855,0.08333333333333333,67,0.3582089552238806,0.7083333333333334,0.5,95,0.21052631578947367,0.08421052631578947,0.7052631578947368,0.29473684210526313,0,0.0,,2026,2026
Quel'Ron House,Southern Illinois,13,7,1,29,29,4,4,11,3,0,0,0,quel'ron house,G,So,13,7,20,0.65,0.07692307692307693,20,0.65,0.07692307692307693,58,0.5,0.13793103448275862,78,0.5384615384615384,0.11904761904761904,15,0.26666666666666666,0.75,0.17391304347826086,93,0.21505376344086022,0.6236559139784946,0.16129032258064516,0.8387096774193549,0,0.0,,2026,2026
Collin Chandler,Kentucky,14,7,8,0,3,0,22,28,20,4,0,3,collin chandler,G,So,10,7,17,0.5882352941176471,0.5,21,0.6666666666666666,0.5714285714285714,3,0.0,,24,0.5833333333333334,0.5714285714285714,50,0.44,0.9090909090909091,0.7777777777777778,74,0.28378378378378377,0.04054054054054054,0.6756756756756757,0.32432432432432434,4,0.05405405405405406,1.0,2026,2026
Collin O'Connor,Stony Brook,12,2,2,4,4,0,3,7,2,0,0,0,collin o'connor,G,So,12,2,14,0.8571428571428571,0.16666666666666666,14,0.8571428571428571,0.16666666666666666,8,0.5,0.0,22,0.7272727272727273,0.125,10,0.3,0.6666666666666666,0.21052631578947367,32,0.4375,0.25,0.3125,0.6875,0,0.0,,2026,2026
Andrija Vukovic,Oklahoma St.,13,4,11,0,0,0,0,0,0,1,0,1,andrija vukovic,C,So,12,4,16,0.75,0.8333333333333334,17,0.7647058823529411,0.8461538461538461,0,,,17,0.7647058823529411,0.8461538461538461,0,,,0.8461538461538461,17,1.0,0.0,0.0,1.0,1,0.058823529411764705,1.0,2026,2026
Tyrone Riley IV,San Francisco,14,11,8,7,11,6,10,12,9,6,1,5,tyrone riley iv,G,So,8,10,18,0.4444444444444444,0.375,25,0.56,0.5714285714285714,18,0.3888888888888889,0.8571428571428571,43,0.4883720930232558,0.6666666666666666,22,0.45454545454545453,0.9,0.7419354838709677,65,0.38461538461538464,0.27692307692307694,0.3384615384615385,0.6615384615384615,7,0.1076923076923077,0.8571428571428571,2026,2026
Makhai Valentine,Northern Illinois,10,5,1,2,6,1,16,30,14,2,1,0,makhai valentine,G,So,8,4,12,0.6666666666666666,0.125,15,0.6666666666666666,0.1,8,0.25,0.5,23,0.5217391304347826,0.16666666666666666,46,0.34782608695652173,0.875,0.5714285714285714,69,0.21739130434782608,0.11594202898550725,0.6666666666666666,0.3333333333333333,3,0.043478260869565216,0.6666666666666666,2026,2026
Amir Lindsey,Albany,8,15,2,11,12,3,12,24,8,0,0,0,amir lindsey,G,So,8,15,23,0.34782608695652173,0.25,23,0.34782608695652173,0.25,23,0.4782608695652174,0.2727272727272727,46,0.41304347826086957,0.2631578947368421,36,0.3333333333333333,0.6666666666666666,0.41935483870967744,82,0.2804878048780488,0.2804878048780488,0.43902439024390244,0.5609756097560976,0,0.0,,2026,2026
Cooper Koch,Iowa,10,3,4,3,2,0,14,14,14,1,0,1,cooper koch,F,So,9,3,12,0.75,0.3333333333333333,13,0.7692307692307693,0.4,5,0.6,0.0,18,0.7222222222222222,0.3076923076923077,28,0.5,1.0,0.6666666666666666,46,0.2826086956521739,0.10869565217391304,0.6086956521739131,0.391304347826087,1,0.021739130434782608,1.0,2026,2026
Trey Buchanan,South Dakota St.,5,0,2,0,0,0,8,14,8,0,0,0,trey buchanan,G,Fr,5,0,5,1.0,0.4,5,1.0,0.4,0,,,5,1.0,0.4,22,0.36363636363636365,1.0,0.7692307692307693,27,0.18518518518518517,0.0,0.8148148148148148,0.18518518518518517,0,0.0,,2026,2026
Martin Somerville,Florida St.,1,4,0,1,2,0,21,28,12,0,0,0,martin somerville,G,So,1,4,5,0.2,0.0,5,0.2,0.0,3,0.3333333333333333,0.0,8,0.25,0.0,49,0.42857142857142855,0.5714285714285714,0.5217391304347826,57,0.08771929824561403,0.05263157894736842,0.8596491228070176,0.14035087719298245,0,0.0,,2026,2026
Tahaad Pettiford,Auburn,19,19,5,14,20,2,20,47,8,1,2,1,tahaad pettiford,G,So,18,17,35,0.5142857142857142,0.2222222222222222,38,0.5,0.2631578947368421,34,0.4117647058823529,0.14285714285714285,72,0.4583333333333333,0.21212121212121213,67,0.29850746268656714,0.4,0.2830188679245283,139,0.2733812949640288,0.2446043165467626,0.48201438848920863,0.5179856115107914,3,0.02158273381294964,0.3333333333333333,2026,2026
James Brown,North Carolina,1,0,1,0,0,0,0,0,0,0,0,0,james brown,C,So,1,0,1,1.0,1.0,1,1.0,1.0,0,,,1,1.0,1.0,0,,,1.0,1,1.0,0.0,0.0,1.0,0,0.0,,2026,2026
Riley Fox,Yale,14,7,4,11,10,3,15,14,15,1,0,1,riley fox,G,So,13,7,20,0.65,0.23076923076923078,21,0.6666666666666666,0.2857142857142857,21,0.5238095238095238,0.2727272727272727,42,0.5952380952380952,0.28,29,0.5172413793103449,1.0,0.55,71,0.29577464788732394,0.29577464788732394,0.4084507042253521,0.5915492957746479,1,0.014084507042253521,1.0,2026,2026
Jaden Jackson,South Dakota St.,12,8,3,6,13,0,14,30,11,0,0,0,jaden jackson,G,So,12,8,20,0.6,0.25,20,0.6,0.25,19,0.3157894736842105,0.0,39,0.46153846153846156,0.16666666666666666,44,0.3181818181818182,0.7857142857142857,0.4375,83,0.24096385542168675,0.2289156626506024,0.5301204819277109,0.46987951807228917,0,0.0,,2026,2026
Myles Corey,Rhode Island,32,8,4,3,2,0,3,14,3,3,0,0,myles corey,G,Sr,29,8,37,0.7837837837837838,0.13793103448275862,40,0.8,0.125,5,0.6,0.0,45,0.7777777777777778,0.11428571428571428,17,0.17647058823529413,1.0,0.18421052631578946,62,0.6451612903225806,0.08064516129032258,0.27419354838709675,0.7258064516129032,3,0.04838709677419355,1.0,2026,2026
Aiden Tobiason,Temple,18,8,11,9,11,2,15,27,10,6,0,4,aiden tobiason,G,So,12,8,20,0.6,0.5833333333333334,26,0.6923076923076923,0.6111111111111112,20,0.45,0.2222222222222222,46,0.5869565217391305,0.48148148148148145,42,0.35714285714285715,0.6666666666666666,0.5476190476190477,88,0.29545454545454547,0.22727272727272727,0.4772727272727273,0.5227272727272727,6,0.06818181818181818,1.0,2026,2026
Cole Certa,Notre Dame,0,2,0,0,3,0,23,34,21,0,0,0,cole certa,G,So,0,2,2,0.0,,2,0.0,,3,0.0,,5,0.0,,57,0.40350877192982454,0.9130434782608695,0.9130434782608695,62,0.03225806451612903,0.04838709677419355,0.9193548387096774,0.08064516129032258,0,0.0,,2026,2026
Raysean Seamster,UT Arlington,31,16,11,7,12,3,7,15,7,3,0,2,raysean seamster,F,Sr,28,16,44,0.6363636363636364,0.32142857142857145,47,0.6595744680851063,0.3548387096774194,19,0.3684210526315789,0.42857142857142855,66,0.5757575757575758,0.3684210526315789,22,0.3181818181818182,1.0,0.4666666666666667,88,0.5340909090909091,0.2159090909090909,0.25,0.75,3,0.03409090909090909,1.0,2026,2026
Jovan Jester Jr.,UC Irvine,6,6,3,2,7,0,10,12,9,0,0,0,jovan jester jr.,G,Fr,6,6,12,0.5,0.5,12,0.5,0.5,9,0.2222222222222222,0.0,21,0.38095238095238093,0.375,22,0.45454545454545453,0.9,0.6666666666666666,43,0.27906976744186046,0.20930232558139536,0.5116279069767442,0.4883720930232558,0,0.0,,2026,2026
Treyson Anderson,North Dakota St.,13,5,7,4,6,2,4,11,4,4,0,3,treyson anderson,F,So,9,5,14,0.6428571428571429,0.4444444444444444,18,0.7222222222222222,0.5384615384615384,10,0.4,0.5,28,0.6071428571428571,0.5294117647058824,15,0.26666666666666666,1.0,0.6190476190476191,43,0.4186046511627907,0.23255813953488372,0.3488372093023256,0.6511627906976745,4,0.09302325581395349,1.0,2026,2026
DaMariee Jones,Southern,10,6,7,7,6,2,0,0,0,3,0,2,damariee jones,F,Sr,7,6,13,0.5384615384615384,0.7142857142857143,16,0.625,0.7,13,0.5384615384615384,0.2857142857142857,29,0.5862068965517241,0.5294117647058824,0,,,0.5294117647058824,29,0.5517241379310345,0.4482758620689655,0.0,1.0,3,0.10344827586206896,1.0,2026,2026
Elijah Malone,Colorado,19,12,13,6,2,2,3,2,3,1,1,1,elijah malone,F,Sr,18,11,29,0.6206896551724138,0.6666666666666666,31,0.6129032258064516,0.6842105263157895,8,0.75,0.3333333333333333,39,0.6410256410256411,0.6,5,0.6,1.0,0.6428571428571429,44,0.7045454545454546,0.18181818181818182,0.11363636363636363,0.8863636363636364,2,0.045454545454545456,0.5,2026,2026
Sean Craig,Toledo,31,12,15,6,8,3,8,13,8,0,0,0,sean craig,F,Jr,31,12,43,0.7209302325581395,0.4838709677419355,43,0.7209302325581395,0.4838709677419355,14,0.42857142857142855,0.5,57,0.6491228070175439,0.4864864864864865,21,0.38095238095238093,1.0,0.5777777777777777,78,0.5512820512820513,0.1794871794871795,0.2692307692307692,0.7307692307692307,0,0.0,,2026,2026
John Mobley Jr.,Ohio St.,8,5,3,8,11,1,19,32,17,0,0,0,john mobley jr.,G,So,8,5,13,0.6153846153846154,0.375,13,0.6153846153846154,0.375,19,0.42105263157894735,0.125,32,0.5,0.25,51,0.37254901960784315,0.8947368421052632,0.6,83,0.1566265060240964,0.2289156626506024,0.6144578313253012,0.3855421686746988,0,0.0,,2026,2026
Scooter Williams Jr.,Louisiana Tech,11,9,4,8,5,2,4,14,2,4,0,2,scooter williams jr.,F,Sr,7,9,16,0.4375,0.2857142857142857,20,0.55,0.36363636363636365,13,0.6153846153846154,0.25,33,0.5757575757575758,0.3157894736842105,18,0.2222222222222222,0.5,0.34782608695652173,51,0.39215686274509803,0.2549019607843137,0.35294117647058826,0.6470588235294118,4,0.0784313725490196,1.0,2026,2026
Liutauras Lelevicius,TCU,9,2,7,0,1,0,12,23,12,1,0,1,liutauras lelevicius,G,Jr,8,2,10,0.8,0.75,11,0.8181818181818182,0.7777777777777778,1,0.0,,12,0.75,0.7777777777777778,35,0.34285714285714286,1.0,0.9047619047619048,47,0.23404255319148937,0.02127659574468085,0.7446808510638298,0.2553191489361702,1,0.02127659574468085,1.0,2026,2026
Charles Johnston,Furman,14,7,7,4,2,1,10,24,10,1,0,1,charles johnston,F,Sr,13,7,20,0.65,0.46153846153846156,21,0.6666666666666666,0.5,6,0.6666666666666666,0.25,27,0.6666666666666666,0.4444444444444444,34,0.29411764705882354,1.0,0.6428571428571429,61,0.3442622950819672,0.09836065573770492,0.5573770491803278,0.4426229508196721,1,0.01639344262295082,1.0,2026,2026
Larry Johnson,McNeese St.,27,14,17,2,6,1,3,8,3,9,0,8,larry johnson,G,Fr,18,14,32,0.5625,0.5,41,0.6585365853658537,0.6296296296296297,8,0.25,0.5,49,0.5918367346938775,0.6206896551724138,11,0.2727272727272727,1.0,0.65625,60,0.6833333333333333,0.13333333333333333,0.18333333333333332,0.8166666666666667,9,0.15,1.0,2026,2026
Zoom Diallo,Washington,16,14,7,19,20,3,6,10,5,1,0,1,zoom diallo,G,So,15,14,29,0.5172413793103449,0.4,30,0.5333333333333333,0.4375,39,0.48717948717948717,0.15789473684210525,69,0.5072463768115942,0.2857142857142857,16,0.375,0.8333333333333334,0.36585365853658536,85,0.35294117647058826,0.4588235294117647,0.18823529411764706,0.8117647058823529,1,0.011764705882352941,1.0,2026,2026
Jase Butler,Colorado St.,11,8,7,1,0,1,11,13,11,0,0,0,jase butler,G,So,11,8,19,0.5789473684210527,0.6363636363636364,19,0.5789473684210527,0.6363636363636364,1,1.0,1.0,20,0.6,0.6666666666666666,24,0.4583333333333333,1.0,0.8260869565217391,44,0.4318181818181818,0.022727272727272728,0.5454545454545454,0.45454545454545453,0,0.0,,2026,2026
Kyle Pulliam,William & Mary,9,8,7,3,3,1,7,16,7,2,0,1,kyle pulliam,G,Sr,7,8,15,0.4666666666666667,0.8571428571428571,17,0.5294117647058824,0.7777777777777778,6,0.5,0.3333333333333333,23,0.5217391304347826,0.6666666666666666,23,0.30434782608695654,1.0,0.7894736842105263,46,0.3695652173913043,0.13043478260869565,0.5,0.5,2,0.043478260869565216,1.0,2026,2026
Hank Alvey,Lehigh,28,19,20,14,9,6,3,3,3,9,2,8,hank alvey,F,So,19,17,36,0.5277777777777778,0.631578947368421,47,0.5957446808510638,0.7142857142857143,23,0.6086956521739131,0.42857142857142855,70,0.6,0.6190476190476191,6,0.5,1.0,0.6444444444444445,76,0.618421052631579,0.3026315789473684,0.07894736842105263,0.9210526315789473,11,0.14473684210526316,0.8181818181818182,2026,2026
David Castillo,Kansas St.,18,10,9,2,5,0,18,29,16,0,0,0,david castillo,G,So,18,10,28,0.6428571428571429,0.5,28,0.6428571428571429,0.5,7,0.2857142857142857,0.0,35,0.5714285714285714,0.45,47,0.3829787234042553,0.8888888888888888,0.6578947368421053,82,0.34146341463414637,0.08536585365853659,0.573170731707317,0.4268292682926829,0,0.0,,2026,2026
Leon Horner,Texas Tech,5,5,3,2,2,1,2,1,2,0,0,0,leon horner,G,So,5,5,10,0.5,0.6,10,0.5,0.6,4,0.5,0.5,14,0.5,0.5714285714285714,3,0.6666666666666666,1.0,0.6666666666666666,17,0.5882352941176471,0.23529411764705882,0.17647058823529413,0.8235294117647058,0,0.0,,2026,2026
Brandon Jennings,VCU,14,11,6,5,4,0,3,6,2,3,0,3,brandon jennings,G,So,11,11,22,0.5,0.2727272727272727,25,0.56,0.42857142857142855,9,0.5555555555555556,0.0,34,0.5588235294117647,0.3157894736842105,9,0.3333333333333333,0.6666666666666666,0.36363636363636365,43,0.5813953488372093,0.20930232558139536,0.20930232558139536,0.7906976744186046,3,0.06976744186046512,1.0,2026,2026
Justin Pippen,California,17,16,6,5,6,0,14,29,8,3,0,2,justin pippen,G,So,14,16,30,0.4666666666666667,0.2857142857142857,33,0.5151515151515151,0.35294117647058826,11,0.45454545454545453,0.0,44,0.5,0.2727272727272727,43,0.32558139534883723,0.5714285714285714,0.3888888888888889,87,0.3793103448275862,0.12643678160919541,0.4942528735632184,0.5057471264367817,3,0.034482758620689655,1.0,2026,2026
Al Green,UNLV,7,4,5,3,3,2,9,16,7,1,0,1,al green,G,Sr,6,4,10,0.6,0.6666666666666666,11,0.6363636363636364,0.7142857142857143,6,0.5,0.6666666666666666,17,0.5882352941176471,0.7,25,0.36,0.7777777777777778,0.7368421052631579,42,0.2619047619047619,0.14285714285714285,0.5952380952380952,0.40476190476190477,1,0.023809523809523808,1.0,2026,2026
Daniel Freitag,Buffalo,6,11,3,14,9,2,21,28,16,2,1,1,daniel freitag,G,So,4,10,14,0.2857142857142857,0.5,17,0.35294117647058826,0.5,23,0.6086956521739131,0.14285714285714285,40,0.5,0.25,49,0.42857142857142855,0.7619047619047619,0.5121951219512195,89,0.19101123595505617,0.25842696629213485,0.550561797752809,0.449438202247191,3,0.033707865168539325,0.6666666666666666,2026,2026
Redd Thompson Jr.,Longwood,11,7,3,1,5,1,9,14,8,0,0,0,redd thompson jr.,G,So,11,7,18,0.6111111111111112,0.2727272727272727,18,0.6111111111111112,0.2727272727272727,6,0.16666666666666666,1.0,24,0.5,0.3333333333333333,23,0.391304347826087,0.8888888888888888,0.5714285714285714,47,0.3829787234042553,0.1276595744680851,0.48936170212765956,0.5106382978723404,0,0.0,,2026,2026
Nakavieon White,Georgia Southern,19,25,3,1,4,0,11,25,5,4,1,1,nakavieon white,G,Sr,15,24,39,0.38461538461538464,0.13333333333333333,44,0.4318181818181818,0.15789473684210525,5,0.2,0.0,49,0.40816326530612246,0.15,36,0.3055555555555556,0.45454545454545453,0.25806451612903225,85,0.5176470588235295,0.058823529411764705,0.4235294117647059,0.5764705882352941,5,0.058823529411764705,0.8,2026,2026
Josh Omojafo,South Florida,28,19,15,1,6,1,9,16,8,2,0,1,josh omojafo,G,Sr,26,19,45,0.5777777777777777,0.5384615384615384,47,0.5957446808510638,0.5357142857142857,7,0.14285714285714285,1.0,54,0.5370370370370371,0.5517241379310345,25,0.36,0.8888888888888888,0.631578947368421,79,0.5949367088607594,0.08860759493670886,0.31645569620253167,0.6835443037974683,2,0.02531645569620253,1.0,2026,2026
Braden Frager,Nebraska,21,2,12,0,2,0,14,25,12,4,1,4,braden frager,F,Fr,17,1,18,0.9444444444444444,0.47058823529411764,23,0.9130434782608695,0.5714285714285714,2,0.0,,25,0.84,0.5714285714285714,39,0.358974358974359,0.8571428571428571,0.6857142857142857,64,0.359375,0.03125,0.609375,0.390625,5,0.078125,0.8,2026,2026
Caleb Williams,Lafayette,10,18,2,6,16,3,29,41,15,0,0,0,caleb williams,F,So,10,18,28,0.35714285714285715,0.2,28,0.35714285714285715,0.2,22,0.2727272727272727,0.5,50,0.32,0.3125,70,0.4142857142857143,0.5172413793103449,0.4444444444444444,120,0.23333333333333334,0.18333333333333332,0.5833333333333334,0.4166666666666667,0,0.0,,2026,2026
Caleb Williams,Lafayette,10,18,2,6,16,3,29,41,15,0,0,0,caleb williams,G,So,10,18,28,0.35714285714285715,0.2,28,0.35714285714285715,0.2,22,0.2727272727272727,0.5,50,0.32,0.3125,70,0.4142857142857143,0.5172413793103449,0.4444444444444444,120,0.23333333333333334,0.18333333333333332,0.5833333333333334,0.4166666666666667,0,0.0,,2026,2026
Andrin Njock,Appalachian St.,11,2,8,0,0,0,3,10,3,3,0,3,andrin njock,F,Fr,8,2,10,0.8,0.625,13,0.8461538461538461,0.7272727272727273,0,,,13,0.8461538461538461,0.7272727272727273,13,0.23076923076923078,1.0,0.7857142857142857,26,0.5,0.0,0.5,0.5,3,0.11538461538461539,1.0,2026,2026
Terry McMorris,Eastern Illinois,18,15,8,6,10,1,0,1,0,3,1,2,terry mcmorris,F,So,15,14,29,0.5172413793103449,0.4,33,0.5454545454545454,0.4444444444444444,16,0.375,0.16666666666666666,49,0.4897959183673469,0.375,1,0.0,,0.375,50,0.66,0.32,0.02,0.98,4,0.08,0.75,2026,2026
Sekou Konneh,Milwaukee,16,8,10,4,5,0,0,2,0,5,1,4,sekou konneh,C,Fr,11,7,18,0.6111111111111112,0.5454545454545454,24,0.6666666666666666,0.625,9,0.4444444444444444,0.0,33,0.6060606060606061,0.5,2,0.0,,0.5,35,0.6857142857142857,0.2571428571428571,0.05714285714285714,0.9428571428571428,6,0.17142857142857143,0.8333333333333334,2026,2026
All Wright,Xavier,12,10,8,5,12,0,20,21,19,0,1,0,all wright,G,So,12,9,21,0.5714285714285714,0.6666666666666666,22,0.5454545454545454,0.6666666666666666,17,0.29411764705882354,0.0,39,0.4358974358974359,0.47058823529411764,41,0.4878048780487805,0.95,0.7297297297297297,80,0.275,0.2125,0.5125,0.4875,1,0.0125,0.0,2026,2026
Je'Shawn Stevenson,North Texas,18,14,3,0,9,0,19,37,16,2,0,1,je'shawn stevenson,G,So,16,14,30,0.5333333333333333,0.125,32,0.5625,0.16666666666666666,9,0.0,,41,0.43902439024390244,0.16666666666666666,56,0.3392857142857143,0.8421052631578947,0.5135135135135135,97,0.32989690721649484,0.09278350515463918,0.5773195876288659,0.422680412371134,2,0.020618556701030927,1.0,2026,2026
Oswin Erhunmwunse,Providence,31,8,24,1,2,1,0,0,0,15,1,14,oswin erhunmwunse,C,So,16,7,23,0.6956521739130435,0.625,39,0.7948717948717948,0.7741935483870968,3,0.3333333333333333,1.0,42,0.7619047619047619,0.78125,0,,,0.78125,42,0.9285714285714286,0.07142857142857142,0.0,1.0,16,0.38095238095238093,0.9375,2026,2026
Dylan Grant,Rutgers,29,20,14,11,17,3,10,13,10,9,0,7,dylan grant,F,So,20,20,40,0.5,0.35,49,0.5918367346938775,0.4827586206896552,28,0.39285714285714285,0.2727272727272727,77,0.5194805194805194,0.425,23,0.43478260869565216,1.0,0.54,100,0.49,0.28,0.23,0.77,9,0.09,1.0,2026,2026
Brayden Fagbemi,UC Davis,7,4,4,2,4,0,2,17,1,0,0,0,brayden fagbemi,G,Jr,7,4,11,0.6363636363636364,0.5714285714285714,11,0.6363636363636364,0.5714285714285714,6,0.3333333333333333,0.0,17,0.5294117647058824,0.4444444444444444,19,0.10526315789473684,0.5,0.45454545454545453,36,0.3055555555555556,0.16666666666666666,0.5277777777777778,0.4722222222222222,0,0.0,,2026,2026
Baron Smith Jr.,Oral Roberts,3,7,2,1,3,0,0,0,0,0,0,0,baron smith jr.,C,So,3,7,10,0.3,0.6666666666666666,10,0.3,0.6666666666666666,4,0.25,0.0,14,0.2857142857142857,0.5,0,,,0.5,14,0.7142857142857143,0.2857142857142857,0.0,1.0,0,0.0,,2026,2026
Justin Ray,Monmouth,9,6,3,11,10,2,16,26,14,1,0,1,justin ray,G,So,8,6,14,0.5714285714285714,0.25,15,0.6,0.3333333333333333,21,0.5238095238095238,0.18181818181818182,36,0.5555555555555556,0.25,42,0.38095238095238093,0.875,0.5277777777777778,78,0.19230769230769232,0.2692307692307692,0.5384615384615384,0.46153846153846156,1,0.01282051282051282,1.0,2026,2026
Maban Jabriel,Queens,8,6,4,3,1,2,11,12,11,2,0,0,maban jabriel,F,So,6,6,12,0.5,0.6666666666666666,14,0.5714285714285714,0.5,4,0.75,0.6666666666666666,18,0.6111111111111112,0.5454545454545454,23,0.4782608695652174,1.0,0.7727272727272727,41,0.34146341463414637,0.0975609756097561,0.5609756097560976,0.43902439024390244,2,0.04878048780487805,1.0,2026,2026
Isaac Davis,Utah Valley,23,10,18,3,6,1,1,4,1,8,0,7,isaac davis,F,So,15,10,25,0.6,0.7333333333333333,33,0.696969696969697,0.782608695652174,9,0.3333333333333333,0.3333333333333333,42,0.6190476190476191,0.7307692307692307,5,0.2,1.0,0.7407407407407407,47,0.7021276595744681,0.19148936170212766,0.10638297872340426,0.8936170212765957,8,0.1702127659574468,1.0,2026,2026
Matt Hodge,Villanova,17,9,12,0,3,0,15,29,15,3,1,2,matt hodge,F,So,14,8,22,0.6363636363636364,0.7142857142857143,26,0.6538461538461539,0.7058823529411765,3,0.0,,29,0.5862068965517241,0.7058823529411765,44,0.3409090909090909,1.0,0.84375,73,0.3561643835616438,0.0410958904109589,0.6027397260273972,0.3972602739726027,4,0.0547945205479452,0.75,2026,2026
Donovan Rakotonanahary,Northern Kentucky,13,1,8,0,0,0,0,0,0,6,0,5,donovan rakotonanahary,C,So,7,1,8,0.875,0.42857142857142855,14,0.9285714285714286,0.6153846153846154,0,,,14,0.9285714285714286,0.6153846153846154,0,,,0.6153846153846154,14,1.0,0.0,0.0,1.0,6,0.42857142857142855,1.0,2026,2026
Patrick Ngongba,Duke,35,9,24,3,2,2,4,11,4,18,2,15,patrick ngongba,C,So,17,7,24,0.7083333333333334,0.5294117647058824,44,0.7954545454545454,0.6857142857142857,5,0.6,0.6666666666666666,49,0.7755102040816326,0.6842105263157895,15,0.26666666666666666,1.0,0.7142857142857143,64,0.6875,0.078125,0.234375,0.765625,20,0.3125,0.9,2026,2026
Isaiah Evans,Duke,16,9,9,0,5,0,22,46,21,5,1,4,isaiah evans,G,So,11,8,19,0.5789473684210527,0.45454545454545453,25,0.64,0.5625,5,0.0,,30,0.5333333333333333,0.5625,68,0.3235294117647059,0.9545454545454546,0.7894736842105263,98,0.25510204081632654,0.05102040816326531,0.6938775510204082,0.30612244897959184,6,0.061224489795918366,0.8333333333333334,2026,2026
Darren Harris,Duke,3,1,2,0,1,0,11,17,10,0,0,0,darren harris,G,So,3,1,4,0.75,0.6666666666666666,4,0.75,0.6666666666666666,1,0.0,,5,0.6,0.6666666666666666,28,0.39285714285714285,0.9090909090909091,0.8571428571428571,33,0.12121212121212122,0.030303030303030304,0.8484848484848485,0.15151515151515152,0,0.0,,2026,2026
Chris Arias,Jacksonville,7,6,1,3,10,1,20,36,17,0,0,0,chris arias,G,So,7,6,13,0.5384615384615384,0.14285714285714285,13,0.5384615384615384,0.14285714285714285,13,0.23076923076923078,0.3333333333333333,26,0.38461538461538464,0.2,56,0.35714285714285715,0.85,0.6333333333333333,82,0.15853658536585366,0.15853658536585366,0.6829268292682927,0.3170731707317073,0,0.0,,2026,2026
Ibrahim Olajuwon,FIU,7,6,4,3,2,1,0,1,0,1,1,1,ibrahim olajuwon,F,Sr,6,5,11,0.5454545454545454,0.5,13,0.5384615384615384,0.5714285714285714,5,0.6,0.3333333333333333,18,0.5555555555555556,0.5,1,0.0,,0.5,19,0.6842105263157895,0.2631578947368421,0.05263157894736842,0.9473684210526315,2,0.10526315789473684,0.5,2026,2026
Nic Codie,Texas,9,6,5,3,5,1,0,5,0,5,1,4,nic codie,C,So,4,5,9,0.4444444444444444,0.25,15,0.6,0.5555555555555556,8,0.375,0.3333333333333333,23,0.5217391304347826,0.5,5,0.0,,0.5,28,0.5357142857142857,0.2857142857142857,0.17857142857142858,0.8214285714285714,6,0.21428571428571427,0.8333333333333334,2026,2026
Obi Agbim,Baylor,4,2,0,7,13,1,17,30,15,0,0,0,obi agbim,G,Sr,4,2,6,0.6666666666666666,0.0,6,0.6666666666666666,0.0,20,0.35,0.14285714285714285,26,0.4230769230769231,0.09090909090909091,47,0.3617021276595745,0.8823529411764706,0.5714285714285714,73,0.0821917808219178,0.273972602739726,0.6438356164383562,0.3561643835616438,0,0.0,,2026,2026
Samet Yigitoglu,SMU,31,13,23,9,14,6,0,0,0,22,4,18,samet yigitoglu,C,So,9,9,18,0.5,0.5555555555555556,44,0.7045454545454546,0.7419354838709677,23,0.391304347826087,0.6666666666666666,67,0.5970149253731343,0.725,0,,,0.725,67,0.6567164179104478,0.34328358208955223,0.0,1.0,26,0.3880597014925373,0.8461538461538461,2026,2026
Maxim Logue,Florida Atlantic,15,2,9,0,2,0,0,0,0,7,0,5,maxim logue,C,So,8,2,10,0.8,0.5,17,0.8823529411764706,0.6,2,0.0,,19,0.7894736842105263,0.6,0,,,0.6,19,0.8947368421052632,0.10526315789473684,0.0,1.0,7,0.3684210526315789,1.0,2026,2026
Mitchell Holmes,SMU,11,4,9,5,3,4,0,0,0,0,0,0,mitchell holmes,C,Fr,11,4,15,0.7333333333333333,0.8181818181818182,15,0.7333333333333333,0.8181818181818182,8,0.625,0.8,23,0.6956521739130435,0.8125,0,,,0.8125,23,0.6521739130434783,0.34782608695652173,0.0,1.0,0,0.0,,2026,2026
Isaiah Sy,Oregon St.,7,11,2,3,7,1,15,32,15,0,0,0,isaiah sy,G,Jr,7,11,18,0.3888888888888889,0.2857142857142857,18,0.3888888888888889,0.2857142857142857,10,0.3,0.3333333333333333,28,0.35714285714285715,0.3,47,0.3191489361702128,1.0,0.72,75,0.24,0.13333333333333333,0.6266666666666667,0.37333333333333335,0,0.0,,2026,2026
Ben Hammond,Virginia Tech,12,9,2,14,26,2,5,13,3,0,0,0,ben hammond,G,So,12,9,21,0.5714285714285714,0.16666666666666666,21,0.5714285714285714,0.16666666666666666,40,0.35,0.14285714285714285,61,0.4262295081967213,0.15384615384615385,18,0.2777777777777778,0.6,0.22580645161290322,79,0.26582278481012656,0.5063291139240507,0.22784810126582278,0.7721518987341772,0,0.0,,2026,2026
Antwaun Massey,Western Illinois,21,10,3,2,11,0,0,1,0,5,0,1,antwaun massey,C,Sr,16,10,26,0.6153846153846154,0.125,31,0.6774193548387096,0.14285714285714285,13,0.15384615384615385,0.0,44,0.5227272727272727,0.13043478260869565,1,0.0,,0.13043478260869565,45,0.6888888888888889,0.28888888888888886,0.022222222222222223,0.9777777777777777,5,0.1111111111111111,1.0,2026,2026
Jorge Moreno,Southern Illinois,9,3,6,4,5,2,0,0,0,0,0,0,jorge moreno,C,Sr,9,3,12,0.75,0.6666666666666666,12,0.75,0.6666666666666666,9,0.4444444444444444,0.5,21,0.6190476190476191,0.6153846153846154,0,,,0.6153846153846154,21,0.5714285714285714,0.42857142857142855,0.0,1.0,0,0.0,,2026,2026
Jacob Dar,Seton Hall,12,12,9,1,1,1,2,7,2,1,1,1,jacob dar,F,Jr,11,11,22,0.5,0.7272727272727273,24,0.5,0.75,2,0.5,1.0,26,0.5,0.7692307692307693,9,0.2222222222222222,1.0,0.8,35,0.6857142857142857,0.05714285714285714,0.2571428571428571,0.7428571428571429,2,0.05714285714285714,0.5,2026,2026
Allen Graves,Santa Clara,24,22,12,4,9,1,7,9,7,10,2,6,allen graves,F,Fr,14,20,34,0.4117647058823529,0.42857142857142855,46,0.5217391304347826,0.5,13,0.3076923076923077,0.25,59,0.4745762711864407,0.4642857142857143,16,0.4375,1.0,0.5714285714285714,75,0.6133333333333333,0.17333333333333334,0.21333333333333335,0.7866666666666666,12,0.16,0.8333333333333334,2026,2026
Elijah Mahi,Santa Clara,24,18,4,6,13,0,14,28,9,1,0,1,elijah mahi,G,Sr,23,18,41,0.5609756097560976,0.13043478260869565,42,0.5714285714285714,0.16666666666666666,19,0.3157894736842105,0.0,61,0.4918032786885246,0.13333333333333333,42,0.3333333333333333,0.6428571428571429,0.29545454545454547,103,0.4077669902912621,0.18446601941747573,0.4077669902912621,0.5922330097087378,1,0.009708737864077669,1.0,2026,2026
Hamad Mousa,Cal Poly,18,20,3,6,9,1,22,27,16,0,0,0,hamad mousa,F,So,18,20,38,0.47368421052631576,0.16666666666666666,38,0.47368421052631576,0.16666666666666666,15,0.4,0.16666666666666666,53,0.4528301886792453,0.16666666666666666,49,0.4489795918367347,0.7272727272727273,0.43478260869565216,102,0.37254901960784315,0.14705882352941177,0.4803921568627451,0.5196078431372549,0,0.0,,2026,2026
Amael L'Etang,Dayton,30,12,19,0,8,0,11,19,11,6,2,5,amael l'etang,F,So,24,10,34,0.7058823529411765,0.5833333333333334,42,0.7142857142857143,0.6333333333333333,8,0.0,,50,0.6,0.6333333333333333,30,0.36666666666666664,1.0,0.7317073170731707,80,0.525,0.1,0.375,0.625,8,0.1,0.75,2026,2026
Luke Skaljac,Miami OH,5,7,1,2,6,0,6,11,5,0,0,0,luke skaljac,G,So,5,7,12,0.4166666666666667,0.2,12,0.4166666666666667,0.2,8,0.25,0.0,20,0.35,0.14285714285714285,17,0.35294117647058826,0.8333333333333334,0.46153846153846156,37,0.32432432432432434,0.21621621621621623,0.4594594594594595,0.5405405405405406,0,0.0,,2026,2026
Andrea Holden,Wright St.,14,6,5,9,4,2,0,0,0,5,0,3,andrea holden,F,So,9,6,15,0.6,0.2222222222222222,20,0.7,0.35714285714285715,13,0.6923076923076923,0.2222222222222222,33,0.696969696969697,0.30434782608695654,0,,,0.30434782608695654,33,0.6060606060606061,0.3939393939393939,0.0,1.0,5,0.15151515151515152,1.0,2026,2026
Brant Byers,Miami OH,9,7,6,1,3,1,15,27,14,3,0,3,brant byers,F,So,6,7,13,0.46153846153846156,0.5,16,0.5625,0.6666666666666666,4,0.25,1.0,20,0.5,0.7,42,0.35714285714285715,0.9333333333333333,0.84,62,0.25806451612903225,0.06451612903225806,0.6774193548387096,0.3225806451612903,3,0.04838709677419355,1.0,2026,2026
CJ Brown,South Florida,34,31,3,2,10,0,4,15,3,1,1,1,cj brown,G,So,33,30,63,0.5238095238095238,0.06060606060606061,65,0.5230769230769231,0.08823529411764706,12,0.16666666666666666,0.0,77,0.4675324675324675,0.08333333333333333,19,0.21052631578947367,0.75,0.15,96,0.6770833333333334,0.125,0.19791666666666666,0.8020833333333334,2,0.020833333333333332,0.5,2026,2026
Jimmie Williams,Duquesne,21,9,6,5,3,1,14,29,13,2,0,1,jimmie williams,G,Jr,19,9,28,0.6785714285714286,0.2631578947368421,30,0.7,0.2857142857142857,8,0.625,0.2,38,0.6842105263157895,0.2692307692307692,43,0.32558139534883723,0.9285714285714286,0.5,81,0.37037037037037035,0.09876543209876543,0.5308641975308642,0.4691358024691358,2,0.024691358024691357,1.0,2026,2026
Finn Lally,William & Mary,1,1,0,0,0,0,2,3,2,0,0,0,finn lally,F,Sr,1,1,2,0.5,0.0,2,0.5,0.0,0,,,2,0.5,0.0,5,0.4,1.0,0.6666666666666666,7,0.2857142857142857,0.0,0.7142857142857143,0.2857142857142857,0,0.0,,2026,2026
Somto Cyril,Georgia,29,8,18,0,2,0,0,0,0,22,1,16,somto cyril,C,So,7,7,14,0.5,0.2857142857142857,37,0.7837837837837838,0.6206896551724138,2,0.0,,39,0.7435897435897436,0.6206896551724138,0,,,0.6206896551724138,39,0.9487179487179487,0.05128205128205128,0.0,1.0,23,0.5897435897435898,0.9565217391304348,2026,2026
Michael Jacobs,Southern,28,16,2,5,23,1,7,14,5,0,0,0,michael jacobs,G,Sr,28,16,44,0.6363636363636364,0.07142857142857142,44,0.6363636363636364,0.07142857142857142,28,0.17857142857142858,0.2,72,0.4583333333333333,0.09090909090909091,21,0.3333333333333333,0.7142857142857143,0.2,93,0.4731182795698925,0.3010752688172043,0.22580645161290322,0.7741935483870968,0,0.0,,2026,2026
Gianni Cobb,Northern Illinois,15,14,3,3,7,0,3,10,2,0,0,0,gianni cobb,G,So,15,14,29,0.5172413793103449,0.2,29,0.5172413793103449,0.2,10,0.3,0.0,39,0.46153846153846156,0.16666666666666666,13,0.23076923076923078,0.6666666666666666,0.23809523809523808,52,0.5576923076923077,0.19230769230769232,0.25,0.75,0,0.0,,2026,2026
Alexis Marmolejos,Pacific,6,6,1,0,1,0,8,15,8,0,0,0,alexis marmolejos,G,Sr,6,6,12,0.5,0.16666666666666666,12,0.5,0.16666666666666666,1,0.0,,13,0.46153846153846156,0.16666666666666666,23,0.34782608695652173,1.0,0.6428571428571429,36,0.3333333333333333,0.027777777777777776,0.6388888888888888,0.3611111111111111,0,0.0,,2026,2026
Oleksandr Kobzystyi,Oregon,1,1,0,0,3,0,3,5,3,0,0,0,oleksandr kobzystyi,F,Sr,1,1,2,0.5,0.0,2,0.5,0.0,3,0.0,,5,0.2,0.0,8,0.375,1.0,0.75,13,0.15384615384615385,0.23076923076923078,0.6153846153846154,0.38461538461538464,0,0.0,,2026,2026
Boogie Fland,Florida,18,8,5,5,14,1,10,29,6,2,0,1,boogie fland,G,So,16,8,24,0.6666666666666666,0.25,26,0.6923076923076923,0.2777777777777778,19,0.2631578947368421,0.2,45,0.5111111111111111,0.2608695652173913,39,0.2564102564102564,0.6,0.36363636363636365,84,0.30952380952380953,0.2261904761904762,0.4642857142857143,0.5357142857142857,2,0.023809523809523808,1.0,2026,2026
Ben Bradford,Charlotte,27,22,2,7,8,1,9,19,8,3,0,1,ben bradford,G,So,24,22,46,0.5217391304347826,0.041666666666666664,49,0.5510204081632653,0.07407407407407407,15,0.4666666666666667,0.14285714285714285,64,0.53125,0.08823529411764706,28,0.32142857142857145,0.8888888888888888,0.2558139534883721,92,0.532608695652174,0.16304347826086957,0.30434782608695654,0.6956521739130435,3,0.03260869565217391,1.0,2026,2026
Petar Majstorovic,Long Beach St.,22,6,13,12,11,6,13,27,13,0,0,0,petar majstorovic,F,So,22,6,28,0.7857142857142857,0.5909090909090909,28,0.7857142857142857,0.5909090909090909,23,0.5217391304347826,0.5,51,0.6666666666666666,0.5588235294117647,40,0.325,1.0,0.6808510638297872,91,0.3076923076923077,0.25274725274725274,0.43956043956043955,0.5604395604395604,0,0.0,,2026,2026
Brandon Maclin,DePaul,10,8,5,1,4,1,7,12,7,0,0,0,brandon maclin,G,Sr,10,8,18,0.5555555555555556,0.5,18,0.5555555555555556,0.5,5,0.2,1.0,23,0.4782608695652174,0.5454545454545454,19,0.3684210526315789,1.0,0.7222222222222222,42,0.42857142857142855,0.11904761904761904,0.4523809523809524,0.5476190476190477,0,0.0,,2026,2026
CJ Hardy,Cal St. Bakersfield,17,18,2,9,11,0,11,15,6,2,0,1,cj hardy,G,Sr,15,18,33,0.45454545454545453,0.06666666666666667,35,0.4857142857142857,0.11764705882352941,20,0.45,0.0,55,0.4727272727272727,0.07692307692307693,26,0.4230769230769231,0.5454545454545454,0.21621621621621623,81,0.43209876543209874,0.24691358024691357,0.32098765432098764,0.6790123456790124,2,0.024691358024691357,1.0,2026,2026
"Ryan Jackson, Jr.",William & Mary,22,11,17,0,0,0,1,3,1,2,0,1,"ryan jackson, jr.",F,So,20,11,31,0.6451612903225806,0.8,33,0.6666666666666666,0.7727272727272727,0,,,33,0.6666666666666666,0.7727272727272727,4,0.25,1.0,0.782608695652174,37,0.8918918918918919,0.0,0.10810810810810811,0.8918918918918919,2,0.05405405405405406,1.0,2026,2026
Jaquan Johnson,Bradley,27,17,1,9,17,0,17,26,11,0,0,0,jaquan johnson,G,So,27,17,44,0.6136363636363636,0.037037037037037035,44,0.6136363636363636,0.037037037037037035,26,0.34615384615384615,0.0,70,0.5142857142857142,0.027777777777777776,43,0.3953488372093023,0.6470588235294118,0.22641509433962265,113,0.3893805309734513,0.23008849557522124,0.3805309734513274,0.6194690265486725,0,0.0,,2026,2026
Carmelo Pacheco,UCF,1,1,0,2,0,2,16,24,16,0,0,0,carmelo pacheco,G,Jr,1,1,2,0.5,0.0,2,0.5,0.0,2,1.0,1.0,4,0.75,0.6666666666666666,40,0.4,1.0,0.9473684210526315,44,0.045454545454545456,0.045454545454545456,0.9090909090909091,0.09090909090909091,0,0.0,,2026,2026
Andrew Holifield,Lamar,11,4,8,7,9,1,10,18,7,8,0,7,andrew holifield,F,Sr,3,4,7,0.42857142857142855,0.3333333333333333,15,0.7333333333333333,0.7272727272727273,16,0.4375,0.14285714285714285,31,0.5806451612903226,0.5,28,0.35714285714285715,0.7,0.5714285714285714,59,0.2542372881355932,0.2711864406779661,0.4745762711864407,0.5254237288135594,8,0.13559322033898305,1.0,2026,2026
Jason Jakstys,Illinois,3,1,3,0,0,0,0,0,0,3,0,3,jason jakstys,C,Fr,0,1,1,0.0,,4,0.75,1.0,0,,,4,0.75,1.0,0,,,1.0,4,1.0,0.0,0.0,1.0,3,0.75,1.0,2026,2026
Bishop Boswell,Tennessee,6,0,2,1,2,0,7,6,7,0,0,0,bishop boswell,G,So,6,0,6,1.0,0.3333333333333333,6,1.0,0.3333333333333333,3,0.3333333333333333,0.0,9,0.7777777777777778,0.2857142857142857,13,0.5384615384615384,1.0,0.6428571428571429,22,0.2727272727272727,0.13636363636363635,0.5909090909090909,0.4090909090909091,0,0.0,,2026,2026
Aiden Sherrell,Alabama,22,10,14,1,1,1,4,6,4,10,1,9,aiden sherrell,F,So,12,9,21,0.5714285714285714,0.4166666666666667,32,0.6875,0.6363636363636364,2,0.5,1.0,34,0.6764705882352942,0.6521739130434783,10,0.4,1.0,0.7037037037037037,44,0.7272727272727273,0.045454545454545456,0.22727272727272727,0.7727272727272727,11,0.25,0.9090909090909091,2026,2026
Derrion Reid,Oklahoma,21,16,12,3,5,1,8,20,8,5,1,5,derrion reid,F,So,16,15,31,0.5161290322580645,0.4375,37,0.5675675675675675,0.5714285714285714,8,0.375,0.3333333333333333,45,0.5333333333333333,0.5416666666666666,28,0.2857142857142857,1.0,0.65625,73,0.5068493150684932,0.1095890410958904,0.3835616438356164,0.6164383561643836,6,0.0821917808219178,0.8333333333333334,2026,2026
Jonah Hinton,Rhode Island,10,10,5,6,4,0,33,57,26,0,0,0,jonah hinton,G,Jr,10,10,20,0.5,0.5,20,0.5,0.5,10,0.6,0.0,30,0.5333333333333333,0.3125,90,0.36666666666666664,0.7878787878787878,0.6326530612244898,120,0.16666666666666666,0.08333333333333333,0.75,0.25,0,0.0,,2026,2026
Kam Williams,Kentucky,10,2,4,0,0,0,6,22,5,5,1,1,kam williams,F,So,5,1,6,0.8333333333333334,0.6,12,0.8333333333333334,0.4,0,,,12,0.8333333333333334,0.4,28,0.21428571428571427,0.8333333333333334,0.5625,40,0.3,0.0,0.7,0.3,6,0.15,0.8333333333333334,2026,2026
Zaon Collins,Fresno St.,26,21,3,14,8,0,8,18,4,0,0,0,zaon collins,G,Jr,26,21,47,0.5531914893617021,0.11538461538461539,47,0.5531914893617021,0.11538461538461539,22,0.6363636363636364,0.0,69,0.5797101449275363,0.075,26,0.3076923076923077,0.5,0.14583333333333334,95,0.49473684210526314,0.23157894736842105,0.2736842105263158,0.7263157894736842,0,0.0,,2026,2026
Brandin Cummings,Pittsburgh,6,7,0,3,5,0,9,19,6,0,0,0,brandin cummings,G,So,6,7,13,0.46153846153846156,0.0,13,0.46153846153846156,0.0,8,0.375,0.0,21,0.42857142857142855,0.0,28,0.32142857142857145,0.6666666666666666,0.3333333333333333,49,0.2653061224489796,0.16326530612244897,0.5714285714285714,0.42857142857142855,0,0.0,,2026,2026
Jinup Dobuol,Monmouth,2,3,0,2,3,1,5,6,5,1,0,0,jinup dobuol,F,So,1,3,4,0.25,0.0,5,0.4,0.0,5,0.4,0.5,10,0.4,0.25,11,0.45454545454545453,1.0,0.6666666666666666,21,0.23809523809523808,0.23809523809523808,0.5238095238095238,0.47619047619047616,1,0.047619047619047616,1.0,2026,2026
Connor Hollenbeck,Idaho St.,7,9,2,4,13,0,20,27,19,0,0,0,connor hollenbeck,G,Sr,7,9,16,0.4375,0.2857142857142857,16,0.4375,0.2857142857142857,17,0.23529411764705882,0.0,33,0.3333333333333333,0.18181818181818182,47,0.425531914893617,0.95,0.6774193548387096,80,0.2,0.2125,0.5875,0.4125,0,0.0,,2026,2026
Khouri Carvey,North Carolina Central,28,23,10,2,13,0,2,5,2,3,1,3,khouri carvey,F,Sr,25,22,47,0.5319148936170213,0.28,51,0.5490196078431373,0.35714285714285715,15,0.13333333333333333,0.0,66,0.45454545454545453,0.3333333333333333,7,0.2857142857142857,1.0,0.375,73,0.6986301369863014,0.2054794520547945,0.0958904109589041,0.9041095890410958,4,0.0547945205479452,0.75,2026,2026
Hudson Ward,Western Michigan,10,3,5,2,2,0,6,12,5,4,0,4,hudson ward,G,So,6,3,9,0.6666666666666666,0.16666666666666666,13,0.7692307692307693,0.5,4,0.5,0.0,17,0.7058823529411765,0.4166666666666667,18,0.3333333333333333,0.8333333333333334,0.5555555555555556,35,0.37142857142857144,0.11428571428571428,0.5142857142857142,0.4857142857142857,4,0.11428571428571428,1.0,2026,2026
Dominick Stewart,Penn St.,4,8,2,3,3,2,16,19,14,0,0,0,dominick stewart,G,So,4,8,12,0.3333333333333333,0.5,12,0.3333333333333333,0.5,6,0.5,0.6666666666666666,18,0.3888888888888889,0.5714285714285714,35,0.45714285714285713,0.875,0.782608695652174,53,0.22641509433962265,0.11320754716981132,0.660377358490566,0.33962264150943394,0,0.0,,2026,2026
Jason Asemota,Boston College,2,1,1,1,1,1,7,12,6,1,0,1,jason asemota,F,So,1,1,2,0.5,0.0,3,0.6666666666666666,0.5,2,0.5,1.0,5,0.6,0.6666666666666666,19,0.3684210526315789,0.8571428571428571,0.8,24,0.125,0.08333333333333333,0.7916666666666666,0.20833333333333334,1,0.041666666666666664,1.0,2026,2026
Jake Lemelman,Mercyhurst,7,13,2,23,23,9,14,22,12,0,0,0,jake lemelman,G,So,7,13,20,0.35,0.2857142857142857,20,0.35,0.2857142857142857,46,0.5,0.391304347826087,66,0.45454545454545453,0.36666666666666664,36,0.3888888888888889,0.8571428571428571,0.5227272727272727,102,0.19607843137254902,0.45098039215686275,0.35294117647058826,0.6470588235294118,0,0.0,,2026,2026
Qadir Martin,Mercyhurst,21,8,12,7,13,2,3,6,2,2,0,2,qadir martin,F,So,19,8,27,0.7037037037037037,0.5263157894736842,29,0.7241379310344828,0.5714285714285714,20,0.35,0.2857142857142857,49,0.5714285714285714,0.5,9,0.3333333333333333,0.6666666666666666,0.5161290322580645,58,0.5,0.3448275862068966,0.15517241379310345,0.8448275862068966,2,0.034482758620689655,1.0,2026,2026
Tate McCubbin,Austin Peay,8,7,5,2,7,0,18,34,18,1,0,1,tate mccubbin,F,So,7,7,14,0.5,0.5714285714285714,15,0.5333333333333333,0.625,9,0.2222222222222222,0.0,24,0.4166666666666667,0.5,52,0.34615384615384615,1.0,0.8214285714285714,76,0.19736842105263158,0.11842105263157894,0.6842105263157895,0.3157894736842105,1,0.013157894736842105,1.0,2026,2026
Wyatt Nausadis,American,12,9,1,6,7,0,14,22,8,0,0,0,wyatt nausadis,G,So,12,9,21,0.5714285714285714,0.08333333333333333,21,0.5714285714285714,0.08333333333333333,13,0.46153846153846156,0.0,34,0.5294117647058824,0.05555555555555555,36,0.3888888888888889,0.5714285714285714,0.28125,70,0.3,0.18571428571428572,0.5142857142857142,0.4857142857142857,0,0.0,,2026,2026
Quin Gorman,Stony Brook,10,4,6,0,0,0,2,8,2,2,1,1,quin gorman,F,So,8,3,11,0.7272727272727273,0.625,14,0.7142857142857143,0.6,0,,,14,0.7142857142857143,0.6,10,0.2,1.0,0.6666666666666666,24,0.5833333333333334,0.0,0.4166666666666667,0.5833333333333334,3,0.125,0.6666666666666666,2026,2026
Terrence Hill Jr.,VCU,5,4,3,5,2,0,25,24,23,0,0,0,terrence hill jr.,G,So,5,4,9,0.5555555555555556,0.6,9,0.5555555555555556,0.6,7,0.7142857142857143,0.0,16,0.625,0.3,49,0.5102040816326531,0.92,0.7428571428571429,65,0.13846153846153847,0.1076923076923077,0.7538461538461538,0.24615384615384617,0,0.0,,2026,2026
Ralph Martino Jr.,Saint Francis,6,3,4,6,3,2,4,4,4,1,1,1,ralph martino jr.,G,So,5,2,7,0.7142857142857143,0.6,9,0.6666666666666666,0.6666666666666666,9,0.6666666666666666,0.3333333333333333,18,0.6666666666666666,0.5,8,0.5,1.0,0.625,26,0.34615384615384615,0.34615384615384615,0.3076923076923077,0.6923076923076923,2,0.07692307692307693,0.5,2026,2026
Bryce Dortch,Rutgers,8,2,7,1,3,0,0,0,0,1,0,1,bryce dortch,C,So,7,2,9,0.7777777777777778,0.8571428571428571,10,0.8,0.875,4,0.25,0.0,14,0.6428571428571429,0.7777777777777778,0,,,0.7777777777777778,14,0.7142857142857143,0.2857142857142857,0.0,1.0,1,0.07142857142857142,1.0,2026,2026
Darrion Sutton,Missouri St.,5,3,2,1,5,0,4,4,3,1,0,1,darrion sutton,F,So,4,3,7,0.5714285714285714,0.25,8,0.625,0.4,6,0.16666666666666666,0.0,14,0.42857142857142855,0.3333333333333333,8,0.5,0.75,0.5,22,0.36363636363636365,0.2727272727272727,0.36363636363636365,0.6363636363636364,1,0.045454545454545456,1.0,2026,2026
Khalon Hudson,Presbyterian,7,2,3,3,6,2,1,7,1,1,0,1,khalon hudson,F,So,6,2,8,0.75,0.3333333333333333,9,0.7777777777777778,0.42857142857142855,9,0.3333333333333333,0.6666666666666666,18,0.5555555555555556,0.5,8,0.125,1.0,0.5454545454545454,26,0.34615384615384615,0.34615384615384615,0.3076923076923077,0.6923076923076923,1,0.038461538461538464,1.0,2026,2026
Chidi Chiakwelu,Presbyterian,15,10,10,1,2,0,0,0,0,7,0,7,chidi chiakwelu,C,Fr,8,10,18,0.4444444444444444,0.375,25,0.6,0.6666666666666666,3,0.3333333333333333,0.0,28,0.5714285714285714,0.625,0,,,0.625,28,0.8928571428571429,0.10714285714285714,0.0,1.0,7,0.25,1.0,2026,2026
Eric Mahaffey,Akron,26,11,14,1,4,0,9,7,8,9,0,6,eric mahaffey,G,So,17,11,28,0.6071428571428571,0.47058823529411764,37,0.7027027027027027,0.5384615384615384,5,0.2,0.0,42,0.6428571428571429,0.5185185185185185,16,0.5625,0.8888888888888888,0.6111111111111112,58,0.6379310344827587,0.08620689655172414,0.27586206896551724,0.7241379310344828,9,0.15517241379310345,1.0,2026,2026
Sharron Young,Akron,5,4,3,0,5,0,14,23,12,0,0,0,sharron young,G,So,5,4,9,0.5555555555555556,0.6,9,0.5555555555555556,0.6,5,0.0,,14,0.35714285714285715,0.6,37,0.3783783783783784,0.8571428571428571,0.7894736842105263,51,0.17647058823529413,0.09803921568627451,0.7254901960784313,0.27450980392156865,0,0.0,,2026,2026
Bernie Blunt,Mercyhurst,16,12,5,13,13,5,13,32,12,0,0,0,bernie blunt,G,Sr,16,12,28,0.5714285714285714,0.3125,28,0.5714285714285714,0.3125,26,0.5,0.38461538461538464,54,0.5370370370370371,0.3448275862068966,45,0.28888888888888886,0.9230769230769231,0.5238095238095238,99,0.2828282828282828,0.26262626262626265,0.45454545454545453,0.5454545454545454,0,0.0,,2026,2026
Elijah Lewis,Marist,13,5,5,6,11,0,2,6,2,2,0,1,elijah lewis,G,Sr,11,5,16,0.6875,0.36363636363636365,18,0.7222222222222222,0.38461538461538464,17,0.35294117647058826,0.0,35,0.5428571428571428,0.2631578947368421,8,0.25,1.0,0.3333333333333333,43,0.4186046511627907,0.3953488372093023,0.18604651162790697,0.813953488372093,2,0.046511627906976744,1.0,2026,2026
Tarence Guinyard,Duquesne,28,14,4,0,6,0,15,21,13,0,0,0,tarence guinyard,G,Sr,28,14,42,0.6666666666666666,0.14285714285714285,42,0.6666666666666666,0.14285714285714285,6,0.0,,48,0.5833333333333334,0.14285714285714285,36,0.4166666666666667,0.8666666666666667,0.3953488372093023,84,0.5,0.07142857142857142,0.42857142857142855,0.5714285714285714,0,0.0,,2026,2026
Sheldon Williams,Texas A&M Corpus Chris,20,18,10,4,7,2,5,7,5,1,0,1,sheldon williams,F,Sr,19,18,37,0.5135135135135135,0.47368421052631576,38,0.5263157894736842,0.5,11,0.36363636363636365,0.5,49,0.4897959183673469,0.5,12,0.4166666666666667,1.0,0.5862068965517241,61,0.6229508196721312,0.18032786885245902,0.19672131147540983,0.8032786885245902,1,0.01639344262295082,1.0,2026,2026
Layne Taylor,Murray St.,8,6,2,3,5,0,12,32,9,0,0,0,layne taylor,G,So,8,6,14,0.5714285714285714,0.25,14,0.5714285714285714,0.25,8,0.375,0.0,22,0.5,0.18181818181818182,44,0.2727272727272727,0.75,0.4782608695652174,66,0.21212121212121213,0.12121212121212122,0.6666666666666666,0.3333333333333333,0,0.0,,2026,2026
Labaron Philon,Alabama,34,10,9,16,17,0,16,25,10,5,0,3,labaron philon,G,So,29,10,39,0.7435897435897436,0.20689655172413793,44,0.7727272727272727,0.2647058823529412,33,0.48484848484848486,0.0,77,0.6493506493506493,0.18,41,0.3902439024390244,0.625,0.2878787878787879,118,0.3728813559322034,0.2796610169491525,0.3474576271186441,0.652542372881356,5,0.0423728813559322,1.0,2026,2026
Ramone Seals,Kennesaw St.,16,13,5,0,0,0,9,14,9,3,0,2,ramone seals,F,So,13,13,26,0.5,0.23076923076923078,29,0.5517241379310345,0.3125,0,,,29,0.5517241379310345,0.3125,23,0.391304347826087,1.0,0.56,52,0.5576923076923077,0.0,0.4423076923076923,0.5576923076923077,3,0.057692307692307696,1.0,2026,2026
Adrian Wooley,Louisville,13,9,4,1,2,1,8,17,5,1,1,0,adrian wooley,G,So,12,8,20,0.6,0.3333333333333333,22,0.5909090909090909,0.3076923076923077,3,0.3333333333333333,1.0,25,0.56,0.35714285714285715,25,0.32,0.625,0.45454545454545453,50,0.44,0.06,0.5,0.5,2,0.04,0.5,2026,2026
Felix Kossaras,Colorado,14,6,7,2,0,0,11,10,11,5,0,4,felix kossaras,G,So,9,6,15,0.6,0.3333333333333333,20,0.7,0.5,2,1.0,0.0,22,0.7272727272727273,0.4375,21,0.5238095238095238,1.0,0.6666666666666666,43,0.46511627906976744,0.046511627906976744,0.4883720930232558,0.5116279069767442,5,0.11627906976744186,1.0,2026,2026
Sebastian Rancik,Colorado,14,10,3,4,15,1,12,21,11,1,0,1,sebastian rancik,F,So,13,10,23,0.5652173913043478,0.15384615384615385,24,0.5833333333333334,0.21428571428571427,19,0.21052631578947367,0.25,43,0.4186046511627907,0.2222222222222222,33,0.36363636363636365,0.9166666666666666,0.5,76,0.3157894736842105,0.25,0.4342105263157895,0.5657894736842105,1,0.013157894736842105,1.0,2026,2026
Andy Sigiscar,Tarleton St.,6,2,4,2,3,0,0,0,0,4,0,4,andy sigiscar,C,Fr,2,2,4,0.5,0.0,8,0.75,0.6666666666666666,5,0.4,0.0,13,0.6153846153846154,0.5,0,,,0.5,13,0.6153846153846154,0.38461538461538464,0.0,1.0,4,0.3076923076923077,1.0,2026,2026
Brendan Terry,Southeast Missouri St.,26,21,11,9,9,4,1,2,1,0,2,0,brendan terry,F,Sr,26,19,45,0.5777777777777777,0.4230769230769231,47,0.5531914893617021,0.4230769230769231,18,0.5,0.4444444444444444,65,0.5384615384615384,0.42857142857142855,3,0.3333333333333333,1.0,0.4444444444444444,68,0.6911764705882353,0.2647058823529412,0.04411764705882353,0.9558823529411765,2,0.029411764705882353,0.0,2026,2026
"Paul McNeil, Jr.",N.C. State,11,5,7,2,7,1,21,38,17,2,0,2,"paul mcneil, jr.",G,So,9,5,14,0.6428571428571429,0.5555555555555556,16,0.6875,0.6363636363636364,9,0.2222222222222222,0.5,25,0.52,0.6153846153846154,59,0.3559322033898305,0.8095238095238095,0.7352941176470589,84,0.19047619047619047,0.10714285714285714,0.7023809523809523,0.2976190476190476,2,0.023809523809523808,1.0,2026,2026
Kavien Jones,Tennessee St.,7,5,3,2,1,2,1,0,1,0,0,0,kavien jones,F,So,7,5,12,0.5833333333333334,0.42857142857142855,12,0.5833333333333334,0.42857142857142855,3,0.6666666666666666,1.0,15,0.6,0.5555555555555556,1,1.0,1.0,0.6,16,0.75,0.1875,0.0625,0.9375,0,0.0,,2026,2026
Tyler Medaris,Utah Valley,4,2,3,1,0,0,0,1,0,0,0,0,tyler medaris,F,Fr,4,2,6,0.6666666666666666,0.75,6,0.6666666666666666,0.75,1,1.0,0.0,7,0.7142857142857143,0.6,1,0.0,,0.6,8,0.75,0.125,0.125,0.875,0,0.0,,2026,2026
Kylin Green,Houston Christian,16,13,5,7,7,1,9,12,8,0,0,0,kylin green,G,Sr,16,13,29,0.5517241379310345,0.3125,29,0.5517241379310345,0.3125,14,0.5,0.14285714285714285,43,0.5348837209302325,0.2608695652173913,21,0.42857142857142855,0.8888888888888888,0.4375,64,0.453125,0.21875,0.328125,0.671875,0,0.0,,2026,2026
Antoine Lorick III,Tennessee St.,10,10,5,1,2,1,3,4,3,3,0,2,antoine lorick iii,F,Jr,7,10,17,0.4117647058823529,0.42857142857142855,20,0.5,0.5,3,0.3333333333333333,1.0,23,0.4782608695652174,0.5454545454545454,7,0.42857142857142855,1.0,0.6428571428571429,30,0.6666666666666666,0.1,0.23333333333333334,0.7666666666666667,3,0.1,1.0,2026,2026
Damoni Harrison,Charlotte,1,2,1,4,3,0,7,12,6,1,0,1,damoni harrison,G,Sr,0,2,2,0.0,,3,0.3333333333333333,1.0,7,0.5714285714285714,0.0,10,0.5,0.2,19,0.3684210526315789,0.8571428571428571,0.5833333333333334,29,0.10344827586206896,0.2413793103448276,0.6551724137931034,0.3448275862068966,1,0.034482758620689655,1.0,2026,2026
Isaac Asuma,Minnesota,11,11,6,5,5,3,13,28,12,0,0,0,isaac asuma,G,So,11,11,22,0.5,0.5454545454545454,22,0.5,0.5454545454545454,10,0.5,0.6,32,0.5,0.5625,41,0.3170731707317073,0.9230769230769231,0.7241379310344828,73,0.3013698630136986,0.136986301369863,0.5616438356164384,0.4383561643835616,0,0.0,,2026,2026
Ty Robinson,Central Arkansas,21,6,12,1,8,0,9,33,7,0,0,0,ty robinson,G,So,21,6,27,0.7777777777777778,0.5714285714285714,27,0.7777777777777778,0.5714285714285714,9,0.1111111111111111,0.0,36,0.6111111111111112,0.5454545454545454,42,0.21428571428571427,0.7777777777777778,0.6129032258064516,78,0.34615384615384615,0.11538461538461539,0.5384615384615384,0.46153846153846156,0,0.0,,2026,2026
Juke Harris,Wake Forest,31,18,14,7,4,0,26,38,23,6,2,4,juke harris,F,So,25,16,41,0.6097560975609756,0.4,49,0.6326530612244898,0.45161290322580644,11,0.6363636363636364,0.0,60,0.6333333333333333,0.3684210526315789,64,0.40625,0.8846153846153846,0.578125,124,0.3951612903225806,0.08870967741935484,0.5161290322580645,0.4838709677419355,8,0.06451612903225806,0.75,2026,2026
Yaphet Moundi,San Jose St.,25,21,13,3,7,0,0,4,0,2,0,2,yaphet moundi,F,Sr,23,21,44,0.5227272727272727,0.4782608695652174,46,0.5434782608695652,0.52,10,0.3,0.0,56,0.5,0.4642857142857143,4,0.0,,0.4642857142857143,60,0.7666666666666667,0.16666666666666666,0.06666666666666667,0.9333333333333333,2,0.03333333333333333,1.0,2026,2026
Jeremiah Wilkinson,Georgia,27,13,9,3,8,0,20,34,19,6,1,4,jeremiah wilkinson,G,So,21,12,33,0.6363636363636364,0.23809523809523808,40,0.675,0.3333333333333333,11,0.2727272727272727,0.0,51,0.5882352941176471,0.3,54,0.37037037037037035,0.95,0.56,105,0.38095238095238093,0.10476190476190476,0.5142857142857142,0.4857142857142857,7,0.06666666666666667,0.8571428571428571,2026,2026
Ivan Njegovan,Ohio St.,8,1,7,4,3,3,1,1,1,1,0,1,ivan njegovan,F,So,7,1,8,0.875,0.8571428571428571,9,0.8888888888888888,0.875,7,0.5714285714285714,0.75,16,0.75,0.8333333333333334,2,0.5,1.0,0.8461538461538461,18,0.5,0.3888888888888889,0.1111111111111111,0.8888888888888888,1,0.05555555555555555,1.0,2026,2026
Nick Anderson,Rice,12,13,6,6,12,0,25,33,24,5,1,3,nick anderson,G,Sr,7,12,19,0.3684210526315789,0.42857142857142855,25,0.48,0.5,18,0.3333333333333333,0.0,43,0.4186046511627907,0.3333333333333333,58,0.43103448275862066,0.96,0.6976744186046512,101,0.24752475247524752,0.1782178217821782,0.5742574257425742,0.42574257425742573,6,0.0594059405940594,0.8333333333333334,2026,2026
Tyler Betsey,Syracuse,3,8,0,3,3,1,14,28,12,0,0,0,tyler betsey,F,So,3,8,11,0.2727272727272727,0.0,11,0.2727272727272727,0.0,6,0.5,0.3333333333333333,17,0.35294117647058826,0.16666666666666666,42,0.3333333333333333,0.8571428571428571,0.65,59,0.1864406779661017,0.1016949152542373,0.711864406779661,0.288135593220339,0,0.0,,2026,2026
C.J. Cox,Purdue,7,4,4,6,6,2,12,18,12,0,0,0,c.j. cox,G,So,7,4,11,0.6363636363636364,0.5714285714285714,11,0.6363636363636364,0.5714285714285714,12,0.5,0.3333333333333333,23,0.5652173913043478,0.46153846153846156,30,0.4,1.0,0.72,53,0.20754716981132076,0.22641509433962265,0.5660377358490566,0.4339622641509434,0,0.0,,2026,2026
Julius Thedford,Memphis,12,7,8,2,2,1,7,9,7,1,0,1,julius thedford,G,So,11,7,18,0.6111111111111112,0.6363636363636364,19,0.631578947368421,0.6666666666666666,4,0.5,0.5,23,0.6086956521739131,0.6428571428571429,16,0.4375,1.0,0.7619047619047619,39,0.48717948717948717,0.10256410256410256,0.41025641025641024,0.5897435897435898,1,0.02564102564102564,1.0,2026,2026
Caleb Embeya,Towson,3,5,1,1,2,0,0,0,0,1,0,0,caleb embeya,C,So,2,5,7,0.2857142857142857,0.5,8,0.375,0.3333333333333333,3,0.3333333333333333,0.0,11,0.36363636363636365,0.25,0,,,0.25,11,0.7272727272727273,0.2727272727272727,0.0,1.0,1,0.09090909090909091,1.0,2026,2026
Eoin Dillon,Belmont,0,1,0,0,2,0,7,11,7,0,0,0,eoin dillon,F,Fr,0,1,1,0.0,,1,0.0,,2,0.0,,3,0.0,,18,0.3888888888888889,1.0,1.0,21,0.047619047619047616,0.09523809523809523,0.8571428571428571,0.14285714285714285,0,0.0,,2026,2026
Blake Daberkow,Idaho St.,7,1,5,5,2,2,0,1,0,0,0,0,blake daberkow,F,Sr,7,1,8,0.875,0.7142857142857143,8,0.875,0.7142857142857143,7,0.7142857142857143,0.4,15,0.8,0.5833333333333334,1,0.0,,0.5833333333333334,16,0.5,0.4375,0.0625,0.9375,0,0.0,,2026,2026
Nick Coval,Davidson,7,5,1,9,3,2,7,5,6,0,0,0,nick coval,G,So,7,5,12,0.5833333333333334,0.14285714285714285,12,0.5833333333333334,0.14285714285714285,12,0.75,0.2222222222222222,24,0.6666666666666666,0.1875,12,0.5833333333333334,0.8571428571428571,0.391304347826087,36,0.3333333333333333,0.3333333333333333,0.3333333333333333,0.6666666666666666,0,0.0,,2026,2026
Julius Halaifonua,Georgetown,18,7,15,5,5,5,2,9,2,2,0,2,julius halaifonua,F,So,16,7,23,0.6956521739130435,0.8125,25,0.72,0.8333333333333334,10,0.5,1.0,35,0.6571428571428571,0.8695652173913043,11,0.18181818181818182,1.0,0.88,46,0.5434782608695652,0.21739130434782608,0.2391304347826087,0.7608695652173914,2,0.043478260869565216,1.0,2026,2026
Corbin Zentner,Cornell,1,1,1,1,1,0,12,12,11,0,0,0,corbin zentner,G,Sr,1,1,2,0.5,1.0,2,0.5,1.0,2,0.5,0.0,4,0.5,0.5,24,0.5,0.9166666666666666,0.8571428571428571,28,0.07142857142857142,0.07142857142857142,0.8571428571428571,0.14285714285714285,0,0.0,,2026,2026
Jerald Colonel,Stephen F. Austin,14,6,9,0,6,0,0,0,0,9,0,7,jerald colonel,C,Sr,5,6,11,0.45454545454545453,0.4,20,0.7,0.6428571428571429,6,0.0,,26,0.5384615384615384,0.6428571428571429,0,,,0.6428571428571429,26,0.7692307692307693,0.23076923076923078,0.0,1.0,9,0.34615384615384615,1.0,2026,2026
Evan Haywood,Butler,3,7,1,0,2,0,17,19,17,0,1,0,evan haywood,G,So,3,6,9,0.3333333333333333,0.3333333333333333,10,0.3,0.3333333333333333,2,0.0,,12,0.25,0.3333333333333333,36,0.4722222222222222,1.0,0.9,48,0.20833333333333334,0.041666666666666664,0.75,0.25,1,0.020833333333333332,0.0,2026,2026
Ian Jackson,St. John's,21,13,8,0,2,0,12,22,10,2,0,1,ian jackson,G,So,19,13,32,0.59375,0.3684210526315789,34,0.6176470588235294,0.38095238095238093,2,0.0,,36,0.5833333333333334,0.38095238095238093,34,0.35294117647058826,0.8333333333333334,0.5454545454545454,70,0.4857142857142857,0.02857142857142857,0.4857142857142857,0.5142857142857142,2,0.02857142857142857,1.0,2026,2026
Josh Ahayere,Colgate,11,3,3,4,8,0,5,8,3,0,0,0,josh ahayere,G,So,11,3,14,0.7857142857142857,0.2727272727272727,14,0.7857142857142857,0.2727272727272727,12,0.3333333333333333,0.0,26,0.5769230769230769,0.2,13,0.38461538461538464,0.6,0.3,39,0.358974358974359,0.3076923076923077,0.3333333333333333,0.6666666666666666,0,0.0,,2026,2026
Blake Harper,Creighton,12,5,2,8,15,1,8,13,6,0,0,0,blake harper,F,So,12,5,17,0.7058823529411765,0.16666666666666666,17,0.7058823529411765,0.16666666666666666,23,0.34782608695652173,0.125,40,0.5,0.15,21,0.38095238095238093,0.75,0.32142857142857145,61,0.2786885245901639,0.3770491803278688,0.3442622950819672,0.6557377049180327,0,0.0,,2026,2026
Isaiah Brown,Howard,4,4,0,0,6,0,2,2,0,0,0,0,isaiah brown,G,So,4,4,8,0.5,0.0,8,0.5,0.0,6,0.0,,14,0.2857142857142857,0.0,4,0.5,0.0,0.0,18,0.4444444444444444,0.3333333333333333,0.2222222222222222,0.7777777777777778,0,0.0,,2026,2026
Josh Reed,Drexel,16,15,1,5,13,1,6,8,3,1,0,0,josh reed,F,Sr,15,15,30,0.5,0.06666666666666667,31,0.5161290322580645,0.0625,18,0.2777777777777778,0.2,49,0.42857142857142855,0.09523809523809523,14,0.42857142857142855,0.5,0.18518518518518517,63,0.49206349206349204,0.2857142857142857,0.2222222222222222,0.7777777777777778,1,0.015873015873015872,1.0,2026,2026
Josh Reed,Drexel,16,15,1,5,13,1,6,8,3,1,0,0,josh reed,G,So,15,15,30,0.5,0.06666666666666667,31,0.5161290322580645,0.0625,18,0.2777777777777778,0.2,49,0.42857142857142855,0.09523809523809523,14,0.42857142857142855,0.5,0.18518518518518517,63,0.49206349206349204,0.2857142857142857,0.2222222222222222,0.7777777777777778,1,0.015873015873015872,1.0,2026,2026
Devon Malcolm,Cal Baptist,21,13,9,2,4,0,4,10,4,6,4,5,devon malcolm,G,Sr,15,9,24,0.625,0.26666666666666666,34,0.6176470588235294,0.42857142857142855,6,0.3333333333333333,0.0,40,0.575,0.391304347826087,14,0.2857142857142857,1.0,0.48148148148148145,54,0.6296296296296297,0.1111111111111111,0.25925925925925924,0.7407407407407407,10,0.18518518518518517,0.6,2026,2026
Javan Buchanan,Boise St.,16,19,5,4,10,2,8,18,5,1,0,1,javan buchanan,F,Sr,15,19,34,0.4411764705882353,0.26666666666666666,35,0.45714285714285713,0.3125,14,0.2857142857142857,0.5,49,0.40816326530612246,0.35,26,0.3076923076923077,0.625,0.42857142857142855,75,0.4666666666666667,0.18666666666666668,0.3466666666666667,0.6533333333333333,1,0.013333333333333334,1.0,2026,2026
Pearson Carmichael,Boise St.,4,3,3,4,1,0,8,15,7,0,1,0,pearson carmichael,F,So,4,2,6,0.6666666666666666,0.75,7,0.5714285714285714,0.75,5,0.8,0.0,12,0.6666666666666666,0.375,23,0.34782608695652173,0.875,0.625,35,0.2,0.14285714285714285,0.6571428571428571,0.34285714285714286,1,0.02857142857142857,0.0,2026,2026
Alec Squires,South Dakota St.,8,6,6,3,4,1,0,0,0,4,0,3,alec squires,C,Fr,4,6,10,0.4,0.75,14,0.5714285714285714,0.75,7,0.42857142857142855,0.3333333333333333,21,0.5238095238095238,0.6363636363636364,0,,,0.6363636363636364,21,0.6666666666666666,0.3333333333333333,0.0,1.0,4,0.19047619047619047,1.0,2026,2026
Cameron Jackson,UT Arlington,18,12,7,1,0,0,0,0,0,0,0,0,cameron jackson,F,So,18,12,30,0.6,0.3888888888888889,30,0.6,0.3888888888888889,1,1.0,0.0,31,0.6129032258064516,0.3684210526315789,0,,,0.3684210526315789,31,0.967741935483871,0.03225806451612903,0.0,1.0,0,0.0,,2026,2026
Seifeldin Hendawy,Winthrop,11,4,4,2,7,1,6,19,6,3,0,2,seifeldin hendawy,F,So,8,4,12,0.6666666666666666,0.25,15,0.7333333333333333,0.36363636363636365,9,0.2222222222222222,0.5,24,0.5416666666666666,0.38461538461538464,25,0.24,1.0,0.5789473684210527,49,0.30612244897959184,0.1836734693877551,0.5102040816326531,0.4897959183673469,3,0.061224489795918366,1.0,2026,2026
Sebastian Akins,Wake Forest,10,10,0,8,6,1,4,12,1,1,0,0,sebastian akins,G,So,9,10,19,0.47368421052631576,0.0,20,0.5,0.0,14,0.5714285714285714,0.125,34,0.5294117647058824,0.05555555555555555,16,0.25,0.25,0.09090909090909091,50,0.4,0.28,0.32,0.68,1,0.02,1.0,2026,2026
Pharell Boyogueno,Winthrop,4,1,3,1,2,0,8,13,8,2,0,2,pharell boyogueno,F,Sr,2,1,3,0.6666666666666666,0.5,5,0.8,0.75,3,0.3333333333333333,0.0,8,0.625,0.6,21,0.38095238095238093,1.0,0.8461538461538461,29,0.1724137931034483,0.10344827586206896,0.7241379310344828,0.27586206896551724,2,0.06896551724137931,1.0,2026,2026
Justin Menard,Marist,9,4,1,7,7,4,6,17,4,0,0,0,justin menard,G,So,9,4,13,0.6923076923076923,0.1111111111111111,13,0.6923076923076923,0.1111111111111111,14,0.5,0.5714285714285714,27,0.5925925925925926,0.3125,23,0.2608695652173913,0.6666666666666666,0.4090909090909091,50,0.26,0.28,0.46,0.54,0,0.0,,2026,2026
Sebastian Tidor,Portland St.,4,4,1,2,2,1,14,21,13,0,0,0,sebastian tidor,G,Jr,4,4,8,0.5,0.25,8,0.5,0.25,4,0.5,0.5,12,0.5,0.3333333333333333,35,0.4,0.9285714285714286,0.75,47,0.1702127659574468,0.0851063829787234,0.7446808510638298,0.2553191489361702,0,0.0,,2026,2026
Julian Bowie,Boise St.,1,0,1,0,1,0,2,1,2,0,0,0,julian bowie,G,So,1,0,1,1.0,1.0,1,1.0,1.0,1,0.0,,2,0.5,1.0,3,0.6666666666666666,1.0,1.0,5,0.2,0.2,0.6,0.4,0,0.0,,2026,2026
Brayden Maldonado,Seattle,14,12,6,10,5,4,15,16,11,0,0,0,brayden maldonado,G,Sr,14,12,26,0.5384615384615384,0.42857142857142855,26,0.5384615384615384,0.42857142857142855,15,0.6666666666666666,0.4,41,0.5853658536585366,0.4166666666666667,31,0.4838709677419355,0.7333333333333333,0.5384615384615384,72,0.3611111111111111,0.20833333333333334,0.4305555555555556,0.5694444444444444,0,0.0,,2026,2026
Max Green,Northwestern,5,3,3,2,1,1,9,11,6,2,0,0,max green,G,So,3,3,6,0.5,1.0,8,0.625,0.6,3,0.6666666666666666,0.5,11,0.6363636363636364,0.5714285714285714,20,0.45,0.6666666666666666,0.625,31,0.25806451612903225,0.0967741935483871,0.6451612903225806,0.3548387096774194,2,0.06451612903225806,1.0,2026,2026
Ishan Sharma,Saint Louis,1,3,0,1,2,0,17,27,15,0,0,0,ishan sharma,G,So,1,3,4,0.25,0.0,4,0.25,0.0,3,0.3333333333333333,0.0,7,0.2857142857142857,0.0,44,0.38636363636363635,0.8823529411764706,0.7894736842105263,51,0.0784313725490196,0.058823529411764705,0.8627450980392157,0.13725490196078433,0,0.0,,2026,2026
Erik Taylor,Presbyterian,5,2,1,1,1,1,2,11,1,0,0,0,erik taylor,G,So,5,2,7,0.7142857142857143,0.2,7,0.7142857142857143,0.2,2,0.5,1.0,9,0.6666666666666666,0.3333333333333333,13,0.15384615384615385,0.5,0.375,22,0.3181818181818182,0.09090909090909091,0.5909090909090909,0.4090909090909091,0,0.0,,2026,2026
Amarion Dickerson,USC,7,6,5,0,0,0,4,5,4,3,1,2,amarion dickerson,G,Sr,4,5,9,0.4444444444444444,0.75,13,0.5384615384615384,0.7142857142857143,0,,,13,0.5384615384615384,0.7142857142857143,9,0.4444444444444444,1.0,0.8181818181818182,22,0.5909090909090909,0.0,0.4090909090909091,0.5909090909090909,4,0.18181818181818182,0.75,2026,2026
Malcolm Christie,Oregon St.,0,1,0,0,4,0,19,23,19,0,0,0,malcolm christie,G,Sr,0,1,1,0.0,,1,0.0,,4,0.0,,5,0.0,,42,0.4523809523809524,1.0,1.0,47,0.02127659574468085,0.0851063829787234,0.8936170212765957,0.10638297872340426,0,0.0,,2026,2026
Blaize Sagna,Southeast Missouri St.,3,1,2,0,0,0,0,3,0,0,0,0,blaize sagna,G,Sr,3,1,4,0.75,0.6666666666666666,4,0.75,0.6666666666666666,0,,,4,0.75,0.6666666666666666,3,0.0,,0.6666666666666666,7,0.5714285714285714,0.0,0.42857142857142855,0.5714285714285714,0,0.0,,2026,2026
Austin Maurer,Seattle,12,3,8,3,5,2,2,5,2,5,0,4,austin maurer,C,So,7,3,10,0.7,0.5714285714285714,15,0.8,0.6666666666666666,8,0.375,0.6666666666666666,23,0.6521739130434783,0.6666666666666666,7,0.2857142857142857,1.0,0.7058823529411765,30,0.5,0.26666666666666666,0.23333333333333334,0.7666666666666667,5,0.16666666666666666,1.0,2026,2026
Styles Phipps,Pepperdine,20,15,3,7,18,4,8,15,4,0,0,0,styles phipps,G,So,20,15,35,0.5714285714285714,0.15,35,0.5714285714285714,0.15,25,0.28,0.5714285714285714,60,0.45,0.25925925925925924,23,0.34782608695652173,0.5,0.3142857142857143,83,0.42168674698795183,0.30120481927710846,0.27710843373493976,0.7228915662650602,0,0.0,,2026,2026
Michael Osei-Bonsu,Missouri St.,17,7,12,6,7,3,0,0,0,0,0,0,michael osei-bonsu,G,Sr,17,7,24,0.7083333333333334,0.7058823529411765,24,0.7083333333333334,0.7058823529411765,13,0.46153846153846156,0.5,37,0.6216216216216216,0.6521739130434783,0,,,0.6521739130434783,37,0.6486486486486487,0.35135135135135137,0.0,1.0,0,0.0,,2026,2026
Lewis Walker,North Carolina A&T,15,5,8,12,10,3,4,14,2,1,0,1,lewis walker,G,Fr,14,5,19,0.7368421052631579,0.5,20,0.75,0.5333333333333333,22,0.5454545454545454,0.25,42,0.6428571428571429,0.4074074074074074,18,0.2222222222222222,0.5,0.41935483870967744,60,0.3333333333333333,0.36666666666666664,0.3,0.7,1,0.016666666666666666,1.0,2026,2026
Morez Johnson Jr.,Michigan,39,13,29,5,6,3,2,3,2,10,1,8,morez johnson jr.,C,So,29,12,41,0.7073170731707317,0.7241379310344828,52,0.75,0.7435897435897436,11,0.45454545454545453,0.6,63,0.6984126984126984,0.7272727272727273,5,0.4,1.0,0.7391304347826086,68,0.7647058823529411,0.16176470588235295,0.07352941176470588,0.9264705882352942,11,0.16176470588235295,0.9090909090909091,2026,2026
Deuce Jones II,Saint Joseph's,19,19,6,8,10,4,11,26,4,1,0,1,deuce jones ii,G,So,18,19,37,0.4864864864864865,0.2777777777777778,38,0.5,0.3157894736842105,18,0.4444444444444444,0.5,56,0.48214285714285715,0.37037037037037035,37,0.2972972972972973,0.36363636363636365,0.3684210526315789,93,0.40860215053763443,0.1935483870967742,0.3978494623655914,0.6021505376344086,1,0.010752688172043012,1.0,2026,2026
Peter Bandelj,Cal Poly,17,18,2,3,9,0,21,21,13,0,0,0,peter bandelj,G,So,17,18,35,0.4857142857142857,0.11764705882352941,35,0.4857142857142857,0.11764705882352941,12,0.25,0.0,47,0.425531914893617,0.1,42,0.5,0.6190476190476191,0.36585365853658536,89,0.39325842696629215,0.1348314606741573,0.47191011235955055,0.5280898876404494,0,0.0,,2026,2026
Jaiden Feroah,Southern Utah,20,5,12,10,12,3,10,14,10,3,0,1,jaiden feroah,F,Sr,17,5,22,0.7727272727272727,0.6470588235294118,25,0.8,0.6,22,0.45454545454545453,0.3,47,0.6382978723404256,0.5,24,0.4166666666666667,1.0,0.625,71,0.352112676056338,0.30985915492957744,0.3380281690140845,0.6619718309859155,3,0.04225352112676056,1.0,2026,2026
Mason Ritter,Columbia,19,8,7,5,5,1,2,5,2,6,1,4,mason ritter,F,So,13,7,20,0.65,0.23076923076923078,27,0.7037037037037037,0.3684210526315789,10,0.5,0.2,37,0.6486486486486487,0.3333333333333333,7,0.2857142857142857,1.0,0.38461538461538464,44,0.6136363636363636,0.22727272727272727,0.1590909090909091,0.8409090909090909,7,0.1590909090909091,0.8571428571428571,2026,2026
Trent Noah,Kentucky,2,0,0,0,0,0,9,11,9,0,0,0,trent noah,G,So,2,0,2,1.0,0.0,2,1.0,0.0,0,,,2,1.0,0.0,20,0.45,1.0,0.8181818181818182,22,0.09090909090909091,0.0,0.9090909090909091,0.09090909090909091,0,0.0,,2026,2026
Damon Strand,La Salle,2,2,1,0,4,0,7,8,7,1,0,0,damon strand,G,Sr,1,2,3,0.3333333333333333,1.0,4,0.5,0.5,4,0.0,,8,0.25,0.5,15,0.4666666666666667,1.0,0.8888888888888888,23,0.17391304347826086,0.17391304347826086,0.6521739130434783,0.34782608695652173,1,0.043478260869565216,1.0,2026,2026
Zion Fruster,Eastern Illinois,12,9,2,8,23,2,7,11,6,2,0,1,zion fruster,G,Sr,10,9,19,0.5263157894736842,0.1,21,0.5714285714285714,0.16666666666666666,31,0.25806451612903225,0.25,52,0.38461538461538464,0.2,18,0.3888888888888889,0.8571428571428571,0.37037037037037035,70,0.3,0.44285714285714284,0.2571428571428571,0.7428571428571429,2,0.02857142857142857,1.0,2026,2026
Tamarion Hoover,Jackson St.,2,0,0,2,1,1,9,10,9,0,0,0,tamarion hoover,G,So,2,0,2,1.0,0.0,2,1.0,0.0,3,0.6666666666666666,0.5,5,0.8,0.25,19,0.47368421052631576,1.0,0.7692307692307693,24,0.08333333333333333,0.125,0.7916666666666666,0.20833333333333334,0,0.0,,2026,2026
Dominic Pangonis,Wright St.,7,4,4,1,4,0,7,8,6,1,0,1,dominic pangonis,G,So,6,4,10,0.6,0.5,11,0.6363636363636364,0.5714285714285714,5,0.2,0.0,16,0.5,0.5,15,0.4666666666666667,0.8571428571428571,0.6666666666666666,31,0.3548387096774194,0.16129032258064516,0.4838709677419355,0.5161290322580645,1,0.03225806451612903,1.0,2026,2026
TJ Nadeau,Detroit Mercy,3,3,3,14,13,3,20,24,19,0,0,0,tj nadeau,G,So,3,3,6,0.5,1.0,6,0.5,1.0,27,0.5185185185185185,0.21428571428571427,33,0.5151515151515151,0.35294117647058826,44,0.45454545454545453,0.95,0.6756756756756757,77,0.07792207792207792,0.35064935064935066,0.5714285714285714,0.42857142857142855,0,0.0,,2026,2026
Ryan Kalambay,Detroit Mercy,4,2,1,1,2,1,0,0,0,0,0,0,ryan kalambay,C,So,4,2,6,0.6666666666666666,0.25,6,0.6666666666666666,0.25,3,0.3333333333333333,1.0,9,0.5555555555555556,0.4,0,,,0.4,9,0.6666666666666666,0.3333333333333333,0.0,1.0,0,0.0,,2026,2026
Divine Ugochukwu,Michigan St.,6,4,2,1,4,0,6,10,5,0,0,0,divine ugochukwu,G,So,6,4,10,0.6,0.3333333333333333,10,0.6,0.3333333333333333,5,0.2,0.0,15,0.4666666666666667,0.2857142857142857,16,0.375,0.8333333333333334,0.5384615384615384,31,0.3225806451612903,0.16129032258064516,0.5161290322580645,0.4838709677419355,0,0.0,,2026,2026
Xander Alarie,Northeastern,23,15,10,3,9,1,2,10,2,5,0,5,xander alarie,F,Fr,18,15,33,0.5454545454545454,0.2777777777777778,38,0.6052631578947368,0.43478260869565216,12,0.25,0.3333333333333333,50,0.52,0.4230769230769231,12,0.16666666666666666,1.0,0.4642857142857143,62,0.6129032258064516,0.1935483870967742,0.1935483870967742,0.8064516129032258,5,0.08064516129032258,1.0,2026,2026
Ismaila Diagne,Gonzaga,4,3,2,2,2,1,0,0,0,1,2,0,ismaila diagne,C,So,3,1,4,0.75,0.6666666666666666,7,0.5714285714285714,0.5,4,0.5,0.5,11,0.5454545454545454,0.5,0,,,0.5,11,0.6363636363636364,0.36363636363636365,0.0,1.0,3,0.2727272727272727,0.3333333333333333,2026,2026
Isaac Celiscar,Yale,32,12,18,3,3,1,4,11,4,1,0,1,isaac celiscar,G,So,31,12,43,0.7209302325581395,0.5483870967741935,44,0.7272727272727273,0.5625,6,0.5,0.3333333333333333,50,0.7,0.5428571428571428,15,0.26666666666666666,1.0,0.5897435897435898,65,0.676923076923077,0.09230769230769231,0.23076923076923078,0.7692307692307693,1,0.015384615384615385,1.0,2026,2026
L.J. Cason,Michigan,12,6,5,0,3,0,6,13,6,2,0,1,l.j. cason,G,So,10,6,16,0.625,0.4,18,0.6666666666666666,0.4166666666666667,3,0.0,,21,0.5714285714285714,0.4166666666666667,19,0.3157894736842105,1.0,0.6111111111111112,40,0.45,0.075,0.475,0.525,2,0.05,1.0,2026,2026
Damone King,Rhode Island,4,2,3,4,3,2,3,9,2,0,0,0,damone king,G,Fr,4,2,6,0.6666666666666666,0.75,6,0.6666666666666666,0.75,7,0.5714285714285714,0.5,13,0.6153846153846154,0.625,12,0.25,0.6666666666666666,0.6363636363636364,25,0.24,0.28,0.48,0.52,0,0.0,,2026,2026
Nic Book,USC Upstate,5,1,4,0,0,0,0,0,0,0,0,0,nic book,C,So,5,1,6,0.8333333333333334,0.8,6,0.8333333333333334,0.8,0,,,6,0.8333333333333334,0.8,0,,,0.8,6,1.0,0.0,0.0,1.0,0,0.0,,2026,2026
Mister Dean,Charleston,7,1,2,3,6,1,0,2,0,2,0,1,mister dean,G,So,5,1,6,0.8333333333333334,0.2,8,0.875,0.2857142857142857,9,0.3333333333333333,0.3333333333333333,17,0.5882352941176471,0.3,2,0.0,,0.3,19,0.42105263157894735,0.47368421052631576,0.10526315789473684,0.8947368421052632,2,0.10526315789473684,1.0,2026,2026
Carmelo Adkins,USC Upstate,12,19,3,8,7,2,17,33,17,0,0,0,carmelo adkins,G,So,12,19,31,0.3870967741935484,0.25,31,0.3870967741935484,0.25,15,0.5333333333333333,0.25,46,0.43478260869565216,0.25,50,0.34,1.0,0.5945945945945946,96,0.3229166666666667,0.15625,0.5208333333333334,0.4791666666666667,0,0.0,,2026,2026
Kyle Edison,Southeastern Louisiana,4,1,2,1,2,0,1,7,0,0,0,0,kyle edison,G,So,4,1,5,0.8,0.5,5,0.8,0.5,3,0.3333333333333333,0.0,8,0.625,0.4,8,0.125,0.0,0.3333333333333333,16,0.3125,0.1875,0.5,0.5,0,0.0,,2026,2026
Jeremy Elyzee,Southeastern Louisiana,17,8,10,10,18,2,1,12,1,3,1,3,jeremy elyzee,G,So,14,7,21,0.6666666666666666,0.5,25,0.68,0.5882352941176471,28,0.35714285714285715,0.2,53,0.5094339622641509,0.4444444444444444,13,0.07692307692307693,1.0,0.4642857142857143,66,0.3787878787878788,0.42424242424242425,0.19696969696969696,0.803030303030303,4,0.06060606060606061,0.75,2026,2026
Jamil Muttilib,Grambling St.,6,2,1,3,2,1,15,23,14,1,0,0,jamil muttilib,G,Sr,5,2,7,0.7142857142857143,0.2,8,0.75,0.16666666666666666,5,0.6,0.3333333333333333,13,0.6923076923076923,0.2222222222222222,38,0.39473684210526316,0.9333333333333333,0.6666666666666666,51,0.1568627450980392,0.09803921568627451,0.7450980392156863,0.2549019607843137,1,0.0196078431372549,1.0,2026,2026
Daniel Jacobsen,Purdue,24,5,22,7,5,5,2,2,2,15,0,15,daniel jacobsen,C,So,9,5,14,0.6428571428571429,0.7777777777777778,29,0.8275862068965517,0.9166666666666666,12,0.5833333333333334,0.7142857142857143,41,0.7560975609756098,0.8709677419354839,4,0.5,1.0,0.8787878787878788,45,0.6444444444444445,0.26666666666666666,0.08888888888888889,0.9111111111111111,15,0.3333333333333333,1.0,2026,2026
JaJuan Nicholls,Tennessee Tech,20,11,11,8,4,1,0,0,0,5,0,4,jajuan nicholls,C,Jr,15,11,26,0.5769230769230769,0.4666666666666667,31,0.6451612903225806,0.55,12,0.6666666666666666,0.125,43,0.6511627906976745,0.42857142857142855,0,,,0.42857142857142855,43,0.7209302325581395,0.27906976744186046,0.0,1.0,5,0.11627906976744186,1.0,2026,2026
Christian Anderson,Texas Tech,11,7,3,13,18,1,23,32,14,2,0,1,christian anderson,G,So,9,7,16,0.5625,0.2222222222222222,18,0.6111111111111112,0.2727272727272727,31,0.41935483870967744,0.07692307692307693,49,0.4897959183673469,0.16666666666666666,55,0.41818181818181815,0.6086956521739131,0.3829787234042553,104,0.17307692307692307,0.2980769230769231,0.5288461538461539,0.47115384615384615,2,0.019230769230769232,1.0,2026,2026
Brett Decker Jr.,Liberty,11,11,4,4,7,1,27,21,24,1,1,1,brett decker jr.,G,So,10,10,20,0.5,0.3,22,0.5,0.36363636363636365,11,0.36363636363636365,0.25,33,0.45454545454545453,0.3333333333333333,48,0.5625,0.8888888888888888,0.6904761904761905,81,0.2716049382716049,0.13580246913580246,0.5925925925925926,0.4074074074074074,2,0.024691358024691357,0.5,2026,2026
Owen Aquino,High Point,23,18,12,4,5,0,0,2,0,5,1,4,owen aquino,F,Sr,18,17,35,0.5142857142857142,0.4444444444444444,41,0.5609756097560976,0.5217391304347826,9,0.4444444444444444,0.0,50,0.54,0.4444444444444444,2,0.0,,0.4444444444444444,52,0.7884615384615384,0.17307692307692307,0.038461538461538464,0.9615384615384616,6,0.11538461538461539,0.8333333333333334,2026,2026
Macon Emory,Delaware,23,8,11,8,5,5,11,20,9,5,0,3,macon emory,F,So,18,8,26,0.6923076923076923,0.4444444444444444,31,0.7419354838709677,0.4782608695652174,13,0.6153846153846154,0.625,44,0.7045454545454546,0.5161290322580645,31,0.3548387096774194,0.8181818181818182,0.5952380952380952,75,0.41333333333333333,0.17333333333333334,0.41333333333333333,0.5866666666666667,5,0.06666666666666667,1.0,2026,2026
DeSean Goode,Robert Morris,31,15,16,8,11,3,8,6,8,1,0,1,desean goode,F,So,30,15,45,0.6666666666666666,0.5,46,0.6739130434782609,0.5161290322580645,19,0.42105263157894735,0.375,65,0.6,0.48717948717948717,14,0.5714285714285714,1.0,0.574468085106383,79,0.5822784810126582,0.24050632911392406,0.17721518987341772,0.8227848101265823,1,0.012658227848101266,1.0,2026,2026
Ryan Mela,Providence,26,19,4,5,5,0,3,17,3,0,0,0,ryan mela,G,So,26,19,45,0.5777777777777777,0.15384615384615385,45,0.5777777777777777,0.15384615384615385,10,0.5,0.0,55,0.5636363636363636,0.12903225806451613,20,0.15,1.0,0.20588235294117646,75,0.6,0.13333333333333333,0.26666666666666666,0.7333333333333333,0,0.0,,2026,2026
Tyler Tanner,Vanderbilt,25,8,7,6,11,2,19,19,16,6,0,3,tyler tanner,G,So,19,8,27,0.7037037037037037,0.21052631578947367,33,0.7575757575757576,0.28,17,0.35294117647058826,0.3333333333333333,50,0.62,0.2903225806451613,38,0.5,0.8421052631578947,0.5,88,0.375,0.19318181818181818,0.4318181818181818,0.5681818181818182,6,0.06818181818181818,1.0,2026,2026
Eduardo Klafke,Mississippi,1,1,1,1,5,0,3,6,2,0,0,0,eduardo klafke,G,So,1,1,2,0.5,1.0,2,0.5,1.0,6,0.16666666666666666,0.0,8,0.25,0.5,9,0.3333333333333333,0.6666666666666666,0.6,17,0.11764705882352941,0.35294117647058826,0.5294117647058824,0.47058823529411764,0,0.0,,2026,2026
John Bol,UCF,22,3,14,3,2,2,0,0,0,2,0,2,john bol,C,So,20,3,23,0.8695652173913043,0.6,25,0.88,0.6363636363636364,5,0.6,0.6666666666666666,30,0.8333333333333334,0.64,0,,,0.64,30,0.8333333333333334,0.16666666666666666,0.0,1.0,2,0.06666666666666667,1.0,2026,2026
Royce Parham,Marquette,19,12,7,4,5,3,7,27,5,2,1,1,royce parham,F,So,17,11,28,0.6071428571428571,0.35294117647058826,31,0.6129032258064516,0.3684210526315789,9,0.4444444444444444,0.75,40,0.575,0.43478260869565216,34,0.20588235294117646,0.7142857142857143,0.5,74,0.4189189189189189,0.12162162162162163,0.4594594594594595,0.5405405405405406,3,0.04054054054054054,0.6666666666666666,2026,2026
Daniel Johnson,Hampton,7,5,1,17,24,6,9,13,8,1,0,1,daniel johnson,F,So,6,5,11,0.5454545454545454,0.0,12,0.5833333333333334,0.14285714285714285,41,0.4146341463414634,0.35294117647058826,53,0.4528301886792453,0.2916666666666667,22,0.4090909090909091,0.8888888888888888,0.45454545454545453,75,0.16,0.5466666666666666,0.29333333333333333,0.7066666666666667,1,0.013333333333333334,1.0,2026,2026
Nyle Ralph-Beyer,Sacred Heart,2,3,0,2,7,1,13,12,12,0,1,0,nyle ralph-beyer,G,So,2,2,4,0.5,0.0,5,0.4,0.0,9,0.2222222222222222,0.5,14,0.2857142857142857,0.25,25,0.52,0.9230769230769231,0.7647058823529411,39,0.1282051282051282,0.23076923076923078,0.6410256410256411,0.358974358974359,1,0.02564102564102564,0.0,2026,2026
Cris Carroll,Youngstown St.,21,11,3,3,5,1,25,32,22,1,0,1,cris carroll,G,Sr,20,11,31,0.6451612903225806,0.1,32,0.65625,0.14285714285714285,8,0.375,0.3333333333333333,40,0.6,0.16666666666666666,57,0.43859649122807015,0.88,0.5306122448979592,97,0.32989690721649484,0.08247422680412371,0.5876288659793815,0.41237113402061853,1,0.010309278350515464,1.0,2026,2026
TJ Burch,Wright St.,20,18,3,3,6,0,1,9,1,0,0,0,tj burch,G,So,20,18,38,0.5263157894736842,0.15,38,0.5263157894736842,0.15,9,0.3333333333333333,0.0,47,0.48936170212765956,0.13043478260869565,10,0.1,1.0,0.16666666666666666,57,0.6666666666666666,0.15789473684210525,0.17543859649122806,0.8245614035087719,0,0.0,,2026,2026
Jovan Milicevic,Xavier,11,10,5,5,14,4,25,34,23,0,1,0,jovan milicevic,F,So,11,9,20,0.55,0.45454545454545453,21,0.5238095238095238,0.45454545454545453,19,0.2631578947368421,0.8,40,0.4,0.5625,59,0.423728813559322,0.92,0.7804878048780488,99,0.21212121212121213,0.1919191919191919,0.5959595959595959,0.40404040404040403,1,0.010101010101010102,0.0,2026,2026
Jemel Jones,New Mexico St.,6,8,1,17,21,3,6,20,5,0,0,0,jemel jones,G,Sr,6,8,14,0.42857142857142855,0.16666666666666666,14,0.42857142857142855,0.16666666666666666,38,0.4473684210526316,0.17647058823529413,52,0.4423076923076923,0.17391304347826086,26,0.23076923076923078,0.8333333333333334,0.3103448275862069,78,0.1794871794871795,0.48717948717948717,0.3333333333333333,0.6666666666666666,0,0.0,,2026,2026
Dovydas Butka,Campbell,32,20,17,4,6,2,3,5,3,2,0,1,dovydas butka,F,So,30,20,50,0.6,0.5333333333333333,52,0.6153846153846154,0.53125,10,0.4,0.5,62,0.5806451612903226,0.5277777777777778,8,0.375,1.0,0.5641025641025641,70,0.7428571428571429,0.14285714285714285,0.11428571428571428,0.8857142857142857,2,0.02857142857142857,1.0,2026,2026
Jeremiah Davis,Montana St.,12,4,1,4,3,0,3,14,2,0,0,0,jeremiah davis,G,Jr,12,4,16,0.75,0.08333333333333333,16,0.75,0.08333333333333333,7,0.5714285714285714,0.0,23,0.6956521739130435,0.0625,17,0.17647058823529413,0.6666666666666666,0.15789473684210525,40,0.4,0.175,0.425,0.575,0,0.0,,2026,2026
Trap Johnson,UC San Diego,3,1,2,0,0,0,5,5,5,0,0,0,trap johnson,F,Fr,3,1,4,0.75,0.6666666666666666,4,0.75,0.6666666666666666,0,,,4,0.75,0.6666666666666666,10,0.5,1.0,0.875,14,0.2857142857142857,0.0,0.7142857142857143,0.2857142857142857,0,0.0,,2026,2026
Tyler Behrend,Tulsa,9,5,6,0,0,0,3,3,3,0,1,0,tyler behrend,F,Jr,9,4,13,0.6923076923076923,0.6666666666666666,14,0.6428571428571429,0.6666666666666666,0,,,14,0.6428571428571429,0.6666666666666666,6,0.5,1.0,0.75,20,0.7,0.0,0.3,0.7,1,0.05,0.0,2026,2026
Pharaoh Compton,San Diego St.,21,5,18,1,1,0,0,0,0,13,2,13,pharaoh compton,C,So,8,3,11,0.7272727272727273,0.625,26,0.8076923076923077,0.8571428571428571,2,0.5,0.0,28,0.7857142857142857,0.8181818181818182,0,,,0.8181818181818182,28,0.9285714285714286,0.07142857142857142,0.0,1.0,15,0.5357142857142857,0.8666666666666667,2026,2026
Damarien Yates,Alabama St.,1,4,0,2,1,1,5,6,5,0,0,0,damarien yates,G,Jr,1,4,5,0.2,0.0,5,0.2,0.0,3,0.6666666666666666,0.5,8,0.375,0.3333333333333333,11,0.45454545454545453,1.0,0.75,19,0.2631578947368421,0.15789473684210525,0.5789473684210527,0.42105263157894735,0,0.0,,2026,2026
Jared Harris,Wyoming,7,4,3,0,0,0,5,9,5,3,0,2,jared harris,G,So,4,4,8,0.5,0.25,11,0.6363636363636364,0.42857142857142855,0,,,11,0.6363636363636364,0.42857142857142855,14,0.35714285714285715,1.0,0.6666666666666666,25,0.44,0.0,0.56,0.44,3,0.12,1.0,2026,2026
Joshua Dent,Saint Mary's,12,7,2,4,11,0,5,21,4,0,0,0,joshua dent,G,So,12,7,19,0.631578947368421,0.16666666666666666,19,0.631578947368421,0.16666666666666666,15,0.26666666666666666,0.0,34,0.47058823529411764,0.125,26,0.19230769230769232,0.8,0.2857142857142857,60,0.31666666666666665,0.25,0.43333333333333335,0.5666666666666667,0,0.0,,2026,2026
Mikey Lewis,Saint Mary's,14,17,7,7,12,2,24,23,22,0,0,0,mikey lewis,G,So,14,17,31,0.45161290322580644,0.5,31,0.45161290322580644,0.5,19,0.3684210526315789,0.2857142857142857,50,0.42,0.42857142857142855,47,0.5106382978723404,0.9166666666666666,0.6888888888888889,97,0.31958762886597936,0.1958762886597938,0.4845360824742268,0.5154639175257731,0,0.0,,2026,2026
Liam Campbell,Saint Mary's,6,0,3,5,1,2,11,7,11,0,0,0,liam campbell,G,So,6,0,6,1.0,0.5,6,1.0,0.5,6,0.8333333333333334,0.4,12,0.9166666666666666,0.45454545454545453,18,0.6111111111111112,1.0,0.7272727272727273,30,0.2,0.2,0.6,0.4,0,0.0,,2026,2026
Tyler Schmidt,Towson,7,1,2,1,2,0,6,13,6,0,0,0,tyler schmidt,G,Sr,7,1,8,0.875,0.2857142857142857,8,0.875,0.2857142857142857,3,0.3333333333333333,0.0,11,0.7272727272727273,0.25,19,0.3157894736842105,1.0,0.5714285714285714,30,0.26666666666666666,0.1,0.6333333333333333,0.36666666666666664,0,0.0,,2026,2026
Anias Futrell,Lindenwood,15,15,5,3,10,2,10,24,9,1,0,0,anias futrell,G,Sr,14,15,29,0.4827586206896552,0.35714285714285715,30,0.5,0.3333333333333333,13,0.23076923076923078,0.6666666666666666,43,0.4186046511627907,0.3888888888888889,34,0.29411764705882354,0.9,0.5714285714285714,77,0.38961038961038963,0.16883116883116883,0.44155844155844154,0.5584415584415584,1,0.012987012987012988,1.0,2026,2026
Guzman Vasilic,Cal Poly,4,5,0,1,4,0,18,29,15,0,0,0,guzman vasilic,G,So,4,5,9,0.4444444444444444,0.0,9,0.4444444444444444,0.0,5,0.2,0.0,14,0.35714285714285715,0.0,47,0.3829787234042553,0.8333333333333334,0.6521739130434783,61,0.14754098360655737,0.08196721311475409,0.7704918032786885,0.22950819672131148,0,0.0,,2026,2026
Elias Ralph,Pacific,20,17,9,18,23,6,12,19,10,5,3,4,elias ralph,F,Sr,15,14,29,0.5172413793103449,0.3333333333333333,37,0.5405405405405406,0.45,41,0.43902439024390244,0.3333333333333333,78,0.48717948717948717,0.39473684210526316,31,0.3870967741935484,0.8333333333333334,0.5,109,0.3394495412844037,0.3761467889908257,0.28440366972477066,0.7155963302752294,8,0.07339449541284404,0.625,2026,2026
Travis Harper II,Tennessee St.,12,3,9,5,10,1,12,23,10,5,1,4,travis harper ii,G,Sr,7,2,9,0.7777777777777778,0.7142857142857143,15,0.8,0.75,15,0.3333333333333333,0.2,30,0.5666666666666667,0.5882352941176471,35,0.34285714285714286,0.8333333333333334,0.6896551724137931,65,0.23076923076923078,0.23076923076923078,0.5384615384615384,0.46153846153846156,6,0.09230769230769231,0.8333333333333334,2026,2026
Joshua Eli,Army,9,7,5,1,2,0,2,1,2,0,0,0,joshua eli,F,So,9,7,16,0.5625,0.5555555555555556,16,0.5625,0.5555555555555556,3,0.3333333333333333,0.0,19,0.5263157894736842,0.5,3,0.6666666666666666,1.0,0.5833333333333334,22,0.7272727272727273,0.13636363636363635,0.13636363636363635,0.8636363636363636,0,0.0,,2026,2026
Isaiah Brown,Florida,6,7,2,0,0,0,3,7,3,2,0,1,isaiah brown,G,So,4,7,11,0.36363636363636365,0.25,13,0.46153846153846156,0.3333333333333333,0,,,13,0.46153846153846156,0.3333333333333333,10,0.3,1.0,0.5555555555555556,23,0.5652173913043478,0.0,0.43478260869565216,0.5652173913043478,2,0.08695652173913043,1.0,2026,2026
Damarion Dennis,Wyoming,13,7,5,3,0,2,6,14,5,1,1,0,damarion dennis,G,So,12,6,18,0.6666666666666666,0.4166666666666667,20,0.65,0.38461538461538464,3,1.0,0.6666666666666666,23,0.6956521739130435,0.4375,20,0.3,0.8333333333333334,0.5454545454545454,43,0.46511627906976744,0.06976744186046512,0.46511627906976744,0.5348837209302325,2,0.046511627906976744,0.5,2026,2026
Isaac Williams,Baylor,13,10,3,9,10,1,6,5,5,1,0,0,isaac williams,G,So,12,10,22,0.5454545454545454,0.25,23,0.5652173913043478,0.23076923076923078,19,0.47368421052631576,0.1111111111111111,42,0.5238095238095238,0.18181818181818182,11,0.5454545454545454,0.8333333333333334,0.32142857142857145,53,0.4339622641509434,0.3584905660377358,0.20754716981132076,0.7924528301886793,1,0.018867924528301886,1.0,2026,2026
Austin Rapp,Wisconsin,12,8,7,2,4,1,15,34,15,1,0,1,austin rapp,F,So,11,8,19,0.5789473684210527,0.5454545454545454,20,0.6,0.5833333333333334,6,0.3333333333333333,0.5,26,0.5384615384615384,0.5714285714285714,49,0.30612244897959184,1.0,0.7931034482758621,75,0.26666666666666666,0.08,0.6533333333333333,0.3466666666666667,1,0.013333333333333334,1.0,2026,2026
Gavin Doty,Siena,18,12,6,24,28,3,9,19,9,1,0,0,gavin doty,G,So,17,12,29,0.5862068965517241,0.35294117647058826,30,0.6,0.3333333333333333,52,0.46153846153846156,0.125,82,0.5121951219512195,0.21428571428571427,28,0.32142857142857145,1.0,0.35294117647058826,110,0.2727272727272727,0.4727272727272727,0.2545454545454545,0.7454545454545455,1,0.00909090909090909,1.0,2026,2026
Major Freeman,Charlotte,8,10,3,2,9,0,13,20,9,0,0,0,major freeman,G,Sr,8,10,18,0.4444444444444444,0.375,18,0.4444444444444444,0.375,11,0.18181818181818182,0.0,29,0.3448275862068966,0.3,33,0.3939393939393939,0.6923076923076923,0.5217391304347826,62,0.2903225806451613,0.1774193548387097,0.532258064516129,0.46774193548387094,0,0.0,,2026,2026
Gerard O'Keefe,Columbia,7,3,3,11,7,5,15,18,14,0,0,0,gerard o'keefe,G,So,7,3,10,0.7,0.42857142857142855,10,0.7,0.42857142857142855,18,0.6111111111111112,0.45454545454545453,28,0.6428571428571429,0.4444444444444444,33,0.45454545454545453,0.9333333333333333,0.6666666666666666,61,0.16393442622950818,0.29508196721311475,0.5409836065573771,0.45901639344262296,0,0.0,,2026,2026
Tyler Johnson,Virginia Tech,21,9,12,2,3,0,10,17,10,6,0,5,tyler johnson,G,So,15,9,24,0.625,0.4666666666666667,30,0.7,0.5714285714285714,5,0.4,0.0,35,0.6571428571428571,0.5217391304347826,27,0.37037037037037035,1.0,0.6666666666666666,62,0.4838709677419355,0.08064516129032258,0.43548387096774194,0.5645161290322581,6,0.0967741935483871,1.0,2026,2026
Jaxon Prunty,Charleston,4,4,1,1,6,0,6,12,5,0,0,0,jaxon prunty,G,So,4,4,8,0.5,0.25,8,0.5,0.25,7,0.14285714285714285,0.0,15,0.3333333333333333,0.2,18,0.3333333333333333,0.8333333333333334,0.5454545454545454,33,0.24242424242424243,0.21212121212121213,0.5454545454545454,0.45454545454545453,0,0.0,,2026,2026
Urban Klavzar,Florida,3,3,1,2,4,0,18,31,15,0,0,0,urban klavzar,G,Jr,3,3,6,0.5,0.3333333333333333,6,0.5,0.3333333333333333,6,0.3333333333333333,0.0,12,0.4166666666666667,0.2,49,0.3673469387755102,0.8333333333333334,0.6956521739130435,61,0.09836065573770492,0.09836065573770492,0.8032786885245902,0.19672131147540983,0,0.0,,2026,2026
AJ Swinton,Florida St.,11,7,9,0,1,0,2,10,2,3,2,2,aj swinton,G,So,8,5,13,0.6153846153846154,0.875,18,0.6111111111111112,0.8181818181818182,1,0.0,,19,0.5789473684210527,0.8181818181818182,12,0.16666666666666666,1.0,0.8461538461538461,31,0.5806451612903226,0.03225806451612903,0.3870967741935484,0.6129032258064516,5,0.16129032258064516,0.6,2026,2026
Jayce Nathaniel,Illinois Chicago,17,9,11,4,6,3,2,7,2,2,1,1,jayce nathaniel,F,Fr,15,8,23,0.6521739130434783,0.6666666666666666,26,0.6538461538461539,0.6470588235294118,10,0.4,0.75,36,0.5833333333333334,0.6666666666666666,9,0.2222222222222222,1.0,0.6956521739130435,45,0.5777777777777777,0.2222222222222222,0.2,0.8,3,0.06666666666666667,0.6666666666666666,2026,2026
Jadis Jones,Lindenwood,36,15,20,8,8,3,0,2,0,5,0,3,jadis jones,G,So,31,15,46,0.6739130434782609,0.5483870967741935,51,0.7058823529411765,0.5555555555555556,16,0.5,0.375,67,0.6567164179104478,0.5227272727272727,2,0.0,,0.5227272727272727,69,0.7391304347826086,0.2318840579710145,0.028985507246376812,0.9710144927536232,5,0.07246376811594203,1.0,2026,2026
Janusz Ratowski,Stetson,10,3,7,1,2,1,1,1,1,4,0,3,janusz ratowski,F,Fr,6,3,9,0.6666666666666666,0.6666666666666666,13,0.7692307692307693,0.7,3,0.3333333333333333,1.0,16,0.6875,0.7272727272727273,2,0.5,1.0,0.75,18,0.7222222222222222,0.16666666666666666,0.1111111111111111,0.8888888888888888,4,0.2222222222222222,1.0,2026,2026
Robert Miller III,LSU,14,6,12,1,1,1,0,1,0,7,1,7,robert miller iii,C,So,7,5,12,0.5833333333333334,0.7142857142857143,20,0.7,0.8571428571428571,2,0.5,1.0,22,0.6818181818181818,0.8666666666666667,1,0.0,,0.8666666666666667,23,0.8695652173913043,0.08695652173913043,0.043478260869565216,0.9565217391304348,8,0.34782608695652173,0.875,2026,2026
Curtis Givens III,Memphis,6,2,0,3,7,2,5,11,4,0,0,0,curtis givens iii,G,So,6,2,8,0.75,0.0,8,0.75,0.0,10,0.3,0.6666666666666666,18,0.5,0.2222222222222222,16,0.3125,0.8,0.42857142857142855,34,0.23529411764705882,0.29411764705882354,0.47058823529411764,0.5294117647058824,0,0.0,,2026,2026
Vyctorius Miller,Oklahoma St.,16,6,11,7,8,1,16,16,14,5,0,5,vyctorius miller,G,So,11,6,17,0.6470588235294118,0.5454545454545454,22,0.7272727272727273,0.6875,15,0.4666666666666667,0.14285714285714285,37,0.6216216216216216,0.5217391304347826,32,0.5,0.875,0.6666666666666666,69,0.3188405797101449,0.21739130434782608,0.463768115942029,0.5362318840579711,5,0.07246376811594203,1.0,2026,2026
Ben Defty,Boston University,36,13,20,7,11,3,0,0,0,9,1,8,ben defty,C,So,27,12,39,0.6923076923076923,0.4444444444444444,49,0.7346938775510204,0.5555555555555556,18,0.3888888888888889,0.42857142857142855,67,0.6417910447761194,0.5348837209302325,0,,,0.5348837209302325,67,0.7313432835820896,0.26865671641791045,0.0,1.0,10,0.14925373134328357,0.9,2026,2026
K.J. Windham,Northwestern,1,3,0,1,1,1,10,18,7,0,0,0,k.j. windham,G,So,1,3,4,0.25,0.0,4,0.25,0.0,2,0.5,1.0,6,0.3333333333333333,0.5,28,0.35714285714285715,0.7,0.6666666666666666,34,0.11764705882352941,0.058823529411764705,0.8235294117647058,0.17647058823529413,0,0.0,,2026,2026
Angelo Ciaravino,Northwestern,24,9,17,0,0,0,2,10,2,8,1,6,angelo ciaravino,F,So,16,8,24,0.6666666666666666,0.6875,33,0.7272727272727273,0.7083333333333334,0,,,33,0.7272727272727273,0.7083333333333334,12,0.16666666666666666,1.0,0.7307692307692307,45,0.7333333333333333,0.0,0.26666666666666666,0.7333333333333333,9,0.2,0.8888888888888888,2026,2026
Tomislav Ivisic,Illinois,11,0,5,7,3,0,9,15,9,4,0,3,tomislav ivisic,F,Jr,7,0,7,1.0,0.2857142857142857,11,1.0,0.45454545454545453,10,0.7,0.0,21,0.8571428571428571,0.2777777777777778,24,0.375,1.0,0.5185185185185185,45,0.24444444444444444,0.2222222222222222,0.5333333333333333,0.4666666666666667,4,0.08888888888888889,1.0,2026,2026
Micah Robinson,TCU,8,17,5,0,4,0,11,16,11,2,0,1,micah robinson,F,So,6,17,23,0.2608695652173913,0.6666666666666666,25,0.32,0.625,4,0.0,,29,0.27586206896551724,0.625,27,0.4074074074074074,1.0,0.8421052631578947,56,0.44642857142857145,0.07142857142857142,0.48214285714285715,0.5178571428571429,2,0.03571428571428571,1.0,2026,2026
Donnie Freeman,Syracuse,11,4,7,6,8,4,3,8,3,5,0,3,donnie freeman,F,So,6,4,10,0.6,0.6666666666666666,15,0.7333333333333333,0.6363636363636364,14,0.42857142857142855,0.6666666666666666,29,0.5862068965517241,0.6470588235294118,11,0.2727272727272727,1.0,0.7,40,0.375,0.35,0.275,0.725,5,0.125,1.0,2026,2026
Reid Cason,East Carolina,11,7,8,3,5,2,1,4,1,2,0,2,reid cason,F,So,9,7,16,0.5625,0.6666666666666666,18,0.6111111111111112,0.7272727272727273,8,0.375,0.6666666666666666,26,0.5384615384615384,0.7142857142857143,5,0.2,1.0,0.7333333333333333,31,0.5806451612903226,0.25806451612903225,0.16129032258064516,0.8387096774193549,2,0.06451612903225806,1.0,2026,2026
Braden East,Lamar,19,13,10,7,15,7,0,1,0,6,0,5,braden east,C,So,13,13,26,0.5,0.38461538461538464,32,0.59375,0.5263157894736842,22,0.3181818181818182,1.0,54,0.48148148148148145,0.6538461538461539,1,0.0,,0.6538461538461539,55,0.5818181818181818,0.4,0.01818181818181818,0.9818181818181818,6,0.10909090909090909,1.0,2026,2026
Kahmare Holmes,Wofford,31,24,13,6,7,0,16,29,15,4,0,1,kahmare holmes,G,So,27,24,51,0.5294117647058824,0.4444444444444444,55,0.5636363636363636,0.41935483870967744,13,0.46153846153846156,0.0,68,0.5441176470588235,0.35135135135135137,45,0.35555555555555557,0.9375,0.5283018867924528,113,0.48672566371681414,0.11504424778761062,0.39823008849557523,0.6017699115044248,4,0.035398230088495575,1.0,2026,2026
Bennett Stirtz,Iowa,20,12,10,12,14,2,23,28,9,5,0,4,bennett stirtz,G,Sr,15,12,27,0.5555555555555556,0.4,32,0.625,0.5,26,0.46153846153846156,0.16666666666666666,58,0.5517241379310345,0.375,51,0.45098039215686275,0.391304347826087,0.38181818181818183,109,0.29357798165137616,0.23853211009174313,0.46788990825688076,0.5321100917431193,5,0.045871559633027525,1.0,2026,2026
Nate Johnson,Detroit Mercy,5,8,3,6,8,1,4,13,3,2,1,2,nate johnson,G,Sr,3,7,10,0.3,0.3333333333333333,13,0.38461538461538464,0.6,14,0.42857142857142855,0.16666666666666666,27,0.4074074074074074,0.36363636363636365,17,0.23529411764705882,0.75,0.4666666666666667,44,0.29545454545454547,0.3181818181818182,0.38636363636363635,0.6136363636363636,3,0.06818181818181818,0.6666666666666666,2026,2026
Malcolm Noel,West Georgia,1,0,1,3,4,0,5,5,5,0,0,0,malcolm noel,G,Sr,1,0,1,1.0,1.0,1,1.0,1.0,7,0.42857142857142855,0.0,8,0.5,0.25,10,0.5,1.0,0.6666666666666666,18,0.05555555555555555,0.3888888888888889,0.5555555555555556,0.4444444444444444,0,0.0,,2026,2026
Amari McCottry,Saint Louis,33,13,10,2,4,1,2,12,2,0,0,0,amari mccottry,G,So,33,13,46,0.717391304347826,0.30303030303030304,46,0.717391304347826,0.30303030303030304,6,0.3333333333333333,0.5,52,0.6730769230769231,0.3142857142857143,14,0.14285714285714285,1.0,0.35135135135135137,66,0.696969696969697,0.09090909090909091,0.21212121212121213,0.7878787878787878,0,0.0,,2026,2026
Jae'Coby Osborne,New Mexico St.,8,3,5,1,2,0,0,2,0,1,0,1,jae'coby osborne,F,So,7,3,10,0.7,0.5714285714285714,11,0.7272727272727273,0.625,3,0.3333333333333333,0.0,14,0.6428571428571429,0.5555555555555556,2,0.0,,0.5555555555555556,16,0.6875,0.1875,0.125,0.875,1,0.0625,1.0,2026,2026
MJ Thomas,New Orleans,26,15,12,5,6,2,0,1,0,3,0,2,mj thomas,C,So,23,15,38,0.6052631578947368,0.43478260869565216,41,0.6341463414634146,0.46153846153846156,11,0.45454545454545453,0.4,52,0.5961538461538461,0.45161290322580644,1,0.0,,0.45161290322580644,53,0.7735849056603774,0.20754716981132076,0.018867924528301886,0.9811320754716981,3,0.05660377358490566,1.0,2026,2026
Khalil Badru,Iona,5,4,2,11,3,1,0,2,0,2,0,0,khalil badru,F,So,3,4,7,0.42857142857142855,0.6666666666666666,9,0.5555555555555556,0.4,14,0.7857142857142857,0.09090909090909091,23,0.6956521739130435,0.1875,2,0.0,,0.1875,25,0.36,0.56,0.08,0.92,2,0.08,1.0,2026,2026
Christopher Flippin,Maryland Eastern Shore,11,11,7,9,7,5,0,0,0,1,0,1,christopher flippin,C,Sr,10,11,21,0.47619047619047616,0.6,22,0.5,0.6363636363636364,16,0.5625,0.5555555555555556,38,0.5263157894736842,0.6,0,,,0.6,38,0.5789473684210527,0.42105263157894735,0.0,1.0,1,0.02631578947368421,1.0,2026,2026
Colin White,Ohio St.,4,0,2,1,1,1,0,5,0,1,0,0,colin white,F,So,3,0,3,1.0,0.6666666666666666,4,1.0,0.5,2,0.5,1.0,6,0.8333333333333334,0.6,5,0.0,,0.6,11,0.36363636363636365,0.18181818181818182,0.45454545454545453,0.5454545454545454,1,0.09090909090909091,1.0,2026,2026
Quentin Duncan,NJIT,3,6,1,3,8,0,12,12,8,0,0,0,quentin duncan,G,So,3,6,9,0.3333333333333333,0.3333333333333333,9,0.3333333333333333,0.3333333333333333,11,0.2727272727272727,0.0,20,0.3,0.16666666666666666,24,0.5,0.6666666666666666,0.5,44,0.20454545454545456,0.25,0.5454545454545454,0.45454545454545453,0,0.0,,2026,2026
Will Hornseth,Northern Iowa,33,13,18,5,9,2,0,2,0,4,0,4,will hornseth,F,So,29,13,42,0.6904761904761905,0.4827586206896552,46,0.717391304347826,0.5454545454545454,14,0.35714285714285715,0.4,60,0.6333333333333333,0.5263157894736842,2,0.0,,0.5263157894736842,62,0.7419354838709677,0.22580645161290322,0.03225806451612903,0.967741935483871,4,0.06451612903225806,1.0,2026,2026
Javontae Campbell,Bowling Green,42,36,10,2,7,0,6,12,4,1,1,0,javontae campbell,G,Sr,41,35,76,0.5394736842105263,0.24390243902439024,78,0.5384615384615384,0.23809523809523808,9,0.2222222222222222,0.0,87,0.5057471264367817,0.22727272727272727,18,0.3333333333333333,0.6666666666666666,0.28,105,0.7428571428571429,0.08571428571428572,0.17142857142857143,0.8285714285714286,2,0.01904761904761905,0.5,2026,2026
Jahvin Carter,Middle Tennessee,10,6,1,11,11,2,8,17,6,0,0,0,jahvin carter,G,So,10,6,16,0.625,0.1,16,0.625,0.1,22,0.5,0.18181818181818182,38,0.5526315789473685,0.14285714285714285,25,0.32,0.75,0.3103448275862069,63,0.25396825396825395,0.3492063492063492,0.3968253968253968,0.6031746031746031,0,0.0,,2026,2026
Tommy Kamarad,Winthrop,15,5,6,2,5,1,10,10,10,2,0,2,tommy kamarad,F,Sr,13,5,18,0.7222222222222222,0.3076923076923077,20,0.75,0.4,7,0.2857142857142857,0.5,27,0.6296296296296297,0.4117647058823529,20,0.5,1.0,0.6296296296296297,47,0.425531914893617,0.14893617021276595,0.425531914893617,0.574468085106383,2,0.0425531914893617,1.0,2026,2026
Nolan Minessale,St. Thomas,55,22,16,13,13,3,11,34,7,5,1,2,nolan minessale,G,So,50,21,71,0.704225352112676,0.28,77,0.7142857142857143,0.2909090909090909,26,0.5,0.23076923076923078,103,0.6601941747572816,0.27941176470588236,45,0.24444444444444444,0.6363636363636364,0.3291139240506329,148,0.5202702702702703,0.17567567567567569,0.30405405405405406,0.6959459459459459,6,0.04054054054054054,0.8333333333333334,2026,2026
Aaron Nkrumah,Tennessee St.,14,10,3,10,22,3,8,25,6,2,0,1,aaron nkrumah,G,Sr,12,10,22,0.5454545454545454,0.16666666666666666,24,0.5833333333333334,0.21428571428571427,32,0.3125,0.3,56,0.42857142857142855,0.25,33,0.24242424242424243,0.75,0.375,89,0.2696629213483146,0.3595505617977528,0.3707865168539326,0.6292134831460674,2,0.02247191011235955,1.0,2026,2026
Chansey Willis Jr.,Minnesota,9,2,4,5,12,3,2,9,2,0,0,0,chansey willis jr.,G,Jr,9,2,11,0.8181818181818182,0.4444444444444444,11,0.8181818181818182,0.4444444444444444,17,0.29411764705882354,0.6,28,0.5,0.5,11,0.18181818181818182,1.0,0.5625,39,0.28205128205128205,0.4358974358974359,0.28205128205128205,0.717948717948718,0,0.0,,2026,2026
Bryson Cokley,Elon,19,9,11,3,6,1,14,25,13,3,0,3,bryson cokley,F,So,16,9,25,0.64,0.5,28,0.6785714285714286,0.5789473684210527,9,0.3333333333333333,0.3333333333333333,37,0.5945945945945946,0.5454545454545454,39,0.358974358974359,0.9285714285714286,0.6944444444444444,76,0.3684210526315789,0.11842105263157894,0.5131578947368421,0.4868421052631579,3,0.039473684210526314,1.0,2026,2026
Makhi Myles,Southeastern Louisiana,4,1,1,3,4,3,5,7,5,1,0,1,makhi myles,F,So,3,1,4,0.75,0.0,5,0.8,0.25,7,0.42857142857142855,1.0,12,0.5833333333333334,0.5714285714285714,12,0.4166666666666667,1.0,0.75,24,0.20833333333333334,0.2916666666666667,0.5,0.5,1,0.041666666666666664,1.0,2026,2026
Braden Hausen,High Point,2,0,1,0,1,0,9,19,9,0,0,0,braden hausen,G,So,2,0,2,1.0,0.5,2,1.0,0.5,1,0.0,,3,0.6666666666666666,0.5,28,0.32142857142857145,1.0,0.9090909090909091,31,0.06451612903225806,0.03225806451612903,0.9032258064516129,0.0967741935483871,0,0.0,,2026,2026
Mercy Miller,Houston,3,2,1,6,8,4,3,9,3,0,0,0,mercy miller,G,So,3,2,5,0.6,0.3333333333333333,5,0.6,0.3333333333333333,14,0.42857142857142855,0.6666666666666666,19,0.47368421052631576,0.5555555555555556,12,0.25,1.0,0.6666666666666666,31,0.16129032258064516,0.45161290322580644,0.3870967741935484,0.6129032258064516,0,0.0,,2026,2026
Khani Rooths,Louisville,17,4,12,1,1,0,3,15,3,7,0,5,khani rooths,F,So,10,4,14,0.7142857142857143,0.7,21,0.8095238095238095,0.7058823529411765,2,0.5,0.0,23,0.782608695652174,0.6666666666666666,18,0.16666666666666666,1.0,0.7142857142857143,41,0.5121951219512195,0.04878048780487805,0.43902439024390244,0.5609756097560976,7,0.17073170731707318,1.0,2026,2026
Miles Barnstable,Tulsa,12,7,5,0,2,0,19,25,18,6,0,3,miles barnstable,G,Sr,6,7,13,0.46153846153846156,0.3333333333333333,19,0.631578947368421,0.4166666666666667,2,0.0,,21,0.5714285714285714,0.4166666666666667,44,0.4318181818181818,0.9473684210526315,0.7419354838709677,65,0.2923076923076923,0.03076923076923077,0.676923076923077,0.3230769230769231,6,0.09230769230769231,1.0,2026,2026
Justice Shoats,Siena,24,20,5,29,31,3,1,4,1,0,0,0,justice shoats,G,Sr,24,20,44,0.5454545454545454,0.20833333333333334,44,0.5454545454545454,0.20833333333333334,60,0.48333333333333334,0.10344827586206896,104,0.5096153846153846,0.1509433962264151,5,0.2,1.0,0.16666666666666666,109,0.4036697247706422,0.5504587155963303,0.045871559633027525,0.9541284403669725,0,0.0,,2026,2026
Jack Stanton,Princeton,8,9,6,2,4,0,31,50,23,0,0,0,jack stanton,G,So,8,9,17,0.47058823529411764,0.75,17,0.47058823529411764,0.75,6,0.3333333333333333,0.0,23,0.43478260869565216,0.6,81,0.38271604938271603,0.7419354838709677,0.7073170731707317,104,0.16346153846153846,0.057692307692307696,0.7788461538461539,0.22115384615384615,0,0.0,,2026,2026
Dontrez Williams,Lindenwood,25,27,11,1,5,0,8,14,7,4,1,2,dontrez williams,G,So,21,26,47,0.44680851063829785,0.42857142857142855,52,0.4807692307692308,0.44,6,0.16666666666666666,0.0,58,0.4482758620689655,0.4230769230769231,22,0.36363636363636365,0.875,0.5294117647058824,80,0.65,0.075,0.275,0.725,5,0.0625,0.8,2026,2026
Mohammad Habhab,Eastern Michigan,30,23,17,24,33,12,2,8,2,9,1,8,mohammad habhab,F,Fr,21,22,43,0.4883720930232558,0.42857142857142855,53,0.5660377358490566,0.5666666666666667,57,0.42105263157894735,0.5,110,0.4909090909090909,0.5370370370370371,10,0.2,1.0,0.5535714285714286,120,0.44166666666666665,0.475,0.08333333333333333,0.9166666666666666,10,0.08333333333333333,0.9,2026,2026
Isaiah Abraham,Georgetown,8,5,5,5,3,2,5,13,5,4,0,3,isaiah abraham,F,So,4,5,9,0.4444444444444444,0.5,13,0.6153846153846154,0.625,8,0.625,0.4,21,0.6190476190476191,0.5384615384615384,18,0.2777777777777778,1.0,0.6666666666666666,39,0.3333333333333333,0.20512820512820512,0.46153846153846156,0.5384615384615384,4,0.10256410256410256,1.0,2026,2026
Kameron Taylor,UNC Asheville,23,15,5,17,20,1,8,22,6,7,0,3,kameron taylor,G,So,16,15,31,0.5161290322580645,0.125,38,0.6052631578947368,0.21739130434782608,37,0.4594594594594595,0.058823529411764705,75,0.5333333333333333,0.15,30,0.26666666666666666,0.75,0.25,105,0.3619047619047619,0.3523809523809524,0.2857142857142857,0.7142857142857143,7,0.06666666666666667,1.0,2026,2026
Tajuan Simpkins,Seton Hall,21,11,10,1,5,0,13,14,11,4,0,3,tajuan simpkins,G,So,17,11,28,0.6071428571428571,0.4117647058823529,32,0.65625,0.47619047619047616,6,0.16666666666666666,0.0,38,0.5789473684210527,0.45454545454545453,27,0.48148148148148145,0.8461538461538461,0.6,65,0.49230769230769234,0.09230769230769231,0.4153846153846154,0.5846153846153846,4,0.06153846153846154,1.0,2026,2026
Ring Malith,SIU Edwardsville,27,8,10,12,16,4,13,28,13,4,0,3,ring malith,F,Sr,23,8,31,0.7419354838709677,0.30434782608695654,35,0.7714285714285715,0.37037037037037035,28,0.42857142857142855,0.3333333333333333,63,0.6190476190476191,0.358974358974359,41,0.3170731707317073,1.0,0.5192307692307693,104,0.33653846153846156,0.2692307692307692,0.3942307692307692,0.6057692307692307,4,0.038461538461538464,1.0,2026,2026
Kyle Jorgensen,Colorado St.,19,8,7,10,1,5,16,15,15,0,0,0,kyle jorgensen,F,So,19,8,27,0.7037037037037037,0.3684210526315789,27,0.7037037037037037,0.3684210526315789,11,0.9090909090909091,0.5,38,0.7631578947368421,0.41379310344827586,31,0.5161290322580645,0.9375,0.6,69,0.391304347826087,0.15942028985507245,0.4492753623188406,0.5507246376811594,0,0.0,,2026,2026
Tyler McKinley,Cincinnati,8,5,5,2,3,1,0,1,0,2,1,2,tyler mckinley,C,So,6,4,10,0.6,0.5,13,0.6153846153846154,0.625,5,0.4,0.5,18,0.5555555555555556,0.6,1,0.0,,0.6,19,0.6842105263157895,0.2631578947368421,0.05263157894736842,0.9473684210526315,3,0.15789473684210525,0.6666666666666666,2026,2026
Jamichael Stillwell,UCF,26,10,7,5,13,4,3,4,3,1,0,0,jamichael stillwell,F,Sr,25,10,35,0.7142857142857143,0.28,36,0.7222222222222222,0.2692307692307692,18,0.2777777777777778,0.8,54,0.5740740740740741,0.3548387096774194,7,0.42857142857142855,1.0,0.4117647058823529,61,0.5901639344262295,0.29508196721311475,0.11475409836065574,0.8852459016393442,1,0.01639344262295082,1.0,2026,2026
David Punch,TCU,29,12,16,9,11,1,4,8,4,11,2,10,david punch,F,So,18,10,28,0.6428571428571429,0.3333333333333333,41,0.7073170731707317,0.5517241379310345,20,0.45,0.1111111111111111,61,0.6229508196721312,0.4473684210526316,12,0.3333333333333333,1.0,0.5,73,0.5616438356164384,0.273972602739726,0.1643835616438356,0.8356164383561644,13,0.1780821917808219,0.8461538461538461,2026,2026
Robert Wright III,BYU,21,22,1,16,14,1,14,19,9,0,0,0,robert wright iii,G,So,21,22,43,0.4883720930232558,0.047619047619047616,43,0.4883720930232558,0.047619047619047616,30,0.5333333333333333,0.0625,73,0.5068493150684932,0.05405405405405406,33,0.42424242424242425,0.6428571428571429,0.21568627450980393,106,0.4056603773584906,0.2830188679245283,0.3113207547169811,0.6886792452830188,0,0.0,,2026,2026
Peyton Marshall,Georgia Tech,11,8,8,1,1,1,0,1,0,3,0,3,peyton marshall,C,So,8,8,16,0.5,0.625,19,0.5789473684210527,0.7272727272727273,2,0.5,1.0,21,0.5714285714285714,0.75,1,0.0,,0.75,22,0.8636363636363636,0.09090909090909091,0.045454545454545456,0.9545454545454546,3,0.13636363636363635,1.0,2026,2026
T.O. Barrett,Missouri,19,3,4,1,2,0,2,4,2,3,0,1,t.o. barrett,G,So,16,3,19,0.8421052631578947,0.1875,22,0.8636363636363636,0.21052631578947367,3,0.3333333333333333,0.0,25,0.8,0.2,6,0.3333333333333333,1.0,0.2727272727272727,31,0.7096774193548387,0.0967741935483871,0.1935483870967742,0.8064516129032258,3,0.0967741935483871,1.0,2026,2026
Annor Boateng,Missouri,6,3,3,0,2,0,3,5,3,2,0,2,annor boateng,F,So,4,3,7,0.5714285714285714,0.25,9,0.6666666666666666,0.5,2,0.0,,11,0.5454545454545454,0.5,8,0.375,1.0,0.6666666666666666,19,0.47368421052631576,0.10526315789473684,0.42105263157894735,0.5789473684210527,2,0.10526315789473684,1.0,2026,2026
Marcus Allen,Miami FL,4,6,2,5,5,2,5,8,5,1,2,1,marcus allen,G,So,3,4,7,0.42857142857142855,0.3333333333333333,10,0.4,0.5,10,0.5,0.4,20,0.45,0.4444444444444444,13,0.38461538461538464,1.0,0.6428571428571429,33,0.30303030303030304,0.30303030303030304,0.3939393939393939,0.6060606060606061,3,0.09090909090909091,0.3333333333333333,2026,2026
Kanon Catchings,Georgia,15,4,6,5,5,1,12,37,10,6,0,3,kanon catchings,F,So,9,4,13,0.6923076923076923,0.3333333333333333,19,0.7894736842105263,0.4,10,0.5,0.2,29,0.6896551724137931,0.35,49,0.24489795918367346,0.8333333333333334,0.53125,78,0.24358974358974358,0.1282051282051282,0.6282051282051282,0.3717948717948718,6,0.07692307692307693,1.0,2026,2026
Jayden Harris,Eastern Kentucky,6,5,0,4,3,1,4,9,3,4,0,0,jayden harris,F,Fr,2,5,7,0.2857142857142857,0.0,11,0.5454545454545454,0.0,7,0.5714285714285714,0.25,18,0.5555555555555556,0.1,13,0.3076923076923077,0.75,0.2857142857142857,31,0.3548387096774194,0.22580645161290322,0.41935483870967744,0.5806451612903226,4,0.12903225806451613,1.0,2026,2026
Tamaury Releford,Morehead St.,18,9,9,5,5,2,0,0,0,0,0,0,tamaury releford,C,Sr,18,9,27,0.6666666666666666,0.5,27,0.6666666666666666,0.5,10,0.5,0.4,37,0.6216216216216216,0.4782608695652174,0,,,0.4782608695652174,37,0.7297297297297297,0.2702702702702703,0.0,1.0,0,0.0,,2026,2026
Anton Bonke,Charlotte,29,11,15,2,3,1,5,4,5,13,0,10,anton bonke,C,Jr,16,11,27,0.5925925925925926,0.3125,40,0.725,0.5172413793103449,5,0.4,0.5,45,0.6888888888888889,0.5161290322580645,9,0.5555555555555556,1.0,0.5833333333333334,54,0.7407407407407407,0.09259259259259259,0.16666666666666666,0.8333333333333334,13,0.24074074074074073,1.0,2026,2026
Caleb Williams,Georgetown,19,7,13,6,12,4,13,19,13,4,0,4,caleb williams,F,So,15,7,22,0.6818181818181818,0.6,26,0.7307692307692307,0.6842105263157895,18,0.3333333333333333,0.6666666666666666,44,0.5681818181818182,0.68,32,0.40625,1.0,0.7894736842105263,76,0.34210526315789475,0.23684210526315788,0.42105263157894735,0.5789473684210527,4,0.05263157894736842,1.0,2026,2026
Caleb Williams,Georgetown,19,7,13,6,12,4,13,19,13,4,0,4,caleb williams,G,So,15,7,22,0.6818181818181818,0.6,26,0.7307692307692307,0.6842105263157895,18,0.3333333333333333,0.6666666666666666,44,0.5681818181818182,0.68,32,0.40625,1.0,0.7894736842105263,76,0.34210526315789475,0.23684210526315788,0.42105263157894735,0.5789473684210527,4,0.05263157894736842,1.0,2026,2026
Bradyn Hubbard,Abilene Christian,18,14,3,11,25,3,7,17,5,0,0,0,bradyn hubbard,F,Sr,18,14,32,0.5625,0.16666666666666666,32,0.5625,0.16666666666666666,36,0.3055555555555556,0.2727272727272727,68,0.4264705882352941,0.20689655172413793,24,0.2916666666666667,0.7142857142857143,0.3055555555555556,92,0.34782608695652173,0.391304347826087,0.2608695652173913,0.7391304347826086,0,0.0,,2026,2026
Jack Benter,Purdue,5,1,4,1,4,1,8,11,7,1,1,1,jack benter,F,Fr,4,0,4,1.0,0.75,6,0.8333333333333334,0.8,5,0.2,1.0,11,0.5454545454545454,0.8333333333333334,19,0.42105263157894735,0.875,0.8571428571428571,30,0.2,0.16666666666666666,0.6333333333333333,0.36666666666666664,2,0.06666666666666667,0.5,2026,2026
Luke Bamgboye,Texas Tech,6,4,4,1,6,1,0,0,0,3,1,3,luke bamgboye,C,So,3,3,6,0.5,0.3333333333333333,10,0.6,0.6666666666666666,7,0.14285714285714285,1.0,17,0.4117647058823529,0.7142857142857143,0,,,0.7142857142857143,17,0.5882352941176471,0.4117647058823529,0.0,1.0,4,0.23529411764705882,0.75,2026,2026
Mateen Rafiq,Cornell,1,0,1,0,0,0,4,3,4,0,0,0,mateen rafiq,G,So,1,0,1,1.0,1.0,1,1.0,1.0,0,,,1,1.0,1.0,7,0.5714285714285714,1.0,1.0,8,0.125,0.0,0.875,0.125,0,0.0,,2026,2026
Martin Carrere,Virginia,2,1,1,0,0,0,0,2,0,0,0,0,martin carrere,C,Fr,2,1,3,0.6666666666666666,0.5,3,0.6666666666666666,0.5,0,,,3,0.6666666666666666,0.5,2,0.0,,0.5,5,0.6,0.0,0.4,0.6,0,0.0,,2026,2026
Greyson Uelmen,North Dakota,32,16,3,6,13,1,6,16,5,0,0,0,greyson uelmen,G,Fr,32,16,48,0.6666666666666666,0.09375,48,0.6666666666666666,0.09375,19,0.3157894736842105,0.16666666666666666,67,0.5671641791044776,0.10526315789473684,22,0.2727272727272727,0.8333333333333334,0.20454545454545456,89,0.5393258426966292,0.21348314606741572,0.24719101123595505,0.7528089887640449,0,0.0,,2026,2026
TJ Williams,Wichita St.,24,23,9,5,12,1,1,8,1,1,0,1,tj williams,G,Fr,23,23,46,0.5,0.34782608695652173,47,0.5106382978723404,0.375,17,0.29411764705882354,0.2,64,0.453125,0.3448275862068966,9,0.1111111111111111,1.0,0.36666666666666664,73,0.6438356164383562,0.2328767123287671,0.1232876712328767,0.8767123287671232,1,0.0136986301369863,1.0,2026,2026
Trent Hundley,Evansville,1,0,1,0,3,0,9,17,9,1,0,1,trent hundley,G,Sr,0,0,0,,,1,1.0,1.0,3,0.0,,4,0.25,1.0,26,0.34615384615384615,1.0,1.0,30,0.03333333333333333,0.1,0.8666666666666667,0.13333333333333333,1,0.03333333333333333,1.0,2026,2026
Elijah Elliott,Ohio,3,8,1,2,7,0,4,8,4,0,0,0,elijah elliott,G,Sr,3,8,11,0.2727272727272727,0.3333333333333333,11,0.2727272727272727,0.3333333333333333,9,0.2222222222222222,0.0,20,0.25,0.2,12,0.3333333333333333,1.0,0.5555555555555556,32,0.34375,0.28125,0.375,0.625,0,0.0,,2026,2026
Khamani Cooper,Nebraska Omaha,8,7,2,6,11,2,11,14,10,0,0,0,khamani cooper,G,Jr,8,7,15,0.5333333333333333,0.25,15,0.5333333333333333,0.25,17,0.35294117647058826,0.3333333333333333,32,0.4375,0.2857142857142857,25,0.44,0.9090909090909091,0.56,57,0.2631578947368421,0.2982456140350877,0.43859649122807015,0.5614035087719298,0,0.0,,2026,2026
Melo Sanchez,Central Connecticut,2,0,1,0,9,0,14,20,14,0,0,0,melo sanchez,G,Sr,2,0,2,1.0,0.5,2,1.0,0.5,9,0.0,,11,0.18181818181818182,0.5,34,0.4117647058823529,1.0,0.9375,45,0.044444444444444446,0.2,0.7555555555555555,0.24444444444444444,0,0.0,,2026,2026
Moustapha Thiam,Cincinnati,19,6,17,15,14,12,1,10,1,13,2,13,moustapha thiam,C,So,6,4,10,0.6,0.6666666666666666,25,0.76,0.8947368421052632,29,0.5172413793103449,0.8,54,0.6296296296296297,0.8529411764705882,11,0.09090909090909091,1.0,0.8571428571428571,65,0.38461538461538464,0.4461538461538462,0.16923076923076924,0.8307692307692308,15,0.23076923076923078,0.8666666666666667,2026,2026
Tey Barbour,Harvard,10,5,6,4,6,1,22,38,21,0,0,0,tey barbour,G,So,10,5,15,0.6666666666666666,0.6,15,0.6666666666666666,0.6,10,0.4,0.25,25,0.56,0.5,60,0.36666666666666664,0.9545454545454546,0.7777777777777778,85,0.17647058823529413,0.11764705882352941,0.7058823529411765,0.29411764705882354,0,0.0,,2026,2026
Flory Bidunga,Kansas,40,14,24,18,22,9,0,1,0,22,1,18,flory bidunga,C,So,18,13,31,0.5806451612903226,0.3333333333333333,54,0.7407407407407407,0.6,40,0.45,0.5,94,0.6170212765957447,0.5689655172413793,1,0.0,,0.5689655172413793,95,0.5684210526315789,0.42105263157894735,0.010526315789473684,0.9894736842105263,23,0.24210526315789474,0.9565217391304348,2026,2026
Masiah Gilyard,Temple,7,7,5,0,1,0,6,9,6,0,0,0,masiah gilyard,G,Sr,7,7,14,0.5,0.7142857142857143,14,0.5,0.7142857142857143,1,0.0,,15,0.4666666666666667,0.7142857142857143,15,0.4,1.0,0.8461538461538461,30,0.4666666666666667,0.03333333333333333,0.5,0.5,0,0.0,,2026,2026
Grant Randall,Quinnipiac,19,5,14,0,4,0,10,15,10,9,0,8,grant randall,F,So,10,5,15,0.6666666666666666,0.6,24,0.7916666666666666,0.7368421052631579,4,0.0,,28,0.6785714285714286,0.7368421052631579,25,0.4,1.0,0.8275862068965517,53,0.4528301886792453,0.07547169811320754,0.4716981132075472,0.5283018867924528,9,0.16981132075471697,1.0,2026,2026
Samson Reilly,Quinnipiac,1,1,1,1,2,0,16,7,13,0,0,0,samson reilly,G,Fr,1,1,2,0.5,1.0,2,0.5,1.0,3,0.3333333333333333,0.0,5,0.4,0.5,23,0.6956521739130435,0.8125,0.7777777777777778,28,0.07142857142857142,0.10714285714285714,0.8214285714285714,0.17857142857142858,0,0.0,,2026,2026
Kody Clouet,Winthrop,6,6,3,6,1,0,25,38,23,0,1,0,kody clouet,G,Sr,6,5,11,0.5454545454545454,0.5,12,0.5,0.5,7,0.8571428571428571,0.0,19,0.631578947368421,0.25,63,0.3968253968253968,0.92,0.7027027027027027,82,0.14634146341463414,0.08536585365853659,0.7682926829268293,0.23170731707317074,1,0.012195121951219513,0.0,2026,2026
Matas Vokietaitis,Texas,33,13,18,5,9,1,0,0,0,7,1,5,matas vokietaitis,C,So,26,12,38,0.6842105263157895,0.5,46,0.717391304347826,0.5454545454545454,14,0.35714285714285715,0.2,60,0.6333333333333333,0.5,0,,,0.5,60,0.7666666666666667,0.23333333333333334,0.0,1.0,8,0.13333333333333333,0.875,2026,2026
Théo Pierre-Justin,DePaul,6,8,2,2,2,2,5,14,5,1,0,1,théo pierre-justin,F,So,5,8,13,0.38461538461538464,0.2,14,0.42857142857142855,0.3333333333333333,4,0.5,1.0,18,0.4444444444444444,0.5,19,0.2631578947368421,1.0,0.6923076923076923,37,0.3783783783783784,0.10810810810810811,0.5135135135135135,0.4864864864864865,1,0.02702702702702703,1.0,2026,2026
Andrija Bukumirović,Tennessee Martin,19,7,11,4,4,1,12,16,12,3,1,2,andrija bukumirović,F,Jr,16,6,22,0.7272727272727273,0.5625,26,0.7307692307692307,0.5789473684210527,8,0.5,0.25,34,0.6764705882352942,0.5217391304347826,28,0.42857142857142855,1.0,0.6857142857142857,62,0.41935483870967744,0.12903225806451613,0.45161290322580644,0.5483870967741935,4,0.06451612903225806,0.75,2026,2026
Rubén Prey,St. John's,7,3,3,3,3,2,4,4,4,2,0,1,rubén prey,F,So,5,3,8,0.625,0.4,10,0.7,0.42857142857142855,6,0.5,0.6666666666666666,16,0.625,0.5,8,0.5,1.0,0.6428571428571429,24,0.4166666666666667,0.25,0.3333333333333333,0.6666666666666666,2,0.08333333333333333,1.0,2026,2026
Shelton Williams-Dryden,West Georgia,25,27,11,24,36,8,6,9,6,0,1,0,shelton williams-dryden,F,Sr,25,26,51,0.49019607843137253,0.44,52,0.4807692307692308,0.44,60,0.4,0.3333333333333333,112,0.4375,0.3877551020408163,15,0.4,1.0,0.45454545454545453,127,0.4094488188976378,0.47244094488188976,0.11811023622047244,0.8818897637795275,1,0.007874015748031496,0.0,2026,2026
Rickey Ballard,Grambling St.,5,1,4,1,0,0,6,6,6,1,0,1,rickey ballard,G,Sr,4,1,5,0.8,0.75,6,0.8333333333333334,0.8,1,1.0,0.0,7,0.8571428571428571,0.6666666666666666,12,0.5,1.0,0.8333333333333334,19,0.3157894736842105,0.05263157894736842,0.631578947368421,0.3684210526315789,1,0.05263157894736842,1.0,2026,2026
Filip Radaković,Tennessee Martin,4,0,2,0,2,0,2,7,2,0,0,0,filip radaković,G,So,4,0,4,1.0,0.5,4,1.0,0.5,2,0.0,,6,0.6666666666666666,0.5,9,0.2222222222222222,1.0,0.6666666666666666,15,0.26666666666666666,0.13333333333333333,0.6,0.4,0,0.0,,2026,2026
Khadim Mboup,BYU,7,5,2,0,1,0,0,0,0,4,3,1,khadim mboup,C,So,3,2,5,0.6,0.3333333333333333,12,0.5833333333333334,0.2857142857142857,1,0.0,,13,0.5384615384615384,0.2857142857142857,0,,,0.2857142857142857,13,0.9230769230769231,0.07692307692307693,0.0,1.0,7,0.5384615384615384,0.5714285714285714,2026,2026
Dominique Diomande,BYU,4,2,4,1,0,0,1,8,1,3,1,3,dominique diomande,F,Fr,1,1,2,0.5,1.0,6,0.6666666666666666,1.0,1,1.0,0.0,7,0.7142857142857143,0.8,9,0.1111111111111111,1.0,0.8333333333333334,16,0.375,0.0625,0.5625,0.4375,4,0.25,0.75,2026,2026
Abdulai Fanta Kabba,Western Carolina,20,9,15,0,0,0,0,0,0,11,0,9,abdulai fanta kabba,C,So,9,9,18,0.5,0.6666666666666666,29,0.6896551724137931,0.75,0,,,29,0.6896551724137931,0.75,0,,,0.75,29,1.0,0.0,0.0,1.0,11,0.3793103448275862,1.0,2026,2026
Okku Federiko,Drake,26,9,13,5,2,2,5,15,5,6,0,5,okku federiko,F,So,20,9,29,0.6896551724137931,0.4,35,0.7428571428571429,0.5,7,0.7142857142857143,0.4,42,0.7380952380952381,0.4838709677419355,20,0.25,1.0,0.5555555555555556,62,0.5645161290322581,0.11290322580645161,0.3225806451612903,0.6774193548387096,6,0.0967741935483871,1.0,2026,2026
Elijah Crawford,Illinois Chicago,2,0,1,2,1,0,1,3,1,1,0,1,elijah crawford,G,So,1,0,1,1.0,0.0,2,1.0,0.5,3,0.6666666666666666,0.0,5,0.8,0.25,4,0.25,1.0,0.4,9,0.2222222222222222,0.3333333333333333,0.4444444444444444,0.5555555555555556,1,0.1111111111111111,1.0,2026,2026
Fedor Zugic,Creighton,5,2,2,0,0,0,4,13,4,2,0,1,fedor zugic,G,Jr,3,2,5,0.6,0.3333333333333333,7,0.7142857142857143,0.4,0,,,7,0.7142857142857143,0.4,17,0.23529411764705882,1.0,0.6666666666666666,24,0.2916666666666667,0.0,0.7083333333333334,0.2916666666666667,2,0.08333333333333333,1.0,2026,2026
Keith McKnight,Quinnipiac,19,14,8,8,9,2,2,3,1,6,2,4,keith mcknight,G,Fr,13,12,25,0.52,0.3076923076923077,33,0.5757575757575758,0.42105263157894735,17,0.47058823529411764,0.25,50,0.54,0.37037037037037035,5,0.4,0.5,0.3793103448275862,55,0.6,0.3090909090909091,0.09090909090909091,0.9090909090909091,8,0.14545454545454545,0.75,2026,2026
Zac Foster,Clemson,8,14,4,2,5,0,12,26,9,3,1,2,zac foster,G,Fr,5,13,18,0.2777777777777778,0.4,22,0.36363636363636365,0.5,7,0.2857142857142857,0.0,29,0.3448275862068966,0.4,38,0.3157894736842105,0.75,0.5909090909090909,67,0.3283582089552239,0.1044776119402985,0.5671641791044776,0.43283582089552236,4,0.05970149253731343,0.75,2026,2026
JJ Massaquoi,UMass Lowell,34,21,20,3,4,2,0,2,0,0,0,0,jj massaquoi,G,Fr,34,21,55,0.6181818181818182,0.5882352941176471,55,0.6181818181818182,0.5882352941176471,7,0.42857142857142855,0.6666666666666666,62,0.5967741935483871,0.5945945945945946,2,0.0,,0.5945945945945946,64,0.859375,0.109375,0.03125,0.96875,0,0.0,,2026,2026
Jadin Booth,Samford,8,3,3,0,15,0,33,54,27,0,0,0,jadin booth,G,Sr,8,3,11,0.7272727272727273,0.375,11,0.7272727272727273,0.375,15,0.0,,26,0.3076923076923077,0.375,87,0.3793103448275862,0.8181818181818182,0.7317073170731707,113,0.09734513274336283,0.13274336283185842,0.7699115044247787,0.23008849557522124,0,0.0,,2026,2026
Tyrin Jones,UNLV,30,16,21,0,3,0,0,0,0,15,2,12,tyrin jones,C,Fr,15,14,29,0.5172413793103449,0.6,46,0.6521739130434783,0.7,3,0.0,,49,0.6122448979591837,0.7,0,,,0.7,49,0.9387755102040817,0.061224489795918366,0.0,1.0,17,0.3469387755102041,0.8823529411764706,2026,2026
Rhyjon Blackwell,Marist,7,10,3,11,13,3,12,20,11,0,0,0,rhyjon blackwell,G,Sr,7,10,17,0.4117647058823529,0.42857142857142855,17,0.4117647058823529,0.42857142857142855,24,0.4583333333333333,0.2727272727272727,41,0.43902439024390244,0.3333333333333333,32,0.375,0.9166666666666666,0.5666666666666667,73,0.2328767123287671,0.3287671232876712,0.4383561643835616,0.5616438356164384,0,0.0,,2026,2026
Gustav Winther,Northern Illinois,27,13,14,2,0,2,2,1,2,4,0,3,gustav winther,F,Fr,23,13,36,0.6388888888888888,0.4782608695652174,40,0.675,0.5185185185185185,2,1.0,1.0,42,0.6904761904761905,0.5517241379310345,3,0.6666666666666666,1.0,0.5806451612903226,45,0.8888888888888888,0.044444444444444446,0.06666666666666667,0.9333333333333333,4,0.08888888888888889,1.0,2026,2026
Martin Kheil,Idaho St.,6,3,3,0,1,0,22,32,22,0,0,0,martin kheil,G,So,6,3,9,0.6666666666666666,0.5,9,0.6666666666666666,0.5,1,0.0,,10,0.6,0.5,54,0.4074074074074074,1.0,0.8928571428571429,64,0.140625,0.015625,0.84375,0.15625,0,0.0,,2026,2026
Tyler Byrd,Alabama St.,14,7,4,2,3,0,4,9,4,2,1,1,tyler byrd,G,Jr,12,6,18,0.6666666666666666,0.25,21,0.6666666666666666,0.2857142857142857,5,0.4,0.0,26,0.6153846153846154,0.25,13,0.3076923076923077,1.0,0.4,39,0.5384615384615384,0.1282051282051282,0.3333333333333333,0.6666666666666666,3,0.07692307692307693,0.6666666666666666,2026,2026
Luka Bogavac,North Carolina,13,12,2,2,8,1,16,31,15,0,0,0,luka bogavac,G,Jr,13,12,25,0.52,0.15384615384615385,25,0.52,0.15384615384615385,10,0.2,0.5,35,0.42857142857142855,0.2,47,0.3404255319148936,0.9375,0.5806451612903226,82,0.3048780487804878,0.12195121951219512,0.573170731707317,0.4268292682926829,0,0.0,,2026,2026
Eric Reibe,Connecticut,30,12,23,6,4,6,2,5,2,6,0,6,eric reibe,C,Fr,24,12,36,0.6666666666666666,0.7083333333333334,42,0.7142857142857143,0.7666666666666667,10,0.6,1.0,52,0.6923076923076923,0.8055555555555556,7,0.2857142857142857,1.0,0.8157894736842105,59,0.711864406779661,0.1694915254237288,0.11864406779661017,0.8813559322033898,6,0.1016949152542373,1.0,2026,2026
Emanuel Prospere II,UC San Diego,19,15,3,4,4,2,3,8,3,0,0,0,emanuel prospere ii,G,Sr,19,15,34,0.5588235294117647,0.15789473684210525,34,0.5588235294117647,0.15789473684210525,8,0.5,0.5,42,0.5476190476190477,0.21739130434782608,11,0.2727272727272727,1.0,0.3076923076923077,53,0.6415094339622641,0.1509433962264151,0.20754716981132076,0.7924528301886793,0,0.0,,2026,2026
Martin Kalu,Charleston,11,7,4,3,11,1,12,27,8,2,0,2,martin kalu,G,Fr,9,7,16,0.5625,0.2222222222222222,18,0.6111111111111112,0.36363636363636365,14,0.21428571428571427,0.3333333333333333,32,0.4375,0.35714285714285715,39,0.3076923076923077,0.6666666666666666,0.5,71,0.2535211267605634,0.19718309859154928,0.5492957746478874,0.4507042253521127,2,0.028169014084507043,1.0,2026,2026
Peyton White,Nevada,10,8,6,4,4,3,6,6,6,0,0,0,peyton white,F,Fr,10,8,18,0.5555555555555556,0.6,18,0.5555555555555556,0.6,8,0.5,0.75,26,0.5384615384615384,0.6428571428571429,12,0.5,1.0,0.75,38,0.47368421052631576,0.21052631578947367,0.3157894736842105,0.6842105263157895,0,0.0,,2026,2026
Myles Walker,Nevada,0,0,0,5,2,0,2,2,2,0,0,0,myles walker,G,Fr,0,0,0,,,0,,,7,0.7142857142857143,0.0,7,0.7142857142857143,0.0,4,0.5,1.0,0.2857142857142857,11,0.0,0.6363636363636364,0.36363636363636365,0.6363636363636364,0,0.0,,2026,2026
Victor Okojie,UMass Lowell,5,2,2,1,2,0,2,4,2,1,0,1,victor okojie,F,Fr,4,2,6,0.6666666666666666,0.25,7,0.7142857142857143,0.4,3,0.3333333333333333,0.0,10,0.6,0.3333333333333333,6,0.3333333333333333,1.0,0.5,16,0.4375,0.1875,0.375,0.625,1,0.0625,1.0,2026,2026
Ryan Crotty,Oklahoma St.,3,1,0,0,1,0,6,16,6,0,0,0,ryan crotty,F,Fr,3,1,4,0.75,0.0,4,0.75,0.0,1,0.0,,5,0.6,0.0,22,0.2727272727272727,1.0,0.6666666666666666,27,0.14814814814814814,0.037037037037037035,0.8148148148148148,0.18518518518518517,0,0.0,,2026,2026
Narit Chotikavanic,Stephen F. Austin,2,3,1,4,5,0,26,27,25,0,0,0,narit chotikavanic,G,So,2,3,5,0.4,0.5,5,0.4,0.5,9,0.4444444444444444,0.0,14,0.42857142857142855,0.16666666666666666,53,0.49056603773584906,0.9615384615384616,0.8125,67,0.07462686567164178,0.13432835820895522,0.7910447761194029,0.208955223880597,0,0.0,,2026,2026
Koa Peat,Arizona,37,13,26,12,21,6,0,4,0,14,0,13,koa peat,C,Fr,23,13,36,0.6388888888888888,0.5652173913043478,50,0.74,0.7027027027027027,33,0.36363636363636365,0.5,83,0.5903614457831325,0.6530612244897959,4,0.0,,0.6530612244897959,87,0.5747126436781609,0.3793103448275862,0.04597701149425287,0.9540229885057471,14,0.16091954022988506,1.0,2026,2026
Brayden Burries,Arizona,17,10,7,6,11,2,9,21,7,3,0,2,brayden burries,G,Fr,14,10,24,0.5833333333333334,0.35714285714285715,27,0.6296296296296297,0.4117647058823529,17,0.35294117647058826,0.3333333333333333,44,0.5227272727272727,0.391304347826087,30,0.3,0.7777777777777778,0.5,74,0.36486486486486486,0.22972972972972974,0.40540540540540543,0.5945945945945946,3,0.04054054054054054,1.0,2026,2026
Ivan Kharchenkov,Arizona,13,9,7,3,7,1,7,13,4,0,0,0,ivan kharchenkov,G,Fr,13,9,22,0.5909090909090909,0.5384615384615384,22,0.5909090909090909,0.5384615384615384,10,0.3,0.3333333333333333,32,0.5,0.5,20,0.35,0.5714285714285714,0.5217391304347826,52,0.4230769230769231,0.19230769230769232,0.38461538461538464,0.6153846153846154,0,0.0,,2026,2026
Jaion Pitt,Pacific,9,4,3,5,2,0,1,0,0,2,0,1,jaion pitt,G,Fr,7,4,11,0.6363636363636364,0.2857142857142857,13,0.6923076923076923,0.3333333333333333,7,0.7142857142857143,0.0,20,0.7,0.21428571428571427,1,1.0,0.0,0.2,21,0.6190476190476191,0.3333333333333333,0.047619047619047616,0.9523809523809523,2,0.09523809523809523,1.0,2026,2026
Keith Palek III,Missouri St.,8,5,2,7,13,0,7,19,7,0,0,0,keith palek iii,F,Sr,8,5,13,0.6153846153846154,0.25,13,0.6153846153846154,0.25,20,0.35,0.0,33,0.45454545454545453,0.13333333333333333,26,0.2692307692307692,1.0,0.4090909090909091,59,0.22033898305084745,0.3389830508474576,0.4406779661016949,0.559322033898305,0,0.0,,2026,2026
Devere Palmer,Florida A&M,8,6,2,1,5,1,0,0,0,1,0,1,devere palmer,G,Jr,7,6,13,0.5384615384615384,0.14285714285714285,14,0.5714285714285714,0.25,6,0.16666666666666666,1.0,20,0.45,0.3333333333333333,0,,,0.3333333333333333,20,0.7,0.3,0.0,1.0,1,0.05,1.0,2026,2026
Jake Wilkins,Georgia,21,7,14,0,0,0,5,21,5,12,2,11,jake wilkins,F,Fr,9,5,14,0.6428571428571429,0.3333333333333333,28,0.75,0.6666666666666666,0,,,28,0.75,0.6666666666666666,26,0.19230769230769232,1.0,0.7307692307692307,54,0.5185185185185185,0.0,0.48148148148148145,0.5185185185185185,14,0.25925925925925924,0.8571428571428571,2026,2026
Caleb Wilson,North Carolina,37,19,21,13,21,4,2,8,1,28,2,19,caleb wilson,F,Fr,9,17,26,0.34615384615384615,0.2222222222222222,56,0.6607142857142857,0.5675675675675675,34,0.38235294117647056,0.3076923076923077,90,0.5555555555555556,0.5,10,0.2,0.5,0.5,100,0.56,0.34,0.1,0.9,30,0.3,0.9333333333333333,2026,2026
Alex Steen,Florida St.,23,15,16,0,3,0,0,1,0,12,3,8,alex steen,C,Sr,11,12,23,0.4782608695652174,0.7272727272727273,38,0.6052631578947368,0.6956521739130435,3,0.0,,41,0.5609756097560976,0.6956521739130435,1,0.0,,0.6956521739130435,42,0.9047619047619048,0.07142857142857142,0.023809523809523808,0.9761904761904762,15,0.35714285714285715,0.8,2026,2026
Tolu Samuels,Southern Indiana,12,13,6,0,1,0,0,1,0,1,1,1,tolu samuels,C,Jr,11,12,23,0.4782608695652174,0.45454545454545453,25,0.48,0.5,1,0.0,,26,0.46153846153846156,0.5,1,0.0,,0.5,27,0.9259259259259259,0.037037037037037035,0.037037037037037035,0.9629629629629629,2,0.07407407407407407,0.5,2026,2026
Dezmon Briscoe,Kent St.,6,0,6,0,0,0,0,0,0,2,0,2,dezmon briscoe,C,Fr,4,0,4,1.0,1.0,6,1.0,1.0,0,,,6,1.0,1.0,0,,,1.0,6,1.0,0.0,0.0,1.0,2,0.3333333333333333,1.0,2026,2026
Kedar Bodie,North Alabama,2,3,1,2,8,0,2,2,1,0,0,0,kedar bodie,G,Jr,2,3,5,0.4,0.5,5,0.4,0.5,10,0.2,0.0,15,0.26666666666666666,0.25,4,0.5,0.5,0.3333333333333333,19,0.2631578947368421,0.5263157894736842,0.21052631578947367,0.7894736842105263,0,0.0,,2026,2026
Xander Pintelon,Florida Atlantic,7,9,1,1,1,0,10,18,10,3,0,1,xander pintelon,F,Jr,4,9,13,0.3076923076923077,0.0,16,0.4375,0.14285714285714285,2,0.5,0.0,18,0.4444444444444444,0.125,28,0.35714285714285715,1.0,0.6111111111111112,46,0.34782608695652173,0.043478260869565216,0.6086956521739131,0.391304347826087,3,0.06521739130434782,1.0,2026,2026
Vincent Neugebauer,Florida Atlantic,7,4,7,2,0,2,0,0,0,3,0,3,vincent neugebauer,C,Jr,4,4,8,0.5,1.0,11,0.6363636363636364,1.0,2,1.0,1.0,13,0.6923076923076923,1.0,0,,,1.0,13,0.8461538461538461,0.15384615384615385,0.0,1.0,3,0.23076923076923078,1.0,2026,2026
Chase Thompson,Clemson,5,4,5,1,0,1,2,4,2,3,0,3,chase thompson,F,Fr,2,4,6,0.3333333333333333,1.0,9,0.5555555555555556,1.0,1,1.0,1.0,10,0.6,1.0,6,0.3333333333333333,1.0,1.0,16,0.5625,0.0625,0.375,0.625,3,0.1875,1.0,2026,2026
Luka Jovanovic,Middle Tennessee,6,3,2,0,1,0,0,0,0,0,1,0,luka jovanovic,C,Fr,6,2,8,0.75,0.3333333333333333,9,0.6666666666666666,0.3333333333333333,1,0.0,,10,0.6,0.3333333333333333,0,,,0.3333333333333333,10,0.9,0.1,0.0,1.0,1,0.1,0.0,2026,2026
Timo George,Portland,36,8,26,1,1,1,1,6,1,14,1,13,timo george,C,Fr,22,7,29,0.7586206896551724,0.5909090909090909,44,0.8181818181818182,0.7222222222222222,2,0.5,1.0,46,0.8043478260869565,0.7297297297297297,7,0.14285714285714285,1.0,0.7368421052631579,53,0.8301886792452831,0.03773584905660377,0.1320754716981132,0.8679245283018868,15,0.2830188679245283,0.9333333333333333,2026,2026
Joel Foxwell,Portland,17,13,3,8,5,3,16,26,14,0,0,0,joel foxwell,G,Fr,17,13,30,0.5666666666666667,0.17647058823529413,30,0.5666666666666667,0.17647058823529413,13,0.6153846153846154,0.375,43,0.5813953488372093,0.24,42,0.38095238095238093,0.875,0.4878048780487805,85,0.35294117647058826,0.15294117647058825,0.49411764705882355,0.5058823529411764,0,0.0,,2026,2026
De'Undrae Perteete,UC Riverside,9,3,1,2,4,0,13,6,12,0,0,0,de'undrae perteete,G,So,9,3,12,0.75,0.1111111111111111,12,0.75,0.1111111111111111,6,0.3333333333333333,0.0,18,0.6111111111111112,0.09090909090909091,19,0.6842105263157895,0.9230769230769231,0.5416666666666666,37,0.32432432432432434,0.16216216216216217,0.5135135135135135,0.4864864864864865,0,0.0,,2026,2026
Gavin Sykes,Long Beach St.,11,4,5,25,27,5,19,37,18,0,0,0,gavin sykes,G,Fr,11,4,15,0.7333333333333333,0.45454545454545453,15,0.7333333333333333,0.45454545454545453,52,0.4807692307692308,0.2,67,0.5373134328358209,0.2777777777777778,56,0.3392857142857143,0.9473684210526315,0.509090909090909,123,0.12195121951219512,0.42276422764227645,0.45528455284552843,0.5447154471544715,0,0.0,,2026,2026
Chris Cenac Jr,Houston,17,3,13,13,24,10,7,11,7,10,0,10,chris cenac jr,F,Fr,7,3,10,0.7,0.42857142857142855,20,0.85,0.7647058823529411,37,0.35135135135135137,0.7692307692307693,57,0.5263157894736842,0.7666666666666667,18,0.3888888888888889,1.0,0.8108108108108109,75,0.26666666666666666,0.49333333333333335,0.24,0.76,10,0.13333333333333333,1.0,2026,2026
Eddie Placer,Wagner,5,2,0,4,5,0,13,18,13,0,0,0,eddie placer,G,Jr,5,2,7,0.7142857142857143,0.0,7,0.7142857142857143,0.0,9,0.4444444444444444,0.0,16,0.5625,0.0,31,0.41935483870967744,1.0,0.5909090909090909,47,0.14893617021276595,0.19148936170212766,0.6595744680851063,0.3404255319148936,0,0.0,,2026,2026
Kingston Flemings,Houston,29,10,9,13,15,4,14,11,11,6,0,3,kingston flemings,G,Fr,23,10,33,0.696969696969697,0.2608695652173913,39,0.7435897435897436,0.3103448275862069,28,0.4642857142857143,0.3076923076923077,67,0.6268656716417911,0.30952380952380953,25,0.56,0.7857142857142857,0.42857142857142855,92,0.42391304347826086,0.30434782608695654,0.2717391304347826,0.7282608695652174,6,0.06521739130434782,1.0,2026,2026
Andre Pasha,New Haven,7,4,2,18,13,4,9,18,8,0,0,0,andre pasha,F,So,7,4,11,0.6363636363636364,0.2857142857142857,11,0.6363636363636364,0.2857142857142857,31,0.5806451612903226,0.2222222222222222,42,0.5952380952380952,0.24,27,0.3333333333333333,0.8888888888888888,0.4117647058823529,69,0.15942028985507245,0.4492753623188406,0.391304347826087,0.6086956521739131,0,0.0,,2026,2026
Rakim Chaney,Valparaiso,8,4,2,12,8,1,18,19,9,1,0,0,rakim chaney,G,Fr,7,4,11,0.6363636363636364,0.2857142857142857,12,0.6666666666666666,0.25,20,0.6,0.08333333333333333,32,0.625,0.15,37,0.4864864864864865,0.5,0.3157894736842105,69,0.17391304347826086,0.2898550724637681,0.5362318840579711,0.463768115942029,1,0.014492753623188406,1.0,2026,2026
Josh Ward,Cal St. Fullerton,30,19,7,6,11,0,11,33,11,0,0,0,josh ward,G,Sr,30,19,49,0.6122448979591837,0.23333333333333334,49,0.6122448979591837,0.23333333333333334,17,0.35294117647058826,0.0,66,0.5454545454545454,0.19444444444444445,44,0.25,1.0,0.3829787234042553,110,0.44545454545454544,0.15454545454545454,0.4,0.6,0,0.0,,2026,2026
Albert Vargas,Robert Morris,3,7,0,8,7,3,14,19,11,0,0,0,albert vargas,G,Sr,3,7,10,0.3,0.0,10,0.3,0.0,15,0.5333333333333333,0.375,25,0.44,0.2727272727272727,33,0.42424242424242425,0.7857142857142857,0.56,58,0.1724137931034483,0.25862068965517243,0.5689655172413793,0.43103448275862066,0,0.0,,2026,2026
Simon Majok,Memphis,9,7,6,2,2,0,2,2,2,0,1,0,simon majok,F,Fr,9,6,15,0.6,0.6666666666666666,16,0.5625,0.6666666666666666,4,0.5,0.0,20,0.55,0.5454545454545454,4,0.5,1.0,0.6153846153846154,24,0.6666666666666666,0.16666666666666666,0.16666666666666666,0.8333333333333334,1,0.041666666666666664,0.0,2026,2026
Landen Joseph,Marshall,4,3,1,4,2,0,6,10,5,0,0,0,landen joseph,G,Fr,4,3,7,0.5714285714285714,0.25,7,0.5714285714285714,0.25,6,0.6666666666666666,0.0,13,0.6153846153846154,0.125,16,0.375,0.8333333333333334,0.42857142857142855,29,0.2413793103448276,0.20689655172413793,0.5517241379310345,0.4482758620689655,0,0.0,,2026,2026
Edwin Suarez Jr.,Weber St.,30,26,13,0,3,0,0,1,0,0,0,0,edwin suarez jr.,F,Jr,30,26,56,0.5357142857142857,0.43333333333333335,56,0.5357142857142857,0.43333333333333335,3,0.0,,59,0.5084745762711864,0.43333333333333335,1,0.0,,0.43333333333333335,60,0.9333333333333333,0.05,0.016666666666666666,0.9833333333333333,0,0.0,,2026,2026
Grant Polk,South Carolina,3,1,1,0,2,0,15,15,13,0,0,0,grant polk,G,Fr,3,1,4,0.75,0.3333333333333333,4,0.75,0.3333333333333333,2,0.0,,6,0.5,0.3333333333333333,30,0.5,0.8666666666666667,0.7777777777777778,36,0.1111111111111111,0.05555555555555555,0.8333333333333334,0.16666666666666666,0,0.0,,2026,2026
Edwin Daniel,La Salle,12,8,11,3,6,3,0,0,0,2,0,2,edwin daniel,C,Jr,10,8,18,0.5555555555555556,0.9,20,0.6,0.9166666666666666,9,0.3333333333333333,1.0,29,0.5172413793103449,0.9333333333333333,0,,,0.9333333333333333,29,0.6896551724137931,0.3103448275862069,0.0,1.0,2,0.06896551724137931,1.0,2026,2026
Isaac Garrett,Oakland,45,21,24,8,13,3,2,6,2,9,0,6,isaac garrett,F,Jr,36,21,57,0.631578947368421,0.5,66,0.6818181818181818,0.5333333333333333,21,0.38095238095238093,0.375,87,0.6091954022988506,0.5094339622641509,8,0.25,1.0,0.5272727272727272,95,0.6947368421052632,0.22105263157894736,0.08421052631578947,0.9157894736842105,9,0.09473684210526316,1.0,2026,2026
Dame Sarr,Duke,10,9,6,0,0,0,11,20,11,7,1,4,dame sarr,F,Fr,3,8,11,0.2727272727272727,0.6666666666666666,19,0.5263157894736842,0.6,0,,,19,0.5263157894736842,0.6,31,0.3548387096774194,1.0,0.8095238095238095,50,0.38,0.0,0.62,0.38,8,0.16,0.875,2026,2026
Gabe Tanner,Florida Gulf Coast,4,0,2,1,1,0,3,4,3,0,0,0,gabe tanner,G,Fr,4,0,4,1.0,0.5,4,1.0,0.5,2,0.5,0.0,6,0.8333333333333334,0.4,7,0.42857142857142855,1.0,0.625,13,0.3076923076923077,0.15384615384615385,0.5384615384615384,0.46153846153846156,0,0.0,,2026,2026
Jack Sullivan,Yale,2,2,1,0,0,0,4,3,4,0,0,0,jack sullivan,F,Fr,2,2,4,0.5,0.5,4,0.5,0.5,0,,,4,0.5,0.5,7,0.5714285714285714,1.0,0.8333333333333334,11,0.36363636363636365,0.0,0.6363636363636364,0.36363636363636365,0,0.0,,2026,2026
Adrian McIntyre,San Diego,19,11,5,0,3,0,5,12,3,0,0,0,adrian mcintyre,G,Sr,19,11,30,0.6333333333333333,0.2631578947368421,30,0.6333333333333333,0.2631578947368421,3,0.0,,33,0.5757575757575758,0.2631578947368421,17,0.29411764705882354,0.6,0.3333333333333333,50,0.6,0.06,0.34,0.66,0,0.0,,2026,2026
Terrion Burgess,Little Rock,10,1,5,2,3,0,2,4,2,3,0,2,terrion burgess,F,Fr,7,1,8,0.875,0.42857142857142855,11,0.9090909090909091,0.5,5,0.4,0.0,16,0.75,0.4166666666666667,6,0.3333333333333333,1.0,0.5,22,0.5,0.22727272727272727,0.2727272727272727,0.7272727272727273,3,0.13636363636363635,1.0,2026,2026
Salih Altuntas,Miami FL,8,6,4,4,1,4,0,0,0,3,0,1,salih altuntas,C,Fr,5,6,11,0.45454545454545453,0.6,14,0.5714285714285714,0.5,5,0.8,1.0,19,0.631578947368421,0.6666666666666666,0,,,0.6666666666666666,19,0.7368421052631579,0.2631578947368421,0.0,1.0,3,0.15789473684210525,1.0,2026,2026
Shelton Henderson,Miami FL,33,19,19,10,12,5,3,6,3,7,2,5,shelton henderson,G,Fr,26,17,43,0.6046511627906976,0.5384615384615384,52,0.6346153846153846,0.5757575757575758,22,0.45454545454545453,0.5,74,0.581081081081081,0.5581395348837209,9,0.3333333333333333,1.0,0.5869565217391305,83,0.6265060240963856,0.26506024096385544,0.10843373493975904,0.891566265060241,9,0.10843373493975904,0.7777777777777778,2026,2026
"Will James, Jr.",Toledo,4,3,1,0,0,0,1,6,1,1,0,1,"will james, jr.",G,Fr,3,3,6,0.5,0.0,7,0.5714285714285714,0.25,0,,,7,0.5714285714285714,0.25,7,0.14285714285714285,1.0,0.4,14,0.5,0.0,0.5,0.5,1,0.07142857142857142,1.0,2026,2026
DJ Thomas,West Virginia,24,11,15,4,3,3,3,12,3,2,0,2,dj thomas,G,Fr,22,11,33,0.6666666666666666,0.5909090909090909,35,0.6857142857142857,0.625,7,0.5714285714285714,0.75,42,0.6666666666666666,0.6428571428571429,15,0.2,1.0,0.6774193548387096,57,0.6140350877192983,0.12280701754385964,0.2631578947368421,0.7368421052631579,2,0.03508771929824561,1.0,2026,2026
Emmett Adair,Loyola MD,11,3,7,1,5,0,7,14,7,0,0,0,emmett adair,F,Fr,11,3,14,0.7857142857142857,0.6363636363636364,14,0.7857142857142857,0.6363636363636364,6,0.16666666666666666,0.0,20,0.6,0.5833333333333334,21,0.3333333333333333,1.0,0.7368421052631579,41,0.34146341463414637,0.14634146341463414,0.5121951219512195,0.4878048780487805,0,0.0,,2026,2026
Carlos Hart,Eastern Michigan,25,35,6,3,7,0,11,14,10,0,0,0,carlos hart,G,Sr,25,35,60,0.4166666666666667,0.24,60,0.4166666666666667,0.24,10,0.3,0.0,70,0.4,0.21428571428571427,25,0.44,0.9090909090909091,0.41025641025641024,95,0.631578947368421,0.10526315789473684,0.2631578947368421,0.7368421052631579,0,0.0,,2026,2026
Kael Robinson,Northern Kentucky,19,9,9,4,10,0,19,25,18,2,0,2,kael robinson,F,Sr,17,9,26,0.6538461538461539,0.4117647058823529,28,0.6785714285714286,0.47368421052631576,14,0.2857142857142857,0.0,42,0.5476190476190477,0.391304347826087,44,0.4318181818181818,0.9473684210526315,0.6428571428571429,86,0.32558139534883723,0.16279069767441862,0.5116279069767442,0.4883720930232558,2,0.023255813953488372,1.0,2026,2026
Brendan Oliver,Canisius,8,7,3,5,7,1,3,9,3,1,0,1,brendan oliver,G,Fr,7,7,14,0.5,0.2857142857142857,15,0.5333333333333333,0.375,12,0.4166666666666667,0.2,27,0.48148148148148145,0.3076923076923077,12,0.25,1.0,0.4375,39,0.38461538461538464,0.3076923076923077,0.3076923076923077,0.6923076923076923,1,0.02564102564102564,1.0,2026,2026
Gasper Kocevar,Fresno St.,11,10,6,0,2,0,1,1,1,1,1,1,gasper kocevar,F,Fr,10,9,19,0.5263157894736842,0.5,21,0.5238095238095238,0.5454545454545454,2,0.0,,23,0.4782608695652174,0.5454545454545454,2,0.5,1.0,0.5833333333333334,25,0.84,0.08,0.08,0.92,2,0.08,0.5,2026,2026
Wilson Jacques,Fresno St.,16,10,11,7,13,2,1,1,1,3,0,1,wilson jacques,C,Fr,13,10,23,0.5652173913043478,0.7692307692307693,26,0.6153846153846154,0.6875,20,0.35,0.2857142857142857,46,0.5,0.5652173913043478,2,0.5,1.0,0.5833333333333334,48,0.5416666666666666,0.4166666666666667,0.041666666666666664,0.9583333333333334,3,0.0625,1.0,2026,2026
DJ Stickman,Fresno St.,11,5,5,0,5,0,4,3,3,0,0,0,dj stickman,G,Fr,11,5,16,0.6875,0.45454545454545453,16,0.6875,0.45454545454545453,5,0.0,,21,0.5238095238095238,0.45454545454545453,7,0.5714285714285714,0.75,0.5333333333333333,28,0.5714285714285714,0.17857142857142858,0.25,0.75,0,0.0,,2026,2026
DeShawn Gory,Fresno St.,19,9,13,4,8,0,8,19,7,7,0,7,deshawn gory,G,Fr,12,9,21,0.5714285714285714,0.5,28,0.6785714285714286,0.6842105263157895,12,0.3333333333333333,0.0,40,0.575,0.5652173913043478,27,0.2962962962962963,0.875,0.6451612903225806,67,0.417910447761194,0.1791044776119403,0.40298507462686567,0.5970149253731343,7,0.1044776119402985,1.0,2026,2026
Roman Siulepa,Pittsburgh,23,17,10,2,4,0,3,13,3,7,3,5,roman siulepa,G,Fr,16,14,30,0.5333333333333333,0.3125,40,0.575,0.43478260869565216,6,0.3333333333333333,0.0,46,0.5434782608695652,0.4,16,0.1875,1.0,0.4642857142857143,62,0.6451612903225806,0.0967741935483871,0.25806451612903225,0.7419354838709677,10,0.16129032258064516,0.7,2026,2026
Isaiah Sutherland,East Tennessee St.,1,1,1,0,0,0,1,4,1,0,0,0,isaiah sutherland,G,Fr,1,1,2,0.5,1.0,2,0.5,1.0,0,,,2,0.5,1.0,5,0.2,1.0,1.0,7,0.2857142857142857,0.0,0.7142857142857143,0.2857142857142857,0,0.0,,2026,2026
David Gomez,Charlotte,1,2,0,1,0,0,2,1,2,0,0,0,david gomez,F,Fr,1,2,3,0.3333333333333333,0.0,3,0.3333333333333333,0.0,1,1.0,0.0,4,0.5,0.0,3,0.6666666666666666,1.0,0.5,7,0.42857142857142855,0.14285714285714285,0.42857142857142855,0.5714285714285714,0,0.0,,2026,2026
Jaylen Harrell,Providence,5,0,3,0,0,0,3,8,3,1,0,1,jaylen harrell,G,Fr,4,0,4,1.0,0.5,5,1.0,0.6,0,,,5,1.0,0.6,11,0.2727272727272727,1.0,0.75,16,0.3125,0.0,0.6875,0.3125,1,0.0625,1.0,2026,2026
Jamier Jones,Providence,32,15,21,0,3,0,4,3,3,21,4,16,jamier jones,G,Fr,11,11,22,0.5,0.45454545454545453,47,0.6808510638297872,0.65625,3,0.0,,50,0.64,0.65625,7,0.5714285714285714,0.75,0.6666666666666666,57,0.8245614035087719,0.05263157894736842,0.12280701754385964,0.8771929824561403,25,0.43859649122807015,0.84,2026,2026
Stefan Vaaks,Providence,9,6,4,6,8,2,29,42,20,2,1,1,stefan vaaks,G,Fr,7,5,12,0.5833333333333334,0.42857142857142855,15,0.6,0.4444444444444444,14,0.42857142857142855,0.3333333333333333,29,0.5172413793103449,0.4,71,0.4084507042253521,0.6896551724137931,0.5909090909090909,100,0.15,0.14,0.71,0.29,3,0.03,0.6666666666666666,2026,2026
Jordan Frison,Chattanooga,12,7,3,7,9,1,5,11,5,0,0,0,jordan frison,G,Jr,12,7,19,0.631578947368421,0.25,19,0.631578947368421,0.25,16,0.4375,0.14285714285714285,35,0.5428571428571428,0.21052631578947367,16,0.3125,1.0,0.375,51,0.37254901960784315,0.3137254901960784,0.3137254901960784,0.6862745098039216,0,0.0,,2026,2026
Ade Popoola,Tulsa,3,6,2,1,3,0,16,19,15,3,2,2,ade popoola,G,Jr,0,4,4,0.0,,9,0.3333333333333333,0.6666666666666666,4,0.25,0.0,13,0.3076923076923077,0.5,35,0.45714285714285713,0.9375,0.85,48,0.1875,0.08333333333333333,0.7291666666666666,0.2708333333333333,5,0.10416666666666667,0.6,2026,2026
Fabian Flores,DePaul,8,5,7,2,1,2,0,0,0,7,1,7,fabian flores,C,Fr,1,4,5,0.2,0.0,13,0.6153846153846154,0.875,3,0.6666666666666666,1.0,16,0.625,0.9,0,,,0.9,16,0.8125,0.1875,0.0,1.0,8,0.5,0.875,2026,2026
Davis Fogle,Gonzaga,6,7,3,8,8,2,2,1,1,2,0,1,davis fogle,F,Fr,4,7,11,0.36363636363636365,0.5,13,0.46153846153846156,0.5,16,0.5,0.25,29,0.4827586206896552,0.35714285714285715,3,0.6666666666666666,0.5,0.375,32,0.40625,0.5,0.09375,0.90625,2,0.0625,1.0,2026,2026
Miles Franklin,Columbia,17,11,5,7,10,2,7,17,6,5,1,2,miles franklin,G,Fr,12,10,22,0.5454545454545454,0.25,28,0.6071428571428571,0.29411764705882354,17,0.4117647058823529,0.2857142857142857,45,0.5333333333333333,0.2916666666666667,24,0.2916666666666667,0.8571428571428571,0.41935483870967744,69,0.4057971014492754,0.2463768115942029,0.34782608695652173,0.6521739130434783,6,0.08695652173913043,0.8333333333333334,2026,2026
Dominykas Pleta,Iowa St.,14,5,9,1,1,0,0,0,0,3,0,1,dominykas pleta,C,Fr,11,5,16,0.6875,0.7272727272727273,19,0.7368421052631579,0.6428571428571429,2,0.5,0.0,21,0.7142857142857143,0.6,0,,,0.6,21,0.9047619047619048,0.09523809523809523,0.0,1.0,3,0.14285714285714285,1.0,2026,2026
Killyan Toure,Iowa St.,28,12,10,4,5,1,9,13,9,9,1,2,killyan toure,G,Fr,19,11,30,0.6333333333333333,0.42105263157894735,40,0.7,0.35714285714285715,9,0.4444444444444444,0.25,49,0.6530612244897959,0.34375,22,0.4090909090909091,1.0,0.4878048780487805,71,0.5633802816901409,0.1267605633802817,0.30985915492957744,0.6901408450704225,10,0.14084507042253522,0.9,2026,2026
Jamarion Batemon,Iowa St.,2,5,1,2,0,2,16,18,12,0,0,0,jamarion batemon,G,Fr,2,5,7,0.2857142857142857,0.5,7,0.2857142857142857,0.5,2,1.0,1.0,9,0.4444444444444444,0.75,34,0.47058823529411764,0.75,0.75,43,0.16279069767441862,0.046511627906976744,0.7906976744186046,0.20930232558139536,0,0.0,,2026,2026
Jordan Ellerbee,Florida Gulf Coast,18,10,5,14,10,2,15,20,13,0,1,0,jordan ellerbee,G,Fr,18,9,27,0.6666666666666666,0.2777777777777778,28,0.6428571428571429,0.2777777777777778,24,0.5833333333333334,0.14285714285714285,52,0.6153846153846154,0.21875,35,0.42857142857142855,0.8666666666666667,0.425531914893617,87,0.3218390804597701,0.27586206896551724,0.40229885057471265,0.5977011494252874,1,0.011494252873563218,0.0,2026,2026
K'Jei Parker,Massachusetts,5,6,5,11,7,0,17,24,16,0,0,0,k'jei parker,G,Jr,5,6,11,0.45454545454545453,1.0,11,0.45454545454545453,1.0,18,0.6111111111111112,0.0,29,0.5517241379310345,0.3125,41,0.4146341463414634,0.9411764705882353,0.6363636363636364,70,0.15714285714285714,0.2571428571428571,0.5857142857142857,0.4142857142857143,0,0.0,,2026,2026
Royal Blue Smith,Arkansas St.,11,3,2,1,5,0,8,17,7,0,1,0,royal blue smith,G,Fr,11,2,13,0.8461538461538461,0.18181818181818182,14,0.7857142857142857,0.18181818181818182,6,0.16666666666666666,0.0,20,0.6,0.16666666666666666,25,0.32,0.875,0.45,45,0.3111111111111111,0.13333333333333333,0.5555555555555556,0.4444444444444444,1,0.022222222222222223,0.0,2026,2026
Christian Harmon,Arkansas St.,10,7,2,6,4,3,15,47,14,0,0,0,christian harmon,G,Jr,10,7,17,0.5882352941176471,0.2,17,0.5882352941176471,0.2,10,0.6,0.5,27,0.5925925925925926,0.3125,62,0.24193548387096775,0.9333333333333333,0.6129032258064516,89,0.19101123595505617,0.11235955056179775,0.6966292134831461,0.30337078651685395,0,0.0,,2026,2026
Chris Terrell,New Mexico St.,5,6,1,4,5,2,1,4,1,0,0,0,chris terrell,G,Sr,5,6,11,0.45454545454545453,0.2,11,0.45454545454545453,0.2,9,0.4444444444444444,0.5,20,0.45,0.3333333333333333,5,0.2,1.0,0.4,25,0.44,0.36,0.2,0.8,0,0.0,,2026,2026
Davion Hill,Ball St.,21,14,5,3,10,0,10,19,9,0,0,0,davion hill,G,So,21,14,35,0.6,0.23809523809523808,35,0.6,0.23809523809523808,13,0.23076923076923078,0.0,48,0.5,0.20833333333333334,29,0.3448275862068966,0.9,0.4117647058823529,77,0.45454545454545453,0.16883116883116883,0.37662337662337664,0.6233766233766234,0,0.0,,2026,2026
Fazl Oshodi,Southern,1,3,1,0,3,0,15,12,12,0,0,0,fazl oshodi,G,So,1,3,4,0.25,1.0,4,0.25,1.0,3,0.0,,7,0.14285714285714285,1.0,27,0.5555555555555556,0.8,0.8125,34,0.11764705882352941,0.08823529411764706,0.7941176470588235,0.20588235294117646,0,0.0,,2026,2026
Armelo Boone,Western Kentucky,17,14,5,11,15,2,4,15,3,7,4,4,armelo boone,G,Fr,10,10,20,0.5,0.1,31,0.5483870967741935,0.29411764705882354,26,0.4230769230769231,0.18181818181818182,57,0.49122807017543857,0.25,19,0.21052631578947367,0.75,0.3125,76,0.40789473684210525,0.34210526315789475,0.25,0.75,11,0.14473684210526316,0.6363636363636364,2026,2026
Meleek Thomas,Arkansas,13,9,3,14,21,6,23,43,16,1,1,0,meleek thomas,G,Fr,12,8,20,0.6,0.25,22,0.5909090909090909,0.23076923076923078,35,0.4,0.42857142857142855,57,0.47368421052631576,0.3333333333333333,66,0.3484848484848485,0.6956521739130435,0.5,123,0.17886178861788618,0.2845528455284553,0.5365853658536586,0.4634146341463415,2,0.016260162601626018,0.5,2026,2026
Anthony Wrzeszcz,New Mexico St.,2,0,1,0,0,0,9,18,8,0,0,0,anthony wrzeszcz,G,Sr,2,0,2,1.0,0.5,2,1.0,0.5,0,,,2,1.0,0.5,27,0.3333333333333333,0.8888888888888888,0.8181818181818182,29,0.06896551724137931,0.0,0.9310344827586207,0.06896551724137931,0,0.0,,2026,2026
Brandon Benjamin,Fairfield,44,31,17,5,6,2,1,4,1,2,2,2,brandon benjamin,F,Fr,42,29,71,0.5915492957746479,0.35714285714285715,75,0.5866666666666667,0.38636363636363635,11,0.45454545454545453,0.4,86,0.5697674418604651,0.3877551020408163,5,0.2,1.0,0.4,91,0.8241758241758241,0.12087912087912088,0.054945054945054944,0.945054945054945,4,0.04395604395604396,0.5,2026,2026
Bryson Tiller,Kansas,14,8,12,8,13,4,7,16,7,7,0,7,bryson tiller,F,Fr,7,8,15,0.4666666666666667,0.7142857142857143,22,0.6363636363636364,0.8571428571428571,21,0.38095238095238093,0.5,43,0.5116279069767442,0.7272727272727273,23,0.30434782608695654,1.0,0.7931034482758621,66,0.3333333333333333,0.3181818181818182,0.3484848484848485,0.6515151515151515,7,0.10606060606060606,1.0,2026,2026
Darryn Peterson,Kansas,5,1,0,4,3,2,6,6,5,2,0,0,darryn peterson,G,Fr,3,1,4,0.75,0.0,6,0.8333333333333334,0.0,7,0.5714285714285714,0.5,13,0.6923076923076923,0.2222222222222222,12,0.5,0.8333333333333334,0.4666666666666667,25,0.24,0.28,0.48,0.52,2,0.08,1.0,2026,2026
Charlie OSullivan,Brown,3,0,1,2,1,1,4,7,4,0,0,0,charlie osullivan,F,Fr,3,0,3,1.0,0.3333333333333333,3,1.0,0.3333333333333333,3,0.6666666666666666,0.5,6,0.8333333333333334,0.4,11,0.36363636363636365,1.0,0.6666666666666666,17,0.17647058823529413,0.17647058823529413,0.6470588235294118,0.35294117647058826,0,0.0,,2026,2026
Patton Pinkins,Mississippi,3,2,1,10,9,8,9,11,9,0,0,0,patton pinkins,G,Fr,3,2,5,0.6,0.3333333333333333,5,0.6,0.3333333333333333,19,0.5263157894736842,0.8,24,0.5416666666666666,0.6923076923076923,20,0.45,1.0,0.8181818181818182,44,0.11363636363636363,0.4318181818181818,0.45454545454545453,0.5454545454545454,0,0.0,,2026,2026
Toby Harris,Iona,6,2,5,1,4,0,24,31,22,3,0,3,toby harris,F,Sr,3,2,5,0.6,0.6666666666666666,8,0.75,0.8333333333333334,5,0.2,0.0,13,0.5384615384615384,0.7142857142857143,55,0.43636363636363634,0.9166666666666666,0.8709677419354839,68,0.11764705882352941,0.07352941176470588,0.8088235294117647,0.19117647058823528,3,0.04411764705882353,1.0,2026,2026
Francis Chukwudebelu,Santa Clara,7,0,5,0,2,0,0,1,0,2,0,2,francis chukwudebelu,C,Fr,5,0,5,1.0,0.6,7,1.0,0.7142857142857143,2,0.0,,9,0.7777777777777778,0.7142857142857143,1,0.0,,0.7142857142857143,10,0.7,0.2,0.1,0.9,2,0.2,1.0,2026,2026
Franck Yetna,Texas A&M Corpus Chris,10,9,7,1,6,0,2,10,2,2,0,2,franck yetna,G,Sr,8,9,17,0.47058823529411764,0.625,19,0.5263157894736842,0.7,7,0.14285714285714285,0.0,26,0.4230769230769231,0.6363636363636364,12,0.16666666666666666,1.0,0.6923076923076923,38,0.5,0.18421052631578946,0.3157894736842105,0.6842105263157895,2,0.05263157894736842,1.0,2026,2026
Josh Hayes,Utah,13,5,12,2,1,1,0,0,0,4,0,4,josh hayes,C,Jr,9,5,14,0.6428571428571429,0.8888888888888888,18,0.7222222222222222,0.9230769230769231,3,0.6666666666666666,0.5,21,0.7142857142857143,0.8666666666666667,0,,,0.8666666666666667,21,0.8571428571428571,0.14285714285714285,0.0,1.0,4,0.19047619047619047,1.0,2026,2026
Mason Gibson,Texas A&M Corpus Chris,4,8,2,0,7,0,10,11,8,0,0,0,mason gibson,G,Sr,4,8,12,0.3333333333333333,0.5,12,0.3333333333333333,0.5,7,0.0,,19,0.21052631578947367,0.5,21,0.47619047619047616,0.8,0.7142857142857143,40,0.3,0.175,0.525,0.475,0,0.0,,2026,2026
Patrick D'Arcy,East Carolina,0,0,0,0,0,0,3,4,3,0,0,0,patrick d'arcy,G,Fr,0,0,0,,,0,,,0,,,0,,,7,0.42857142857142855,1.0,1.0,7,0.0,0.0,1.0,0.0,0,0.0,,2026,2026
Christian Jeffrey,Villanova,3,6,1,2,2,0,3,5,3,0,0,0,christian jeffrey,G,Fr,3,6,9,0.3333333333333333,0.3333333333333333,9,0.3333333333333333,0.3333333333333333,4,0.5,0.0,13,0.38461538461538464,0.2,8,0.375,1.0,0.5,21,0.42857142857142855,0.19047619047619047,0.38095238095238093,0.6190476190476191,0,0.0,,2026,2026
Will Garlock,Wisconsin,1,1,0,1,0,0,0,0,0,0,0,0,will garlock,G,Fr,1,1,2,0.5,0.0,2,0.5,0.0,1,1.0,0.0,3,0.6666666666666666,0.0,0,,,0.0,3,0.6666666666666666,0.3333333333333333,0.0,1.0,0,0.0,,2026,2026
Darius Adams,Maryland,15,12,4,3,16,1,13,37,11,1,0,1,darius adams,G,Fr,14,12,26,0.5384615384615384,0.21428571428571427,27,0.5555555555555556,0.26666666666666666,19,0.15789473684210525,0.3333333333333333,46,0.391304347826087,0.2777777777777778,50,0.26,0.8461538461538461,0.5161290322580645,96,0.28125,0.19791666666666666,0.5208333333333334,0.4791666666666667,1,0.010416666666666666,1.0,2026,2026
Tae Simmons,San Diego St.,9,3,7,2,2,0,2,2,2,5,1,5,tae simmons,F,Fr,4,2,6,0.6666666666666666,0.5,12,0.75,0.7777777777777778,4,0.5,0.0,16,0.6875,0.6363636363636364,4,0.5,1.0,0.6923076923076923,20,0.6,0.2,0.2,0.8,6,0.3,0.8333333333333334,2026,2026
Stevie Elam,Milwaukee,6,6,2,1,5,0,14,23,13,0,0,0,stevie elam,G,Fr,6,6,12,0.5,0.3333333333333333,12,0.5,0.3333333333333333,6,0.16666666666666666,0.0,18,0.3888888888888889,0.2857142857142857,37,0.3783783783783784,0.9285714285714286,0.7142857142857143,55,0.21818181818181817,0.10909090909090909,0.6727272727272727,0.32727272727272727,0,0.0,,2026,2026
Melih Tunca,Penn St.,26,10,11,3,12,1,9,11,7,1,0,1,melih tunca,G,Fr,25,10,35,0.7142857142857143,0.4,36,0.7222222222222222,0.4230769230769231,15,0.2,0.3333333333333333,51,0.5686274509803921,0.41379310344827586,20,0.45,0.7777777777777778,0.5,71,0.5070422535211268,0.2112676056338028,0.28169014084507044,0.7183098591549296,1,0.014084507042253521,1.0,2026,2026
Christian Jones,Siena,1,4,0,3,6,0,9,21,7,0,0,0,christian jones,G,So,1,4,5,0.2,0.0,5,0.2,0.0,9,0.3333333333333333,0.0,14,0.2857142857142857,0.0,30,0.3,0.7777777777777778,0.5384615384615384,44,0.11363636363636363,0.20454545454545456,0.6818181818181818,0.3181818181818182,0,0.0,,2026,2026
Christian Jones,Siena,1,4,0,3,6,0,9,21,7,0,0,0,christian jones,G,So,1,4,5,0.2,0.0,5,0.2,0.0,9,0.3333333333333333,0.0,14,0.2857142857142857,0.0,30,0.3,0.7777777777777778,0.5384615384615384,44,0.11363636363636363,0.20454545454545456,0.6818181818181818,0.3181818181818182,0,0.0,,2026,2026
Kayden Mingo,Penn St.,40,21,10,6,10,3,6,24,4,1,0,1,kayden mingo,G,Fr,39,21,60,0.65,0.23076923076923078,61,0.6557377049180327,0.25,16,0.375,0.5,77,0.5974025974025974,0.2826086956521739,30,0.2,0.6666666666666666,0.3269230769230769,107,0.5700934579439252,0.14953271028037382,0.2803738317757009,0.719626168224299,1,0.009345794392523364,1.0,2026,2026
Ivan Juric,Penn St.,30,9,16,1,0,0,4,5,4,6,0,5,ivan juric,F,Fr,24,9,33,0.7272727272727273,0.4583333333333333,39,0.7692307692307693,0.5333333333333333,1,1.0,0.0,40,0.775,0.5161290322580645,9,0.4444444444444444,1.0,0.5714285714285714,49,0.7959183673469388,0.02040816326530612,0.1836734693877551,0.8163265306122449,6,0.12244897959183673,1.0,2026,2026
Olavi Suutela,Oregon St.,16,4,12,3,1,3,3,6,3,0,0,0,olavi suutela,F,Fr,16,4,20,0.8,0.75,20,0.8,0.75,4,0.75,1.0,24,0.7916666666666666,0.7894736842105263,9,0.3333333333333333,1.0,0.8181818181818182,33,0.6060606060606061,0.12121212121212122,0.2727272727272727,0.7272727272727273,0,0.0,,2026,2026
Emeka Opurum,Auburn,10,3,9,0,0,0,0,0,0,7,0,7,emeka opurum,C,So,3,3,6,0.5,0.6666666666666666,13,0.7692307692307693,0.9,0,,,13,0.7692307692307693,0.9,0,,,0.9,13,1.0,0.0,0.0,1.0,7,0.5384615384615384,1.0,2026,2026
Elyjah Freeman,Auburn,21,10,6,2,7,0,5,16,4,9,0,6,elyjah freeman,F,So,12,10,22,0.5454545454545454,0.0,31,0.6774193548387096,0.2857142857142857,9,0.2222222222222222,0.0,40,0.575,0.2608695652173913,21,0.23809523809523808,0.8,0.35714285714285715,61,0.5081967213114754,0.14754098360655737,0.3442622950819672,0.6557377049180327,9,0.14754098360655737,1.0,2026,2026
Jose Roberto Tanchyn,UMBC,4,1,1,2,4,0,5,5,4,0,0,0,jose roberto tanchyn,F,Jr,4,1,5,0.8,0.25,5,0.8,0.25,6,0.3333333333333333,0.0,11,0.5454545454545454,0.16666666666666666,10,0.5,0.8,0.45454545454545453,21,0.23809523809523808,0.2857142857142857,0.47619047619047616,0.5238095238095238,0,0.0,,2026,2026
Mario Saint-Supery,Gonzaga,8,13,3,2,6,0,11,13,10,0,0,0,mario saint-supery,G,Fr,8,13,21,0.38095238095238093,0.375,21,0.38095238095238093,0.375,8,0.25,0.0,29,0.3448275862068966,0.3,24,0.4583333333333333,0.9090909090909091,0.6190476190476191,53,0.39622641509433965,0.1509433962264151,0.4528301886792453,0.5471698113207547,0,0.0,,2026,2026
Michael Cooper,Wagner,3,9,1,1,4,0,3,7,3,0,0,0,michael cooper,G,Fr,3,9,12,0.25,0.3333333333333333,12,0.25,0.3333333333333333,5,0.2,0.0,17,0.23529411764705882,0.25,10,0.3,1.0,0.5714285714285714,27,0.4444444444444444,0.18518518518518517,0.37037037037037035,0.6296296296296297,0,0.0,,2026,2026
Francis Okwuosah,Western Illinois,4,7,1,6,10,0,13,18,11,0,0,0,francis okwuosah,G,Sr,4,7,11,0.36363636363636365,0.25,11,0.36363636363636365,0.25,16,0.375,0.0,27,0.37037037037037035,0.1,31,0.41935483870967744,0.8461538461538461,0.5217391304347826,58,0.1896551724137931,0.27586206896551724,0.5344827586206896,0.46551724137931033,0,0.0,,2026,2026
Uriyah Rojas,Wyoming,7,4,2,6,8,1,14,16,11,0,0,0,uriyah rojas,G,Jr,7,4,11,0.6363636363636364,0.2857142857142857,11,0.6363636363636364,0.2857142857142857,14,0.42857142857142855,0.16666666666666666,25,0.52,0.23076923076923078,30,0.4666666666666667,0.7857142857142857,0.5185185185185185,55,0.2,0.2545454545454545,0.5454545454545454,0.45454545454545453,0,0.0,,2026,2026
Bryce Cofield,Cal St. Fullerton,33,24,3,6,6,1,4,14,4,1,0,0,bryce cofield,G,Fr,32,24,56,0.5714285714285714,0.09375,57,0.5789473684210527,0.09090909090909091,12,0.5,0.16666666666666666,69,0.5652173913043478,0.10256410256410256,18,0.2222222222222222,1.0,0.18604651162790697,87,0.6551724137931034,0.13793103448275862,0.20689655172413793,0.7931034482758621,1,0.011494252873563218,1.0,2026,2026
Brady Swartz,Western Michigan,10,8,8,1,5,0,14,11,13,2,1,2,brady swartz,F,Fr,8,7,15,0.5333333333333333,0.75,18,0.5555555555555556,0.8,6,0.16666666666666666,0.0,24,0.4583333333333333,0.7272727272727273,25,0.56,0.9285714285714286,0.84,49,0.3673469387755102,0.12244897959183673,0.5102040816326531,0.4897959183673469,3,0.061224489795918366,0.6666666666666666,2026,2026
Davion Hannah,Alabama,7,5,5,1,1,1,2,4,2,3,1,3,davion hannah,G,Fr,4,4,8,0.5,0.5,12,0.5833333333333334,0.7142857142857143,2,0.5,1.0,14,0.5714285714285714,0.75,6,0.3333333333333333,1.0,0.8,20,0.6,0.1,0.3,0.7,4,0.2,0.75,2026,2026
Josiah Parker,Florida Atlantic,4,3,4,2,6,0,0,3,0,3,0,3,josiah parker,G,Fr,1,3,4,0.25,1.0,7,0.5714285714285714,1.0,8,0.25,0.0,15,0.4,0.6666666666666666,3,0.0,,0.6666666666666666,18,0.3888888888888889,0.4444444444444444,0.16666666666666666,0.8333333333333334,3,0.16666666666666666,1.0,2026,2026
Amari Allen,Alabama,17,12,2,1,2,0,12,18,12,2,2,1,amari allen,G,Fr,15,10,25,0.6,0.06666666666666667,29,0.5862068965517241,0.11764705882352941,3,0.3333333333333333,0.0,32,0.5625,0.1111111111111111,30,0.4,1.0,0.4666666666666667,62,0.46774193548387094,0.04838709677419355,0.4838709677419355,0.5161290322580645,4,0.06451612903225806,0.5,2026,2026
London Jemison,Alabama,11,3,8,0,0,0,9,14,9,2,0,2,london jemison,F,Fr,9,3,12,0.75,0.6666666666666666,14,0.7857142857142857,0.7272727272727273,0,,,14,0.7857142857142857,0.7272727272727273,23,0.391304347826087,1.0,0.85,37,0.3783783783783784,0.0,0.6216216216216216,0.3783783783783784,2,0.05405405405405406,1.0,2026,2026
Reese Miller,William & Mary,10,6,6,5,13,0,12,17,12,0,0,0,reese miller,G,Jr,10,6,16,0.625,0.6,16,0.625,0.6,18,0.2777777777777778,0.0,34,0.4411764705882353,0.4,29,0.41379310344827586,1.0,0.6666666666666666,63,0.25396825396825395,0.2857142857142857,0.4603174603174603,0.5396825396825397,0,0.0,,2026,2026
Jayden Smoot,UT Arlington,3,0,1,1,1,1,5,11,5,1,0,0,jayden smoot,G,Fr,2,0,2,1.0,0.5,3,1.0,0.3333333333333333,2,0.5,1.0,5,0.8,0.5,16,0.3125,1.0,0.7777777777777778,21,0.14285714285714285,0.09523809523809523,0.7619047619047619,0.23809523809523808,1,0.047619047619047616,1.0,2026,2026
Antonio Chol,New Mexico,8,3,3,7,8,1,16,27,14,5,0,3,antonio chol,F,Jr,3,3,6,0.5,0.0,11,0.7272727272727273,0.375,15,0.4666666666666667,0.14285714285714285,26,0.5769230769230769,0.26666666666666666,43,0.37209302325581395,0.875,0.5806451612903226,69,0.15942028985507245,0.21739130434782608,0.6231884057971014,0.37681159420289856,5,0.07246376811594203,1.0,2026,2026
Logan McIntire,Central Michigan,0,3,0,0,7,0,17,32,15,0,0,0,logan mcintire,G,Sr,0,3,3,0.0,,3,0.0,,7,0.0,,10,0.0,,49,0.3469387755102041,0.8823529411764706,0.8823529411764706,59,0.05084745762711865,0.11864406779661017,0.8305084745762712,0.1694915254237288,0,0.0,,2026,2026
Cameron Ward,Michigan St.,25,12,19,2,8,0,0,1,0,9,0,8,cameron ward,C,Fr,16,12,28,0.5714285714285714,0.6875,37,0.6756756756756757,0.76,10,0.2,0.0,47,0.574468085106383,0.7037037037037037,1,0.0,,0.7037037037037037,48,0.7708333333333334,0.20833333333333334,0.020833333333333332,0.9791666666666666,9,0.1875,1.0,2026,2026
Tae Dozier,Northern Kentucky,11,6,7,3,3,1,5,15,5,5,0,3,tae dozier,G,Sr,6,6,12,0.5,0.6666666666666666,17,0.6470588235294118,0.6363636363636364,6,0.5,0.3333333333333333,23,0.6086956521739131,0.5714285714285714,20,0.25,1.0,0.6842105263157895,43,0.3953488372093023,0.13953488372093023,0.46511627906976744,0.5348837209302325,5,0.11627906976744186,1.0,2026,2026
Ace Glass lll,Washington St.,10,5,0,13,4,1,19,27,5,0,0,0,ace glass lll,G,Fr,10,5,15,0.6666666666666666,0.0,15,0.6666666666666666,0.0,17,0.7647058823529411,0.07692307692307693,32,0.71875,0.043478260869565216,46,0.41304347826086957,0.2631578947368421,0.14285714285714285,78,0.19230769230769232,0.21794871794871795,0.5897435897435898,0.41025641025641024,0,0.0,,2026,2026
Noah Hill,Wichita St.,4,2,0,0,1,0,0,0,0,1,0,0,noah hill,F,Fr,3,2,5,0.6,0.0,6,0.6666666666666666,0.0,1,0.0,,7,0.5714285714285714,0.0,0,,,0.0,7,0.8571428571428571,0.14285714285714285,0.0,1.0,1,0.14285714285714285,1.0,2026,2026
Dre Kindell,Wichita St.,15,7,0,7,13,0,4,9,3,0,0,0,dre kindell,G,Jr,15,7,22,0.6818181818181818,0.0,22,0.6818181818181818,0.0,20,0.35,0.0,42,0.5238095238095238,0.0,13,0.3076923076923077,0.75,0.11538461538461539,55,0.4,0.36363636363636365,0.23636363636363636,0.7636363636363637,0,0.0,,2026,2026
Hudson Greer,Creighton,5,4,3,1,0,0,6,7,5,1,0,1,hudson greer,F,Fr,4,4,8,0.5,0.5,9,0.5555555555555556,0.6,1,1.0,0.0,10,0.6,0.5,13,0.46153846153846156,0.8333333333333334,0.6666666666666666,23,0.391304347826087,0.043478260869565216,0.5652173913043478,0.43478260869565216,1,0.043478260869565216,1.0,2026,2026
Kerem Konan,Creighton,13,6,10,0,2,0,0,0,0,6,0,6,kerem konan,C,So,7,6,13,0.5384615384615384,0.5714285714285714,19,0.6842105263157895,0.7692307692307693,2,0.0,,21,0.6190476190476191,0.7692307692307693,0,,,0.7692307692307693,21,0.9047619047619048,0.09523809523809523,0.0,1.0,6,0.2857142857142857,1.0,2026,2026
Jacobe Coleman,Sam Houston St.,6,6,1,6,3,0,10,14,9,2,0,1,jacobe coleman,G,Fr,4,6,10,0.4,0.0,12,0.5,0.16666666666666666,9,0.6666666666666666,0.0,21,0.5714285714285714,0.08333333333333333,24,0.4166666666666667,0.9,0.45454545454545453,45,0.26666666666666666,0.2,0.5333333333333333,0.4666666666666667,2,0.044444444444444446,1.0,2026,2026
Sebastian Williams-Adams,Auburn,21,9,8,4,1,3,2,4,2,3,0,3,sebastian williams-adams,F,Fr,18,9,27,0.6666666666666666,0.2777777777777778,30,0.7,0.38095238095238093,5,0.8,0.75,35,0.7142857142857143,0.44,6,0.3333333333333333,1.0,0.48148148148148145,41,0.7317073170731707,0.12195121951219512,0.14634146341463414,0.8536585365853658,3,0.07317073170731707,1.0,2026,2026
Jalen Griffith,Western Michigan,11,9,2,18,17,4,12,26,10,0,0,0,jalen griffith,G,Jr,11,9,20,0.55,0.18181818181818182,20,0.55,0.18181818181818182,35,0.5142857142857142,0.2222222222222222,55,0.5272727272727272,0.20689655172413793,38,0.3157894736842105,0.8333333333333334,0.3902439024390244,93,0.21505376344086022,0.3763440860215054,0.40860215053763443,0.5913978494623656,0,0.0,,2026,2026
Caleb Sanders,South Florida,3,2,1,1,0,0,3,3,3,0,0,0,caleb sanders,G,Fr,3,2,5,0.6,0.3333333333333333,5,0.6,0.3333333333333333,1,1.0,0.0,6,0.6666666666666666,0.25,6,0.5,1.0,0.5714285714285714,12,0.4166666666666667,0.08333333333333333,0.5,0.5,0,0.0,,2026,2026
Alon Michaeli,Colorado,20,12,9,9,9,1,8,9,8,2,0,1,alon michaeli,F,Fr,18,12,30,0.6,0.4444444444444444,32,0.625,0.45,18,0.5,0.1111111111111111,50,0.58,0.3448275862068966,17,0.47058823529411764,1.0,0.4864864864864865,67,0.47761194029850745,0.26865671641791045,0.2537313432835821,0.746268656716418,2,0.029850746268656716,1.0,2026,2026
Isaiah Johnson,Colorado,22,12,6,2,3,0,14,12,14,0,0,0,isaiah johnson,G,Fr,22,12,34,0.6470588235294118,0.2727272727272727,34,0.6470588235294118,0.2727272727272727,5,0.4,0.0,39,0.6153846153846154,0.25,26,0.5384615384615384,1.0,0.5263157894736842,65,0.5230769230769231,0.07692307692307693,0.4,0.6,0,0.0,,2026,2026
AJ Dybantsa,BYU,34,16,6,15,18,2,7,13,5,8,2,3,aj dybantsa,F,Fr,26,14,40,0.65,0.11538461538461539,50,0.68,0.17647058823529413,33,0.45454545454545453,0.13333333333333333,83,0.5903614457831325,0.16326530612244897,20,0.35,0.7142857142857143,0.23214285714285715,103,0.4854368932038835,0.32038834951456313,0.1941747572815534,0.8058252427184466,10,0.0970873786407767,0.8,2026,2026
Jackson Rasmussen,Idaho,20,10,3,3,2,1,7,15,7,0,0,0,jackson rasmussen,G,Fr,20,10,30,0.6666666666666666,0.15,30,0.6666666666666666,0.15,5,0.6,0.3333333333333333,35,0.6571428571428571,0.17391304347826086,22,0.3181818181818182,1.0,0.36666666666666664,57,0.5263157894736842,0.08771929824561403,0.38596491228070173,0.6140350877192983,0,0.0,,2026,2026
Efe Demirel,Grand Canyon,28,10,20,0,5,0,0,0,0,13,2,13,efe demirel,C,Fr,15,8,23,0.6521739130434783,0.4666666666666667,38,0.7368421052631579,0.7142857142857143,5,0.0,,43,0.6511627906976745,0.7142857142857143,0,,,0.7142857142857143,43,0.8837209302325582,0.11627906976744186,0.0,1.0,15,0.3488372093023256,0.8666666666666667,2026,2026
Nico Ashley,Central Connecticut,6,4,4,4,4,2,0,4,0,1,0,1,nico ashley,F,Sr,5,4,9,0.5555555555555556,0.6,10,0.6,0.6666666666666666,8,0.5,0.5,18,0.5555555555555556,0.6,4,0.0,,0.6,22,0.45454545454545453,0.36363636363636365,0.18181818181818182,0.8181818181818182,1,0.045454545454545456,1.0,2026,2026
Ilias Kamardine,Mississippi,16,5,4,17,21,4,14,23,11,4,0,2,ilias kamardine,G,Sr,12,5,17,0.7058823529411765,0.16666666666666666,21,0.7619047619047619,0.25,38,0.4473684210526316,0.23529411764705882,59,0.559322033898305,0.24242424242424243,37,0.3783783783783784,0.7857142857142857,0.40425531914893614,96,0.21875,0.3958333333333333,0.3854166666666667,0.6145833333333334,4,0.041666666666666664,1.0,2026,2026
Piotr Winkowski,San Diego,5,1,3,1,1,1,0,0,0,2,0,2,piotr winkowski,C,Jr,3,1,4,0.75,0.3333333333333333,6,0.8333333333333334,0.6,2,0.5,1.0,8,0.75,0.6666666666666666,0,,,0.6666666666666666,8,0.75,0.25,0.0,1.0,2,0.25,1.0,2026,2026
Chance Mallory,Virginia,12,10,1,0,3,0,13,14,12,0,0,0,chance mallory,G,Fr,12,10,22,0.5454545454545454,0.08333333333333333,22,0.5454545454545454,0.08333333333333333,3,0.0,,25,0.48,0.08333333333333333,27,0.48148148148148145,0.9230769230769231,0.52,52,0.4230769230769231,0.057692307692307696,0.5192307692307693,0.4807692307692308,0,0.0,,2026,2026
Brycen Blaine,Charleston Southern,18,16,5,7,20,0,34,47,25,0,0,0,brycen blaine,G,Jr,18,16,34,0.5294117647058824,0.2777777777777778,34,0.5294117647058824,0.2777777777777778,27,0.25925925925925924,0.0,61,0.4098360655737705,0.2,81,0.41975308641975306,0.7352941176470589,0.5084745762711864,142,0.23943661971830985,0.19014084507042253,0.5704225352112676,0.4295774647887324,0,0.0,,2026,2026
Ja'Quavian Florence,Tennessee Tech,18,10,3,7,15,1,5,9,5,2,0,0,ja'quavian florence,G,Sr,16,10,26,0.6153846153846154,0.1875,28,0.6428571428571429,0.16666666666666666,22,0.3181818181818182,0.14285714285714285,50,0.5,0.16,14,0.35714285714285715,1.0,0.3,64,0.4375,0.34375,0.21875,0.78125,2,0.03125,1.0,2026,2026
Madden Collins,American,24,13,5,8,6,0,11,29,8,2,0,1,madden collins,G,Fr,22,13,35,0.6285714285714286,0.18181818181818182,37,0.6486486486486487,0.20833333333333334,14,0.5714285714285714,0.0,51,0.6274509803921569,0.15625,40,0.275,0.7272727272727273,0.3023255813953488,91,0.4065934065934066,0.15384615384615385,0.43956043956043955,0.5604395604395604,2,0.02197802197802198,1.0,2026,2026
"Azavier ""Stink"" Robinson",Butler,9,7,2,2,1,2,5,4,5,0,1,0,"azavier ""stink"" robinson",G,Fr,9,6,15,0.6,0.2222222222222222,16,0.5625,0.2222222222222222,3,0.6666666666666666,1.0,19,0.5789473684210527,0.36363636363636365,9,0.5555555555555556,1.0,0.5625,28,0.5714285714285714,0.10714285714285714,0.32142857142857145,0.6785714285714286,1,0.03571428571428571,0.0,2026,2026
Nick Jones,Wagner,17,20,7,11,12,1,9,12,6,6,1,3,nick jones,G,Jr,11,19,30,0.36666666666666664,0.36363636363636365,37,0.4594594594594595,0.4117647058823529,23,0.4782608695652174,0.09090909090909091,60,0.4666666666666667,0.2857142857142857,21,0.42857142857142855,0.6666666666666666,0.3783783783783784,81,0.4567901234567901,0.2839506172839506,0.25925925925925924,0.7407407407407407,7,0.08641975308641975,0.8571428571428571,2026,2026
Luke Almodovar,Southeast Missouri St.,17,13,2,8,8,1,20,36,17,4,0,1,luke almodovar,G,Jr,13,13,26,0.5,0.07692307692307693,30,0.5666666666666667,0.11764705882352941,16,0.5,0.125,46,0.5434782608695652,0.12,56,0.35714285714285715,0.85,0.4444444444444444,102,0.29411764705882354,0.1568627450980392,0.5490196078431373,0.45098039215686275,4,0.0392156862745098,1.0,2026,2026
Mateo Esmeraldo,Lipscomb,18,16,6,3,6,1,6,19,6,0,0,0,mateo esmeraldo,G,Jr,18,16,34,0.5294117647058824,0.3333333333333333,34,0.5294117647058824,0.3333333333333333,9,0.3333333333333333,0.3333333333333333,43,0.4883720930232558,0.3333333333333333,25,0.24,1.0,0.48148148148148145,68,0.5,0.1323529411764706,0.36764705882352944,0.6323529411764706,0,0.0,,2026,2026
Dillon Watt,Army,2,0,0,0,0,0,0,1,0,0,0,0,dillon watt,G,Fr,2,0,2,1.0,0.0,2,1.0,0.0,0,,,2,1.0,0.0,1,0.0,,0.0,3,0.6666666666666666,0.0,0.3333333333333333,0.6666666666666666,0,0.0,,2026,2026
Jake Davis,Cal Poly,13,11,2,0,2,0,8,30,5,0,0,0,jake davis,G,Jr,13,11,24,0.5416666666666666,0.15384615384615385,24,0.5416666666666666,0.15384615384615385,2,0.0,,26,0.5,0.15384615384615385,38,0.21052631578947367,0.625,0.3333333333333333,64,0.375,0.03125,0.59375,0.40625,0,0.0,,2026,2026
Biko Johnson,Idaho,7,7,0,3,7,0,10,26,9,0,0,0,biko johnson,G,Sr,7,7,14,0.5,0.0,14,0.5,0.0,10,0.3,0.0,24,0.4166666666666667,0.0,36,0.2777777777777778,0.9,0.45,60,0.23333333333333334,0.16666666666666666,0.6,0.4,0,0.0,,2026,2026
Ebuka Okorie,Stanford,30,21,1,9,12,1,15,30,10,0,0,0,ebuka okorie,G,Fr,30,21,51,0.5882352941176471,0.03333333333333333,51,0.5882352941176471,0.03333333333333333,21,0.42857142857142855,0.1111111111111111,72,0.5416666666666666,0.05128205128205128,45,0.3333333333333333,0.6666666666666666,0.2222222222222222,117,0.4358974358974359,0.1794871794871795,0.38461538461538464,0.6153846153846154,0,0.0,,2026,2026
Oskar Giltay,Stanford,6,1,1,1,0,1,0,0,0,1,0,1,oskar giltay,C,Fr,5,1,6,0.8333333333333334,0.0,7,0.8571428571428571,0.16666666666666666,1,1.0,1.0,8,0.875,0.2857142857142857,0,,,0.2857142857142857,8,0.875,0.125,0.0,1.0,1,0.125,1.0,2026,2026
Roman Domon,Murray St.,20,8,7,6,2,2,9,21,8,4,1,2,roman domon,F,Fr,16,7,23,0.6956521739130435,0.3125,28,0.7142857142857143,0.35,8,0.75,0.3333333333333333,36,0.7222222222222222,0.34615384615384615,30,0.3,0.8888888888888888,0.4857142857142857,66,0.42424242424242425,0.12121212121212122,0.45454545454545453,0.5454545454545454,5,0.07575757575757576,0.8,2026,2026
Matt Compas,IU Indy,35,14,6,11,22,2,6,14,5,5,0,3,matt compas,G,Sr,30,14,44,0.6818181818181818,0.1,49,0.7142857142857143,0.17142857142857143,33,0.3333333333333333,0.18181818181818182,82,0.5609756097560976,0.17391304347826086,20,0.3,0.8333333333333334,0.25,102,0.4803921568627451,0.3235294117647059,0.19607843137254902,0.803921568627451,5,0.049019607843137254,1.0,2026,2026
Keaton Wagler,Illinois,17,8,4,4,13,0,14,27,9,0,0,0,keaton wagler,G,Fr,17,8,25,0.68,0.23529411764705882,25,0.68,0.23529411764705882,17,0.23529411764705882,0.0,42,0.5,0.19047619047619047,41,0.34146341463414637,0.6428571428571429,0.37142857142857144,83,0.30120481927710846,0.20481927710843373,0.4939759036144578,0.5060240963855421,0,0.0,,2026,2026
Anthony Johnson,Arizona St.,30,22,11,1,2,1,6,8,6,7,3,3,anthony johnson,G,Sr,23,19,42,0.5476190476190477,0.34782608695652173,52,0.5769230769230769,0.36666666666666664,3,0.3333333333333333,1.0,55,0.5636363636363636,0.3870967741935484,14,0.42857142857142855,1.0,0.4864864864864865,69,0.7536231884057971,0.043478260869565216,0.2028985507246377,0.7971014492753623,10,0.14492753623188406,0.7,2026,2026
Massamba Diop,Arizona St.,31,12,23,7,11,3,2,3,2,13,2,12,massamba diop,F,Fr,18,10,28,0.6428571428571429,0.6111111111111112,43,0.7209302325581395,0.7419354838709677,18,0.3888888888888889,0.42857142857142855,61,0.6229508196721312,0.6842105263157895,5,0.4,1.0,0.7,66,0.6515151515151515,0.2727272727272727,0.07575757575757576,0.9242424242424242,15,0.22727272727272727,0.8666666666666667,2026,2026
Tre Singleton,Northwestern,13,3,8,3,5,1,5,12,5,0,0,0,tre singleton,F,Fr,13,3,16,0.8125,0.6153846153846154,16,0.8125,0.6153846153846154,8,0.375,0.3333333333333333,24,0.6666666666666666,0.5625,17,0.29411764705882354,1.0,0.6666666666666666,41,0.3902439024390244,0.1951219512195122,0.4146341463414634,0.5853658536585366,0,0.0,,2026,2026
Adam Olsen,South Alabama,9,14,2,6,5,2,32,41,32,0,0,0,adam olsen,F,Jr,9,14,23,0.391304347826087,0.2222222222222222,23,0.391304347826087,0.2222222222222222,11,0.5454545454545454,0.3333333333333333,34,0.4411764705882353,0.26666666666666666,73,0.4383561643835616,1.0,0.7659574468085106,107,0.21495327102803738,0.102803738317757,0.6822429906542056,0.3177570093457944,0,0.0,,2026,2026
Peyton Law,South Alabama,46,17,22,4,9,3,0,1,0,11,0,8,peyton law,F,Sr,35,17,52,0.6730769230769231,0.4,63,0.7301587301587301,0.4782608695652174,13,0.3076923076923077,0.75,76,0.6578947368421053,0.5,1,0.0,,0.5,77,0.8181818181818182,0.16883116883116883,0.012987012987012988,0.987012987012987,11,0.14285714285714285,1.0,2026,2026
Thijs De Ridder,Virginia,28,10,8,17,21,10,9,13,9,4,0,2,thijs de ridder,F,Fr,24,10,34,0.7058823529411765,0.25,38,0.7368421052631579,0.2857142857142857,38,0.4473684210526316,0.5882352941176471,76,0.5921052631578947,0.4,22,0.4090909090909091,1.0,0.5,98,0.3877551020408163,0.3877551020408163,0.22448979591836735,0.7755102040816326,4,0.04081632653061224,1.0,2026,2026
Dillan Shaw,Saint Mary's,9,5,5,1,5,0,9,10,9,2,1,1,dillan shaw,F,Fr,7,4,11,0.6363636363636364,0.5714285714285714,14,0.6428571428571429,0.5555555555555556,6,0.16666666666666666,0.0,20,0.5,0.5,19,0.47368421052631576,1.0,0.7368421052631579,39,0.358974358974359,0.15384615384615385,0.48717948717948717,0.5128205128205128,3,0.07692307692307693,0.6666666666666666,2026,2026
Eli Beard,Drexel,12,7,3,3,12,1,15,28,15,0,0,0,eli beard,G,Sr,12,7,19,0.631578947368421,0.25,19,0.631578947368421,0.25,15,0.2,0.3333333333333333,34,0.4411764705882353,0.26666666666666666,43,0.3488372093023256,1.0,0.6333333333333333,77,0.24675324675324675,0.19480519480519481,0.5584415584415584,0.44155844155844154,0,0.0,,2026,2026
Omer Mayer,Purdue,7,4,2,8,10,1,9,25,6,2,0,0,omer mayer,G,Fr,5,4,9,0.5555555555555556,0.4,11,0.6363636363636364,0.2857142857142857,18,0.4444444444444444,0.125,29,0.5172413793103449,0.2,34,0.2647058823529412,0.6666666666666666,0.375,63,0.1746031746031746,0.2857142857142857,0.5396825396825397,0.4603174603174603,2,0.031746031746031744,1.0,2026,2026
Christian Gurdak,Virginia Tech,13,10,6,0,2,0,0,0,0,1,0,1,christian gurdak,C,Fr,12,10,22,0.5454545454545454,0.4166666666666667,23,0.5652173913043478,0.46153846153846156,2,0.0,,25,0.52,0.46153846153846156,0,,,0.46153846153846156,25,0.92,0.08,0.0,1.0,1,0.04,1.0,2026,2026
Mason Klabo,Illinois St.,6,2,2,3,4,2,11,11,9,1,1,0,mason klabo,G,Fr,5,1,6,0.8333333333333334,0.4,8,0.75,0.3333333333333333,7,0.42857142857142855,0.6666666666666666,15,0.6,0.4444444444444444,22,0.5,0.8181818181818182,0.65,37,0.21621621621621623,0.1891891891891892,0.5945945945945946,0.40540540540540543,2,0.05405405405405406,0.5,2026,2026
Mouhamed Sylla,Georgia Tech,43,22,30,4,6,2,1,3,1,23,6,19,mouhamed sylla,C,Fr,20,16,36,0.5555555555555556,0.55,65,0.6615384615384615,0.6976744186046512,10,0.4,0.5,75,0.6266666666666667,0.6808510638297872,4,0.25,1.0,0.6875,79,0.8227848101265823,0.12658227848101267,0.05063291139240506,0.9493670886075949,29,0.3670886075949367,0.7931034482758621,2026,2026
Isaac Hawkins,Utah Valley,9,4,8,3,1,2,1,2,1,6,1,5,isaac hawkins,F,Jr,3,3,6,0.5,1.0,13,0.6923076923076923,0.8888888888888888,4,0.75,0.6666666666666666,17,0.7058823529411765,0.8333333333333334,3,0.3333333333333333,1.0,0.8461538461538461,20,0.65,0.2,0.15,0.85,7,0.35,0.8571428571428571,2026,2026
Dwayne Aristode,Arizona,5,4,2,1,1,1,12,14,12,0,0,0,dwayne aristode,F,Fr,5,4,9,0.5555555555555556,0.4,9,0.5555555555555556,0.4,2,0.5,1.0,11,0.5454545454545454,0.5,26,0.46153846153846156,1.0,0.8333333333333334,37,0.24324324324324326,0.05405405405405406,0.7027027027027027,0.2972972972972973,0,0.0,,2026,2026
Tate Sage,Iowa,13,7,10,0,1,0,4,11,4,4,1,4,tate sage,G,Fr,9,6,15,0.6,0.6666666666666666,20,0.65,0.7692307692307693,1,0.0,,21,0.6190476190476191,0.7692307692307693,15,0.26666666666666666,1.0,0.8235294117647058,36,0.5555555555555556,0.027777777777777776,0.4166666666666667,0.5833333333333334,5,0.1388888888888889,0.8,2026,2026
Nigel James Jr.,Marquette,33,31,8,4,6,3,6,16,5,1,0,0,nigel james jr.,G,Fr,32,31,63,0.5079365079365079,0.25,64,0.515625,0.24242424242424243,10,0.4,0.75,74,0.5,0.2972972972972973,22,0.2727272727272727,0.8333333333333334,0.37209302325581395,96,0.6666666666666666,0.10416666666666667,0.22916666666666666,0.7708333333333334,1,0.010416666666666666,1.0,2026,2026
Chol Machot,Charleston,23,5,18,3,7,1,2,3,2,12,0,10,chol machot,C,So,11,5,16,0.6875,0.7272727272727273,28,0.8214285714285714,0.782608695652174,10,0.3,0.3333333333333333,38,0.6842105263157895,0.7307692307692307,5,0.4,1.0,0.75,43,0.6511627906976745,0.23255813953488372,0.11627906976744186,0.8837209302325582,12,0.27906976744186046,1.0,2026,2026
Victory Onuetu,Hofstra,18,10,13,5,2,1,0,0,0,8,1,8,victory onuetu,C,Fr,10,9,19,0.5263157894736842,0.5,28,0.6428571428571429,0.7222222222222222,7,0.7142857142857143,0.2,35,0.6571428571428571,0.6086956521739131,0,,,0.6086956521739131,35,0.8,0.2,0.0,1.0,9,0.2571428571428571,0.8888888888888888,2026,2026
Ryder Frost,Notre Dame,2,0,1,1,0,1,7,15,7,0,0,0,ryder frost,F,Fr,2,0,2,1.0,0.5,2,1.0,0.5,1,1.0,1.0,3,1.0,0.6666666666666666,22,0.3181818181818182,1.0,0.9,25,0.08,0.04,0.88,0.12,0,0.0,,2026,2026
Preston Fowler,James Madison,2,2,0,1,1,0,16,21,16,0,0,0,preston fowler,F,Fr,2,2,4,0.5,0.0,4,0.5,0.0,2,0.5,0.0,6,0.5,0.0,37,0.43243243243243246,1.0,0.8421052631578947,43,0.09302325581395349,0.046511627906976744,0.8604651162790697,0.13953488372093023,0,0.0,,2026,2026
Zayden High,North Carolina,5,7,4,1,3,0,1,2,1,0,1,0,zayden high,F,So,5,6,11,0.45454545454545453,0.8,12,0.4166666666666667,0.8,4,0.25,0.0,16,0.375,0.6666666666666666,3,0.3333333333333333,1.0,0.7142857142857143,19,0.631578947368421,0.21052631578947367,0.15789473684210525,0.8421052631578947,1,0.05263157894736842,0.0,2026,2026
Ian Scott,Indiana St.,33,17,27,1,0,1,5,4,5,7,1,7,ian scott,G,So,26,16,42,0.6190476190476191,0.7692307692307693,50,0.66,0.8181818181818182,1,1.0,1.0,51,0.6666666666666666,0.8235294117647058,9,0.5555555555555556,1.0,0.8461538461538461,60,0.8333333333333334,0.016666666666666666,0.15,0.85,8,0.13333333333333333,0.875,2026,2026
Jo Van Buggenhout,Indiana St.,3,2,0,0,3,0,7,10,5,0,0,0,jo van buggenhout,G,Jr,3,2,5,0.6,0.0,5,0.6,0.0,3,0.0,,8,0.375,0.0,17,0.4117647058823529,0.7142857142857143,0.5,25,0.2,0.12,0.68,0.32,0,0.0,,2026,2026
Ethan Simmon,Stony Brook,1,1,0,0,1,0,3,6,3,0,0,0,ethan simmon,G,Sr,1,1,2,0.5,0.0,2,0.5,0.0,1,0.0,,3,0.3333333333333333,0.0,9,0.3333333333333333,1.0,0.75,12,0.16666666666666666,0.08333333333333333,0.75,0.25,0,0.0,,2026,2026
Brett White,Oakland,0,0,0,3,0,1,15,26,15,0,0,0,brett white,F,Sr,0,0,0,,,0,,,3,1.0,0.3333333333333333,3,1.0,0.3333333333333333,41,0.36585365853658536,1.0,0.8888888888888888,44,0.0,0.06818181818181818,0.9318181818181818,0.06818181818181818,0,0.0,,2026,2026
Troy Henderson,Tennessee,0,1,0,0,1,0,4,14,4,0,0,0,troy henderson,G,Fr,0,1,1,0.0,,1,0.0,,1,0.0,,2,0.0,,18,0.2222222222222222,1.0,1.0,20,0.05,0.05,0.9,0.1,0,0.0,,2026,2026
DeWayne Brown II,Tennessee,10,7,9,6,1,5,0,0,0,2,0,2,dewayne brown ii,C,Fr,8,7,15,0.5333333333333333,0.875,17,0.5882352941176471,0.9,7,0.8571428571428571,0.8333333333333334,24,0.6666666666666666,0.875,0,,,0.875,24,0.7083333333333334,0.2916666666666667,0.0,1.0,2,0.08333333333333333,1.0,2026,2026
Nate Ament,Tennessee,22,24,7,11,21,0,13,32,11,2,0,2,nate ament,F,Fr,20,24,44,0.45454545454545453,0.25,46,0.4782608695652174,0.3181818181818182,32,0.34375,0.0,78,0.4230769230769231,0.21212121212121213,45,0.28888888888888886,0.8461538461538461,0.391304347826087,123,0.37398373983739835,0.2601626016260163,0.36585365853658536,0.6341463414634146,2,0.016260162601626018,1.0,2026,2026
Ethan Burg,Tennessee,2,3,1,0,3,0,7,8,7,0,0,0,ethan burg,G,So,2,3,5,0.4,0.5,5,0.4,0.5,3,0.0,,8,0.25,0.5,15,0.4666666666666667,1.0,0.8888888888888888,23,0.21739130434782608,0.13043478260869565,0.6521739130434783,0.34782608695652173,0,0.0,,2026,2026
Mikel Brown Jr.,Louisville,22,7,6,3,11,0,17,49,9,7,1,3,mikel brown jr.,G,Fr,15,6,21,0.7142857142857143,0.2,29,0.7586206896551724,0.2727272727272727,14,0.21428571428571427,0.0,43,0.5813953488372093,0.24,66,0.25757575757575757,0.5294117647058824,0.35714285714285715,109,0.26605504587155965,0.12844036697247707,0.6055045871559633,0.3944954128440367,8,0.07339449541284404,0.875,2026,2026
Neoklis Avdalas,Virginia Tech,14,1,3,15,30,2,17,32,11,1,0,1,neoklis avdalas,F,Fr,13,1,14,0.9285714285714286,0.15384615384615385,15,0.9333333333333333,0.21428571428571427,45,0.3333333333333333,0.13333333333333333,60,0.48333333333333334,0.1724137931034483,49,0.3469387755102041,0.6470588235294118,0.34782608695652173,109,0.13761467889908258,0.41284403669724773,0.44954128440366975,0.5504587155963303,1,0.009174311926605505,1.0,2026,2026
Xavier Abreu,Northeastern,20,9,7,3,8,1,7,13,5,5,0,3,xavier abreu,G,Fr,15,9,24,0.625,0.26666666666666666,29,0.6896551724137931,0.35,11,0.2727272727272727,0.3333333333333333,40,0.575,0.34782608695652173,20,0.35,0.7142857142857143,0.43333333333333335,60,0.48333333333333334,0.18333333333333332,0.3333333333333333,0.6666666666666666,5,0.08333333333333333,1.0,2026,2026
Chris Komin,Northern Arizona,0,3,0,0,0,0,4,3,4,0,0,0,chris komin,G,Fr,0,3,3,0.0,,3,0.0,,0,,,3,0.0,,7,0.5714285714285714,1.0,1.0,10,0.3,0.0,0.7,0.3,0,0.0,,2026,2026
Quinn Woidke,Kent St.,2,2,0,1,2,0,16,20,13,0,0,0,quinn woidke,G,Fr,2,2,4,0.5,0.0,4,0.5,0.0,3,0.3333333333333333,0.0,7,0.42857142857142855,0.0,36,0.4444444444444444,0.8125,0.6842105263157895,43,0.09302325581395349,0.06976744186046512,0.8372093023255814,0.16279069767441862,0,0.0,,2026,2026
Omer Hamama,Kent St.,5,2,1,3,2,0,1,5,1,0,0,0,omer hamama,G,Fr,5,2,7,0.7142857142857143,0.2,7,0.7142857142857143,0.2,5,0.6,0.0,12,0.6666666666666666,0.125,6,0.16666666666666666,1.0,0.2222222222222222,18,0.3888888888888889,0.2777777777777778,0.3333333333333333,0.6666666666666666,0,0.0,,2026,2026
Doyel Cockrill III,Chicago St.,2,1,0,3,6,0,12,13,8,0,0,0,doyel cockrill iii,G,Jr,2,1,3,0.6666666666666666,0.0,3,0.6666666666666666,0.0,9,0.3333333333333333,0.0,12,0.4166666666666667,0.0,25,0.48,0.6666666666666666,0.47058823529411764,37,0.08108108108108109,0.24324324324324326,0.6756756756756757,0.32432432432432434,0,0.0,,2026,2026
Kareem Stagg,Georgia,14,4,9,0,0,0,1,7,1,9,0,8,kareem stagg,F,Fr,5,4,9,0.5555555555555556,0.2,18,0.7777777777777778,0.6428571428571429,0,,,18,0.7777777777777778,0.6428571428571429,8,0.125,1.0,0.6666666666666666,26,0.6923076923076923,0.0,0.3076923076923077,0.6923076923076923,9,0.34615384615384615,1.0,2026,2026
"AJ Dent, Jr",Tarleton St.,2,1,0,1,1,0,2,3,1,0,0,0,"aj dent, jr",G,Jr,2,1,3,0.6666666666666666,0.0,3,0.6666666666666666,0.0,2,0.5,0.0,5,0.6,0.0,5,0.4,0.5,0.2,10,0.3,0.2,0.5,0.5,0,0.0,,2026,2026
Leroy Kelly IV,Tarleton St.,6,2,3,4,3,2,2,9,2,0,0,0,leroy kelly iv,G,Fr,6,2,8,0.75,0.5,8,0.75,0.5,7,0.5714285714285714,0.5,15,0.6666666666666666,0.5,11,0.18181818181818182,1.0,0.5833333333333334,26,0.3076923076923077,0.2692307692307692,0.4230769230769231,0.5769230769230769,0,0.0,,2026,2026
Tyler Robbins,Miami OH,6,5,4,0,0,0,2,2,2,1,0,1,tyler robbins,C,Fr,5,5,10,0.5,0.6,11,0.5454545454545454,0.6666666666666666,0,,,11,0.5454545454545454,0.6666666666666666,4,0.5,1.0,0.75,15,0.7333333333333333,0.0,0.26666666666666666,0.7333333333333333,1,0.06666666666666667,1.0,2026,2026
Kyle Waltz,Miami OH,2,1,2,0,0,0,2,3,2,0,0,0,kyle waltz,G,Fr,2,1,3,0.6666666666666666,1.0,3,0.6666666666666666,1.0,0,,,3,0.6666666666666666,1.0,5,0.4,1.0,1.0,8,0.375,0.0,0.625,0.375,0,0.0,,2026,2026
Andrew Urosevic,Lehigh,2,0,0,8,5,1,15,31,14,0,0,0,andrew urosevic,G,Fr,2,0,2,1.0,0.0,2,1.0,0.0,13,0.6153846153846154,0.125,15,0.6666666666666666,0.1,46,0.32608695652173914,0.9333333333333333,0.6,61,0.03278688524590164,0.21311475409836064,0.7540983606557377,0.2459016393442623,0,0.0,,2026,2026
Lureon Walker,North Carolina A&T,6,6,4,5,5,1,7,6,5,1,0,1,lureon walker,G,So,5,6,11,0.45454545454545453,0.6,12,0.5,0.6666666666666666,10,0.5,0.2,22,0.5,0.45454545454545453,13,0.5384615384615384,0.7142857142857143,0.5555555555555556,35,0.34285714285714286,0.2857142857142857,0.37142857142857144,0.6285714285714286,1,0.02857142857142857,1.0,2026,2026
Hudson Mayes,UC San Diego,16,7,9,0,1,0,1,0,1,0,0,0,hudson mayes,G,Fr,16,7,23,0.6956521739130435,0.5625,23,0.6956521739130435,0.5625,1,0.0,,24,0.6666666666666666,0.5625,1,1.0,1.0,0.5882352941176471,25,0.92,0.04,0.04,0.96,0,0.0,,2026,2026
Sam Smith,Wagner,6,4,5,6,6,6,4,7,4,2,0,2,sam smith,F,Sr,4,4,8,0.5,0.75,10,0.6,0.8333333333333334,12,0.5,1.0,22,0.5454545454545454,0.9166666666666666,11,0.36363636363636365,1.0,0.9375,33,0.30303030303030304,0.36363636363636365,0.3333333333333333,0.6666666666666666,2,0.06060606060606061,1.0,2026,2026
Sananda Fru,Louisville,32,9,23,2,1,2,2,1,2,19,2,16,sananda fru,C,Jr,13,7,20,0.65,0.5384615384615384,41,0.7804878048780488,0.71875,3,0.6666666666666666,1.0,44,0.7727272727272727,0.7352941176470589,3,0.6666666666666666,1.0,0.75,47,0.8723404255319149,0.06382978723404255,0.06382978723404255,0.9361702127659575,21,0.44680851063829785,0.9047619047619048,2026,2026
Nyk Lewis,VCU,12,7,4,4,2,1,12,29,9,0,0,0,nyk lewis,G,Fr,12,7,19,0.631578947368421,0.3333333333333333,19,0.631578947368421,0.3333333333333333,6,0.6666666666666666,0.25,25,0.64,0.3125,41,0.2926829268292683,0.75,0.5,66,0.2878787878787879,0.09090909090909091,0.6212121212121212,0.3787878787878788,0,0.0,,2026,2026
Brent Moss,UTSA,4,4,1,3,5,1,7,22,5,1,0,0,brent moss,G,Jr,3,4,7,0.42857142857142855,0.3333333333333333,8,0.5,0.25,8,0.375,0.3333333333333333,16,0.4375,0.2857142857142857,29,0.2413793103448276,0.7142857142857143,0.5,45,0.17777777777777778,0.17777777777777778,0.6444444444444445,0.35555555555555557,1,0.022222222222222223,1.0,2026,2026
Jeremiah Johnson,Howard,4,7,1,0,2,0,2,7,2,0,0,0,jeremiah johnson,G,Fr,4,7,11,0.36363636363636365,0.25,11,0.36363636363636365,0.25,2,0.0,,13,0.3076923076923077,0.25,9,0.2222222222222222,1.0,0.5,22,0.5,0.09090909090909091,0.4090909090909091,0.5909090909090909,0,0.0,,2026,2026
Kohl Rosario,Kansas,11,0,7,0,0,0,9,24,7,8,0,7,kohl rosario,G,Fr,3,0,3,1.0,0.0,11,1.0,0.6363636363636364,0,,,11,1.0,0.6363636363636364,33,0.2727272727272727,0.7777777777777778,0.7,44,0.25,0.0,0.75,0.25,8,0.18181818181818182,1.0,2026,2026
Adrien Stevens,Marquette,10,3,3,0,2,0,13,25,12,1,0,1,adrien stevens,G,Fr,9,3,12,0.75,0.2222222222222222,13,0.7692307692307693,0.3,2,0.0,,15,0.6666666666666666,0.3,38,0.34210526315789475,0.9230769230769231,0.6521739130434783,53,0.24528301886792453,0.03773584905660377,0.7169811320754716,0.2830188679245283,1,0.018867924528301886,1.0,2026,2026
Danny Carbuccia,Massachusetts,23,11,2,0,5,0,3,8,1,0,0,0,danny carbuccia,G,Fr,23,11,34,0.6764705882352942,0.08695652173913043,34,0.6764705882352942,0.08695652173913043,5,0.0,,39,0.5897435897435898,0.08695652173913043,11,0.2727272727272727,0.3333333333333333,0.11538461538461539,50,0.68,0.1,0.22,0.78,0,0.0,,2026,2026
Derek Dixon,North Carolina,2,7,0,1,1,0,9,11,7,0,0,0,derek dixon,G,Fr,2,7,9,0.2222222222222222,0.0,9,0.2222222222222222,0.0,2,0.5,0.0,11,0.2727272727272727,0.0,20,0.45,0.7777777777777778,0.5833333333333334,31,0.2903225806451613,0.06451612903225806,0.6451612903225806,0.3548387096774194,0,0.0,,2026,2026
Melian Martinez,Louisiana Tech,9,4,7,0,1,0,0,0,0,3,0,3,melian martinez,C,Jr,6,4,10,0.6,0.6666666666666666,13,0.6923076923076923,0.7777777777777778,1,0.0,,14,0.6428571428571429,0.7777777777777778,0,,,0.7777777777777778,14,0.9285714285714286,0.07142857142857142,0.0,1.0,3,0.21428571428571427,1.0,2026,2026
Najai Hines,Seton Hall,25,16,17,5,3,2,0,0,0,6,0,4,najai hines,C,Fr,19,16,35,0.5428571428571428,0.6842105263157895,41,0.6097560975609756,0.68,8,0.625,0.4,49,0.6122448979591837,0.6333333333333333,0,,,0.6333333333333333,49,0.8367346938775511,0.16326530612244897,0.0,1.0,6,0.12244897959183673,1.0,2026,2026
Uriah Tenette,New Mexico,12,15,5,3,7,0,13,18,10,4,0,2,uriah tenette,G,Fr,8,15,23,0.34782608695652173,0.375,27,0.4444444444444444,0.4166666666666667,10,0.3,0.0,37,0.40540540540540543,0.3333333333333333,31,0.41935483870967744,0.7692307692307693,0.5357142857142857,68,0.39705882352941174,0.14705882352941177,0.45588235294117646,0.5441176470588235,4,0.058823529411764705,1.0,2026,2026
Leroy Blyden Jr.,Toledo,12,13,3,7,13,3,19,22,17,1,0,0,leroy blyden jr.,G,Fr,11,13,24,0.4583333333333333,0.2727272727272727,25,0.48,0.25,20,0.35,0.42857142857142855,45,0.4222222222222222,0.3157894736842105,41,0.4634146341463415,0.8947368421052632,0.6052631578947368,86,0.29069767441860467,0.23255813953488372,0.47674418604651164,0.5232558139534884,1,0.011627906976744186,1.0,2026,2026
Isaac Finlinson,Hawaii,15,8,4,1,2,0,9,11,8,0,0,0,isaac finlinson,F,Jr,15,8,23,0.6521739130434783,0.26666666666666666,23,0.6521739130434783,0.26666666666666666,3,0.3333333333333333,0.0,26,0.6153846153846154,0.25,20,0.45,0.8888888888888888,0.48,46,0.5,0.06521739130434782,0.43478260869565216,0.5652173913043478,0,0.0,,2026,2026
Jhei-R Jones,William & Mary,6,4,0,5,2,5,6,14,5,0,0,0,jhei-r jones,G,Sr,6,4,10,0.6,0.0,10,0.6,0.0,7,0.7142857142857143,1.0,17,0.6470588235294118,0.45454545454545453,20,0.3,0.8333333333333334,0.5882352941176471,37,0.2702702702702703,0.1891891891891892,0.5405405405405406,0.4594594594594595,0,0.0,,2026,2026
Christian Jones,Long Beach St.,2,0,2,2,2,1,6,9,6,0,0,0,christian jones,G,So,2,0,2,1.0,1.0,2,1.0,1.0,4,0.5,0.5,6,0.6666666666666666,0.75,15,0.4,1.0,0.9,21,0.09523809523809523,0.19047619047619047,0.7142857142857143,0.2857142857142857,0,0.0,,2026,2026
Christian Jones,Long Beach St.,2,0,2,2,2,1,6,9,6,0,0,0,christian jones,G,So,2,0,2,1.0,1.0,2,1.0,1.0,4,0.5,0.5,6,0.6666666666666666,0.75,15,0.4,1.0,0.9,21,0.09523809523809523,0.19047619047619047,0.7142857142857143,0.2857142857142857,0,0.0,,2026,2026
Stephen Williams,South Alabama,16,7,10,0,0,0,0,0,0,8,1,6,stephen williams,C,So,8,6,14,0.5714285714285714,0.5,23,0.6956521739130435,0.625,0,,,23,0.6956521739130435,0.625,0,,,0.625,23,1.0,0.0,0.0,1.0,9,0.391304347826087,0.8888888888888888,2026,2026
Shon Tupuola,Valparaiso,20,11,10,4,6,4,0,1,0,10,1,5,shon tupuola,C,Jr,10,10,20,0.5,0.5,31,0.6451612903225806,0.5,10,0.4,1.0,41,0.5853658536585366,0.5833333333333334,1,0.0,,0.5833333333333334,42,0.7380952380952381,0.23809523809523808,0.023809523809523808,0.9761904761904762,11,0.2619047619047619,0.9090909090909091,2026,2026
Caleb Smith,Rider,11,16,6,1,4,0,2,5,1,0,0,0,caleb smith,G,Jr,11,16,27,0.4074074074074074,0.5454545454545454,27,0.4074074074074074,0.5454545454545454,5,0.2,0.0,32,0.375,0.5,7,0.2857142857142857,0.5,0.5,39,0.6923076923076923,0.1282051282051282,0.1794871794871795,0.8205128205128205,0,0.0,,2026,2026
Jalik Dunkley,Nicholls St.,33,16,19,1,10,1,3,6,3,12,0,10,jalik dunkley,F,So,21,16,37,0.5675675675675675,0.42857142857142855,49,0.673469387755102,0.5757575757575758,11,0.09090909090909091,1.0,60,0.5666666666666667,0.5882352941176471,9,0.3333333333333333,1.0,0.6216216216216216,69,0.7101449275362319,0.15942028985507245,0.13043478260869565,0.8695652173913043,12,0.17391304347826086,1.0,2026,2026
Peitok Machar,McNeese St.,14,4,5,2,1,2,0,0,0,2,0,0,peitok machar,C,So,12,4,16,0.75,0.4166666666666667,18,0.7777777777777778,0.35714285714285715,3,0.6666666666666666,1.0,21,0.7619047619047619,0.4375,0,,,0.4375,21,0.8571428571428571,0.14285714285714285,0.0,1.0,2,0.09523809523809523,1.0,2026,2026
Justin Allen,Green Bay,18,13,8,9,4,2,7,21,5,0,0,0,justin allen,G,Sr,18,13,31,0.5806451612903226,0.4444444444444444,31,0.5806451612903226,0.4444444444444444,13,0.6923076923076923,0.2222222222222222,44,0.6136363636363636,0.37037037037037035,28,0.25,0.7142857142857143,0.4411764705882353,72,0.4305555555555556,0.18055555555555555,0.3888888888888889,0.6111111111111112,0,0.0,,2026,2026
Trey McKenney,Michigan,9,4,6,1,2,0,18,26,17,1,0,1,trey mckenney,G,Fr,8,4,12,0.6666666666666666,0.625,13,0.6923076923076923,0.6666666666666666,3,0.3333333333333333,0.0,16,0.625,0.6,44,0.4090909090909091,0.9444444444444444,0.8214285714285714,60,0.21666666666666667,0.05,0.7333333333333333,0.26666666666666666,1,0.016666666666666666,1.0,2026,2026
Dante Allen,Miami FL,10,9,6,1,1,1,8,17,8,2,1,1,dante allen,G,Fr,8,8,16,0.5,0.625,19,0.5263157894736842,0.6,2,0.5,1.0,21,0.5238095238095238,0.6363636363636364,25,0.32,1.0,0.7894736842105263,46,0.41304347826086957,0.043478260869565216,0.5434782608695652,0.45652173913043476,3,0.06521739130434782,0.6666666666666666,2026,2026
Matt Able,N.C. State,8,11,3,7,6,3,15,28,13,1,0,0,matt able,G,Fr,7,11,18,0.3888888888888889,0.42857142857142855,19,0.42105263157894735,0.375,13,0.5384615384615384,0.42857142857142855,32,0.46875,0.4,43,0.3488372093023256,0.8666666666666667,0.6333333333333333,75,0.25333333333333335,0.17333333333333334,0.5733333333333334,0.4266666666666667,1,0.013333333333333334,1.0,2026,2026
Cayden Boozer,Duke,7,6,1,5,6,0,5,11,5,0,0,0,cayden boozer,G,Fr,7,6,13,0.5384615384615384,0.14285714285714285,13,0.5384615384615384,0.14285714285714285,11,0.45454545454545453,0.0,24,0.5,0.08333333333333333,16,0.3125,1.0,0.35294117647058826,40,0.325,0.275,0.4,0.6,0,0.0,,2026,2026
Nikolas Khamenia,Duke,8,3,3,1,3,0,13,19,13,1,0,1,nikolas khamenia,F,Fr,7,3,10,0.7,0.2857142857142857,11,0.7272727272727273,0.375,4,0.25,0.0,15,0.6,0.3333333333333333,32,0.40625,1.0,0.7272727272727273,47,0.23404255319148937,0.0851063829787234,0.6808510638297872,0.3191489361702128,1,0.02127659574468085,1.0,2026,2026
Cameron Boozer,Duke,59,26,21,5,10,0,16,27,13,13,1,6,cameron boozer,F,Fr,46,25,71,0.647887323943662,0.32608695652173914,85,0.6941176470588235,0.3559322033898305,15,0.3333333333333333,0.0,100,0.64,0.328125,43,0.37209302325581395,0.8125,0.425,143,0.5944055944055944,0.1048951048951049,0.3006993006993007,0.6993006993006993,14,0.0979020979020979,0.9285714285714286,2026,2026
Tounde Yessoufou,Baylor,19,9,10,20,21,5,13,29,10,5,1,2,tounde yessoufou,G,Fr,14,8,22,0.6363636363636364,0.5714285714285714,28,0.6785714285714286,0.5263157894736842,41,0.4878048780487805,0.25,69,0.5652173913043478,0.38461538461538464,42,0.30952380952380953,0.7692307692307693,0.4807692307692308,111,0.25225225225225223,0.36936936936936937,0.3783783783783784,0.6216216216216216,6,0.05405405405405406,0.8333333333333334,2026,2026
Preston Edmead,Hofstra,7,6,0,8,9,0,18,37,8,0,0,0,preston edmead,G,Fr,7,6,13,0.5384615384615384,0.0,13,0.5384615384615384,0.0,17,0.47058823529411764,0.0,30,0.5,0.0,55,0.32727272727272727,0.4444444444444444,0.24242424242424243,85,0.15294117647058825,0.2,0.6470588235294118,0.35294117647058826,0,0.0,,2026,2026
Troy Glover II,Bowling Green,19,12,10,3,2,3,0,0,0,4,1,3,troy glover ii,C,Sr,15,11,26,0.5769230769230769,0.4666666666666667,31,0.6129032258064516,0.5263157894736842,5,0.6,1.0,36,0.6111111111111112,0.5909090909090909,0,,,0.5909090909090909,36,0.8611111111111112,0.1388888888888889,0.0,1.0,5,0.1388888888888889,0.8,2026,2026
Davian Brown,Montana St.,10,6,2,4,7,0,23,28,17,0,0,0,davian brown,G,Sr,10,6,16,0.625,0.2,16,0.625,0.2,11,0.36363636363636365,0.0,27,0.5185185185185185,0.14285714285714285,51,0.45098039215686275,0.7391304347826086,0.5135135135135135,78,0.20512820512820512,0.14102564102564102,0.6538461538461539,0.34615384615384615,0,0.0,,2026,2026
Paul Mbiya,Kansas,1,0,0,0,0,0,0,0,0,0,0,0,paul mbiya,C,Fr,1,0,1,1.0,0.0,1,1.0,0.0,0,,,1,1.0,0.0,0,,,0.0,1,1.0,0.0,0.0,1.0,0,0.0,,2026,2026
Cayden Charles,St. Bonaventure,17,19,9,11,10,6,7,13,7,0,0,0,cayden charles,G,Sr,17,19,36,0.4722222222222222,0.5294117647058824,36,0.4722222222222222,0.5294117647058824,21,0.5238095238095238,0.5454545454545454,57,0.49122807017543857,0.5357142857142857,20,0.35,1.0,0.6285714285714286,77,0.4675324675324675,0.2727272727272727,0.2597402597402597,0.7402597402597403,0,0.0,,2026,2026
Damian Garcia,East Texas A&M,10,10,2,0,6,0,10,15,6,1,0,0,damian garcia,G,Sr,9,10,19,0.47368421052631576,0.2222222222222222,20,0.5,0.2,6,0.0,,26,0.38461538461538464,0.2,25,0.4,0.6,0.4,51,0.39215686274509803,0.11764705882352941,0.49019607843137253,0.5098039215686274,1,0.0196078431372549,1.0,2026,2026
Carson McDonald,American,6,3,3,5,1,3,0,1,0,1,0,0,carson mcdonald,F,Fr,5,3,8,0.625,0.6,9,0.6666666666666666,0.5,6,0.8333333333333334,0.6,15,0.7333333333333333,0.5454545454545454,1,0.0,,0.5454545454545454,16,0.5625,0.375,0.0625,0.9375,1,0.0625,1.0,2026,2026
Isiah Harwell,Houston,2,1,1,1,9,0,4,11,4,1,0,1,isiah harwell,G,Fr,1,1,2,0.5,0.0,3,0.6666666666666666,0.5,10,0.1,0.0,13,0.23076923076923078,0.3333333333333333,15,0.26666666666666666,1.0,0.7142857142857143,28,0.10714285714285714,0.35714285714285715,0.5357142857142857,0.4642857142857143,1,0.03571428571428571,1.0,2026,2026
Gediminas Alisas,Stephen F. Austin,5,5,2,4,6,2,0,0,0,0,0,0,gediminas alisas,F,So,5,5,10,0.5,0.4,10,0.5,0.4,10,0.4,0.5,20,0.45,0.4444444444444444,0,,,0.4444444444444444,20,0.5,0.5,0.0,1.0,0,0.0,,2026,2026
Straton Rogers,Eastern Washington,23,9,14,3,4,1,0,1,0,1,1,1,straton rogers,F,Sr,22,8,30,0.7333333333333333,0.5909090909090909,32,0.71875,0.6086956521739131,7,0.42857142857142855,0.3333333333333333,39,0.6666666666666666,0.5769230769230769,1,0.0,,0.5769230769230769,40,0.8,0.175,0.025,0.975,2,0.05,0.5,2026,2026
Ilija Milijasevic,DePaul,0,0,0,0,0,0,5,11,5,0,0,0,ilija milijasevic,G,Fr,0,0,0,,,0,,,0,,,0,,,16,0.3125,1.0,1.0,16,0.0,0.0,1.0,0.0,0,0.0,,2026,2026
Taj Thweatt,Coppin St.,2,5,0,3,7,2,6,4,6,0,0,0,taj thweatt,F,Sr,2,5,7,0.2857142857142857,0.0,7,0.2857142857142857,0.0,10,0.3,0.6666666666666666,17,0.29411764705882354,0.4,10,0.6,1.0,0.7272727272727273,27,0.25925925925925924,0.37037037037037035,0.37037037037037035,0.6296296296296297,0,0.0,,2026,2026
Alex Wilkins,Furman,22,12,1,17,12,0,10,36,6,1,0,0,alex wilkins,G,Fr,21,12,33,0.6363636363636364,0.047619047619047616,34,0.6470588235294118,0.045454545454545456,29,0.5862068965517241,0.0,63,0.6190476190476191,0.02564102564102564,46,0.21739130434782608,0.6,0.14285714285714285,109,0.3119266055045872,0.26605504587155965,0.42201834862385323,0.5779816513761468,1,0.009174311926605505,1.0,2026,2026
Collin O'Neal,Furman,7,5,1,0,1,0,7,3,7,0,0,0,collin o'neal,G,Fr,7,5,12,0.5833333333333334,0.14285714285714285,12,0.5833333333333334,0.14285714285714285,1,0.0,,13,0.5384615384615384,0.14285714285714285,10,0.7,1.0,0.5714285714285714,23,0.5217391304347826,0.043478260869565216,0.43478260869565216,0.5652173913043478,0,0.0,,2026,2026
Trent Sisley,Indiana,23,14,16,1,0,1,8,15,8,9,2,9,trent sisley,F,Fr,14,12,26,0.5384615384615384,0.5,37,0.6216216216216216,0.6956521739130435,1,1.0,1.0,38,0.631578947368421,0.7083333333333334,23,0.34782608695652173,1.0,0.78125,61,0.6065573770491803,0.01639344262295082,0.3770491803278688,0.6229508196721312,11,0.18032786885245902,0.8181818181818182,2026,2026
Caleb Van De Griend,Idaho St.,30,17,14,3,4,1,2,8,2,9,0,6,caleb van de griend,F,Sr,21,17,38,0.5526315789473685,0.38095238095238093,47,0.6382978723404256,0.4666666666666667,7,0.42857142857142855,0.3333333333333333,54,0.6111111111111112,0.45454545454545453,10,0.2,1.0,0.4857142857142857,64,0.734375,0.109375,0.15625,0.84375,9,0.140625,1.0,2026,2026
KJ Martin Jr.,Tulsa,7,2,5,0,1,0,3,3,3,0,0,0,kj martin jr.,G,Fr,7,2,9,0.7777777777777778,0.7142857142857143,9,0.7777777777777778,0.7142857142857143,1,0.0,,10,0.7,0.7142857142857143,6,0.5,1.0,0.8,16,0.5625,0.0625,0.375,0.625,0,0.0,,2026,2026
Isaiah Sealy,Arkansas,10,1,6,0,3,0,0,5,0,2,1,2,isaiah sealy,G,Fr,8,0,8,1.0,0.5,11,0.9090909090909091,0.6,3,0.0,,14,0.7142857142857143,0.6,5,0.0,,0.6,19,0.5789473684210527,0.15789473684210525,0.2631578947368421,0.7368421052631579,3,0.15789473684210525,0.6666666666666666,2026,2026
Brandon Benjamin,San Diego,3,1,1,4,2,0,0,0,0,0,0,0,brandon benjamin,F,Fr,3,1,4,0.75,0.3333333333333333,4,0.75,0.3333333333333333,6,0.6666666666666666,0.0,10,0.7,0.14285714285714285,0,,,0.14285714285714285,10,0.4,0.6,0.0,1.0,0,0.0,,2026,2026
Jasir Rencher,Washington,4,2,4,0,0,0,1,4,1,2,0,2,jasir rencher,F,Fr,2,2,4,0.5,1.0,6,0.6666666666666666,1.0,0,,,6,0.6666666666666666,1.0,5,0.2,1.0,1.0,11,0.5454545454545454,0.0,0.45454545454545453,0.5454545454545454,2,0.18181818181818182,1.0,2026,2026
Vuk Boskovic,San Diego,8,0,4,2,5,0,7,14,7,1,0,0,vuk boskovic,F,Jr,7,0,7,1.0,0.5714285714285714,8,1.0,0.5,7,0.2857142857142857,0.0,15,0.6666666666666666,0.4,21,0.3333333333333333,1.0,0.6470588235294118,36,0.2222222222222222,0.19444444444444445,0.5833333333333334,0.4166666666666667,1,0.027777777777777776,1.0,2026,2026
Hannes Steinbach,Washington,28,14,15,9,8,1,4,2,4,7,0,3,hannes steinbach,F,Fr,21,14,35,0.6,0.5714285714285714,42,0.6666666666666666,0.5357142857142857,17,0.5294117647058824,0.1111111111111111,59,0.6271186440677966,0.43243243243243246,6,0.6666666666666666,1.0,0.4878048780487805,65,0.6461538461538462,0.26153846153846155,0.09230769230769231,0.9076923076923077,7,0.1076923076923077,1.0,2026,2026
Eli Ellis,South Carolina,11,11,1,12,11,1,7,20,5,0,0,0,eli ellis,G,Fr,11,11,22,0.5,0.09090909090909091,22,0.5,0.09090909090909091,23,0.5217391304347826,0.08333333333333333,45,0.5111111111111111,0.08695652173913043,27,0.25925925925925924,0.7142857142857143,0.23333333333333334,72,0.3055555555555556,0.3194444444444444,0.375,0.625,0,0.0,,2026,2026
Ayden Carter,Detroit Mercy,23,11,8,11,8,5,4,15,4,2,0,1,ayden carter,G,Jr,21,11,32,0.65625,0.3333333333333333,34,0.6764705882352942,0.34782608695652173,19,0.5789473684210527,0.45454545454545453,53,0.6415094339622641,0.38235294117647056,19,0.21052631578947367,1.0,0.4473684210526316,72,0.4722222222222222,0.2638888888888889,0.2638888888888889,0.7361111111111112,2,0.027777777777777776,1.0,2026,2026
Joshua Dalton,Loyola Marymount,3,2,2,0,0,0,6,9,6,0,0,0,joshua dalton,F,Fr,3,2,5,0.6,0.6666666666666666,5,0.6,0.6666666666666666,0,,,5,0.6,0.6666666666666666,15,0.4,1.0,0.8888888888888888,20,0.25,0.0,0.75,0.25,0,0.0,,2026,2026
Luke Haupt,New Mexico,8,6,0,0,1,0,3,3,3,0,0,0,luke haupt,G,Sr,8,6,14,0.5714285714285714,0.0,14,0.5714285714285714,0.0,1,0.0,,15,0.5333333333333333,0.0,6,0.5,1.0,0.2727272727272727,21,0.6666666666666666,0.047619047619047616,0.2857142857142857,0.7142857142857143,0,0.0,,2026,2026
Kai Rogers,Oklahoma,5,2,3,0,0,0,0,0,0,2,0,2,kai rogers,C,Fr,3,2,5,0.6,0.3333333333333333,7,0.7142857142857143,0.6,0,,,7,0.7142857142857143,0.6,0,,,0.6,7,1.0,0.0,0.0,1.0,2,0.2857142857142857,1.0,2026,2026
Chiante Tramble,Southern Miss,0,1,0,3,1,0,5,3,4,0,0,0,chiante tramble,G,So,0,1,1,0.0,,1,0.0,,4,0.75,0.0,5,0.6,0.0,8,0.625,0.8,0.5,13,0.07692307692307693,0.3076923076923077,0.6153846153846154,0.38461538461538464,0,0.0,,2026,2026
Tylik Weeks,Southern Miss,25,10,14,19,19,4,2,7,2,3,0,1,tylik weeks,G,Jr,22,10,32,0.6875,0.5909090909090909,35,0.7142857142857143,0.56,38,0.5,0.21052631578947367,73,0.6027397260273972,0.4090909090909091,9,0.2222222222222222,1.0,0.43478260869565216,82,0.4268292682926829,0.4634146341463415,0.10975609756097561,0.8902439024390244,3,0.036585365853658534,1.0,2026,2026
AJ Thomas,Loyola Marymount,15,9,2,3,7,1,4,8,2,0,0,0,aj thomas,G,Fr,15,9,24,0.625,0.13333333333333333,24,0.625,0.13333333333333333,10,0.3,0.3333333333333333,34,0.5294117647058824,0.16666666666666666,12,0.3333333333333333,0.5,0.22727272727272727,46,0.5217391304347826,0.21739130434782608,0.2608695652173913,0.7391304347826086,0,0.0,,2026,2026
Connor Igoe,Columbia,11,7,3,2,2,1,3,6,3,0,0,0,connor igoe,F,Fr,11,7,18,0.6111111111111112,0.2727272727272727,18,0.6111111111111112,0.2727272727272727,4,0.5,0.5,22,0.5909090909090909,0.3076923076923077,9,0.3333333333333333,1.0,0.4375,31,0.5806451612903226,0.12903225806451613,0.2903225806451613,0.7096774193548387,0,0.0,,2026,2026
CJ Shaw,UC Santa Barbara,13,6,6,1,3,0,3,6,3,1,0,1,cj shaw,G,Fr,12,6,18,0.6666666666666666,0.4166666666666667,19,0.6842105263157895,0.46153846153846156,4,0.25,0.0,23,0.6086956521739131,0.42857142857142855,9,0.3333333333333333,1.0,0.5294117647058824,32,0.59375,0.125,0.28125,0.71875,1,0.03125,1.0,2026,2026
Zyree Collins,Austin Peay,17,13,4,6,10,0,8,24,7,0,0,0,zyree collins,G,Fr,17,13,30,0.5666666666666667,0.23529411764705882,30,0.5666666666666667,0.23529411764705882,16,0.375,0.0,46,0.5,0.17391304347826086,32,0.25,0.875,0.3548387096774194,78,0.38461538461538464,0.20512820512820512,0.41025641025641024,0.5897435897435898,0,0.0,,2026,2026
Francis Folefac,Siena,29,20,18,6,4,1,0,1,0,2,0,2,francis folefac,G,Fr,27,20,47,0.574468085106383,0.5925925925925926,49,0.5918367346938775,0.6206896551724138,10,0.6,0.16666666666666666,59,0.5932203389830508,0.5428571428571428,1,0.0,,0.5428571428571428,60,0.8166666666666667,0.16666666666666666,0.016666666666666666,0.9833333333333333,2,0.03333333333333333,1.0,2026,2026
Uzziah Buntyn,South Dakota,10,14,1,6,8,1,11,12,11,0,0,0,uzziah buntyn,G,Fr,10,14,24,0.4166666666666667,0.1,24,0.4166666666666667,0.1,14,0.42857142857142855,0.16666666666666666,38,0.42105263157894735,0.125,23,0.4782608695652174,1.0,0.48148148148148145,61,0.39344262295081966,0.22950819672131148,0.3770491803278688,0.6229508196721312,0,0.0,,2026,2026
Cam Miles,Florida St.,14,5,6,4,3,0,7,29,5,2,0,1,cam miles,G,Fr,12,5,17,0.7058823529411765,0.4166666666666667,19,0.7368421052631579,0.42857142857142855,7,0.5714285714285714,0.0,26,0.6923076923076923,0.3333333333333333,36,0.19444444444444445,0.7142857142857143,0.44,62,0.3064516129032258,0.11290322580645161,0.5806451612903226,0.41935483870967744,2,0.03225806451612903,1.0,2026,2026
Josiah Shackelford,Bowling Green,14,8,6,8,9,5,11,23,9,2,1,0,josiah shackelford,G,So,12,7,19,0.631578947368421,0.5,22,0.6363636363636364,0.42857142857142855,17,0.47058823529411764,0.625,39,0.5641025641025641,0.5,34,0.3235294117647059,0.8181818181818182,0.6060606060606061,73,0.3013698630136986,0.2328767123287671,0.4657534246575342,0.5342465753424658,3,0.0410958904109589,0.6666666666666666,2026,2026
Emondrek Erkins-Ford,Jacksonville St.,11,2,6,1,5,0,2,4,2,0,0,0,emondrek erkins-ford,F,Jr,11,2,13,0.8461538461538461,0.5454545454545454,13,0.8461538461538461,0.5454545454545454,6,0.16666666666666666,0.0,19,0.631578947368421,0.5,6,0.3333333333333333,1.0,0.5714285714285714,25,0.52,0.24,0.24,0.76,0,0.0,,2026,2026
Aleks Alston,Maryland,3,1,0,3,2,3,3,9,3,0,0,0,aleks alston,F,Fr,3,1,4,0.75,0.0,4,0.75,0.0,5,0.6,1.0,9,0.6666666666666666,0.5,12,0.25,1.0,0.6666666666666666,21,0.19047619047619047,0.23809523809523808,0.5714285714285714,0.42857142857142855,0,0.0,,2026,2026
Isaiah Malone,Florida Gulf Coast,16,10,15,4,4,3,2,2,2,10,2,10,isaiah malone,F,Jr,6,8,14,0.42857142857142855,0.8333333333333334,26,0.6153846153846154,0.9375,8,0.5,0.75,34,0.5882352941176471,0.9,4,0.5,1.0,0.9090909090909091,38,0.6842105263157895,0.21052631578947367,0.10526315789473684,0.8947368421052632,12,0.3157894736842105,0.8333333333333334,2026,2026
Guillermo Del Pino,Maryland,1,3,0,2,3,1,4,6,3,0,0,0,guillermo del pino,G,Fr,1,3,4,0.25,0.0,4,0.25,0.0,5,0.4,0.5,9,0.3333333333333333,0.3333333333333333,10,0.4,0.75,0.5714285714285714,19,0.21052631578947367,0.2631578947368421,0.5263157894736842,0.47368421052631576,0,0.0,,2026,2026
Aiden Argabright,Richmond,4,5,1,8,8,1,7,16,7,0,0,0,aiden argabright,G,Fr,4,5,9,0.4444444444444444,0.25,9,0.4444444444444444,0.25,16,0.5,0.125,25,0.48,0.16666666666666666,23,0.30434782608695654,1.0,0.47368421052631576,48,0.1875,0.3333333333333333,0.4791666666666667,0.5208333333333334,0,0.0,,2026,2026
Sadiq White Jr.,Syracuse,20,9,17,5,7,1,2,6,2,10,2,10,sadiq white jr.,F,Fr,10,7,17,0.5882352941176471,0.7,29,0.6896551724137931,0.85,12,0.4166666666666667,0.2,41,0.6097560975609756,0.72,8,0.25,1.0,0.7407407407407407,49,0.5918367346938775,0.24489795918367346,0.16326530612244897,0.8367346938775511,12,0.24489795918367346,0.8333333333333334,2026,2026
Elzie Harrington,San Diego St.,5,5,2,11,11,3,10,2,5,2,1,1,elzie harrington,G,Fr,3,4,7,0.42857142857142855,0.3333333333333333,10,0.5,0.4,22,0.5,0.2727272727272727,32,0.5,0.3125,12,0.8333333333333334,0.5,0.38461538461538464,44,0.22727272727272727,0.5,0.2727272727272727,0.7272727272727273,3,0.06818181818181818,0.6666666666666666,2026,2026
Acaden Lewis,Villanova,28,9,5,5,6,0,5,19,5,0,0,0,acaden lewis,G,Fr,28,9,37,0.7567567567567568,0.17857142857142858,37,0.7567567567567568,0.17857142857142858,11,0.45454545454545453,0.0,48,0.6875,0.15151515151515152,24,0.20833333333333334,1.0,0.2631578947368421,72,0.5138888888888888,0.1527777777777778,0.3333333333333333,0.6666666666666666,0,0.0,,2026,2026
Joseph Grahovac,St. Bonaventure,5,1,4,5,6,4,9,10,9,3,0,3,joseph grahovac,F,So,2,1,3,0.6666666666666666,0.5,6,0.8333333333333334,0.8,11,0.45454545454545453,0.8,17,0.5882352941176471,0.8,19,0.47368421052631576,1.0,0.8947368421052632,36,0.16666666666666666,0.3055555555555556,0.5277777777777778,0.4722222222222222,3,0.08333333333333333,1.0,2026,2026
Ilia Ermakov,St. Bonaventure,2,0,1,1,2,1,4,6,3,0,0,0,ilia ermakov,G,Fr,2,0,2,1.0,0.5,2,1.0,0.5,3,0.3333333333333333,1.0,5,0.6,0.6666666666666666,10,0.4,0.75,0.7142857142857143,15,0.13333333333333333,0.2,0.6666666666666666,0.3333333333333333,0,0.0,,2026,2026
Tre Beard,Cleveland St.,4,6,1,3,6,1,25,23,17,0,0,0,tre beard,G,Sr,4,6,10,0.4,0.25,10,0.4,0.25,9,0.3333333333333333,0.3333333333333333,19,0.3684210526315789,0.2857142857142857,48,0.5208333333333334,0.68,0.59375,67,0.14925373134328357,0.13432835820895522,0.7164179104477612,0.2835820895522388,0,0.0,,2026,2026
Aleksas Bieliauskas,Wisconsin,9,5,6,1,1,1,6,8,6,1,0,1,aleksas bieliauskas,F,Fr,8,5,13,0.6153846153846154,0.625,14,0.6428571428571429,0.6666666666666666,2,0.5,1.0,16,0.625,0.7,14,0.42857142857142855,1.0,0.8125,30,0.4666666666666667,0.06666666666666667,0.4666666666666667,0.5333333333333333,1,0.03333333333333333,1.0,2026,2026
Sergej Macura,Mississippi St.,4,5,3,2,2,1,1,3,1,0,0,0,sergej macura,F,So,4,5,9,0.4444444444444444,0.75,9,0.4444444444444444,0.75,4,0.5,0.5,13,0.46153846153846156,0.6666666666666666,4,0.25,1.0,0.7142857142857143,17,0.5294117647058824,0.23529411764705882,0.23529411764705882,0.7647058823529411,0,0.0,,2026,2026
DaMaryon Fishburn,Cornell,6,0,3,0,1,0,3,2,3,0,0,0,damaryon fishburn,G,Jr,6,0,6,1.0,0.5,6,1.0,0.5,1,0.0,,7,0.8571428571428571,0.5,5,0.6,1.0,0.6666666666666666,12,0.5,0.08333333333333333,0.4166666666666667,0.5833333333333334,0,0.0,,2026,2026
Ayomi Odetoyinbo,Colgate,9,5,5,1,2,1,0,1,0,4,0,3,ayomi odetoyinbo,C,Fr,5,5,10,0.5,0.4,14,0.6428571428571429,0.5555555555555556,3,0.3333333333333333,1.0,17,0.5882352941176471,0.6,1,0.0,,0.6,18,0.7777777777777778,0.16666666666666666,0.05555555555555555,0.9444444444444444,4,0.2222222222222222,1.0,2026,2026
Kashie Natt,Sam Houston St.,17,12,5,7,9,2,5,7,4,4,1,1,kashie natt,G,Sr,13,11,24,0.5416666666666666,0.3076923076923077,29,0.5862068965517241,0.29411764705882354,16,0.4375,0.2857142857142857,45,0.5333333333333333,0.2916666666666667,12,0.4166666666666667,0.8,0.3793103448275862,57,0.5087719298245614,0.2807017543859649,0.21052631578947367,0.7894736842105263,5,0.08771929824561403,0.8,2026,2026
Elijah Parker,Central Connecticut,9,5,1,0,1,0,2,4,2,0,0,0,elijah parker,G,Fr,9,5,14,0.6428571428571429,0.1111111111111111,14,0.6428571428571429,0.1111111111111111,1,0.0,,15,0.6,0.1111111111111111,6,0.3333333333333333,1.0,0.2727272727272727,21,0.6666666666666666,0.047619047619047616,0.2857142857142857,0.7142857142857143,0,0.0,,2026,2026
Quinton Perkins II,Mercer,5,1,1,9,9,1,17,21,13,0,0,0,quinton perkins ii,G,So,5,1,6,0.8333333333333334,0.2,6,0.8333333333333334,0.2,18,0.5,0.1111111111111111,24,0.5833333333333334,0.14285714285714285,38,0.4473684210526316,0.7647058823529411,0.4838709677419355,62,0.0967741935483871,0.2903225806451613,0.6129032258064516,0.3870967741935484,0,0.0,,2026,2026
Musa Sagnia,N.C. State,11,5,8,0,0,0,0,1,0,1,0,1,musa sagnia,C,Fr,10,5,15,0.6666666666666666,0.7,16,0.6875,0.7272727272727273,0,,,16,0.6875,0.7272727272727273,1,0.0,,0.7272727272727273,17,0.9411764705882353,0.0,0.058823529411764705,0.9411764705882353,1,0.058823529411764705,1.0,2026,2026
DJ Hall,Texas St.,27,13,11,14,19,6,0,1,0,0,0,0,dj hall,F,Fr,27,13,40,0.675,0.4074074074074074,40,0.675,0.4074074074074074,33,0.42424242424242425,0.42857142857142855,73,0.5616438356164384,0.4146341463414634,1,0.0,,0.4146341463414634,74,0.5405405405405406,0.44594594594594594,0.013513513513513514,0.9864864864864865,0,0.0,,2026,2026
Dimp Pernell,Texas St.,8,3,2,11,18,1,10,17,8,1,0,0,dimp pernell,G,Jr,7,3,10,0.7,0.2857142857142857,11,0.7272727272727273,0.25,29,0.3793103448275862,0.09090909090909091,40,0.475,0.15789473684210525,27,0.37037037037037035,0.8,0.3793103448275862,67,0.16417910447761194,0.43283582089552236,0.40298507462686567,0.5970149253731343,1,0.014925373134328358,1.0,2026,2026
Nick Mullen,Central Michigan,17,5,10,2,5,2,0,7,0,7,0,6,nick mullen,C,Sr,10,5,15,0.6666666666666666,0.4,22,0.7727272727272727,0.5882352941176471,7,0.2857142857142857,1.0,29,0.6551724137931034,0.631578947368421,7,0.0,,0.631578947368421,36,0.6111111111111112,0.19444444444444445,0.19444444444444445,0.8055555555555556,7,0.19444444444444445,1.0,2026,2026
Timotej Malovec,Miami FL,3,2,1,0,2,0,15,21,15,0,0,0,timotej malovec,F,Fr,3,2,5,0.6,0.3333333333333333,5,0.6,0.3333333333333333,2,0.0,,7,0.42857142857142855,0.3333333333333333,36,0.4166666666666667,1.0,0.8888888888888888,43,0.11627906976744186,0.046511627906976744,0.8372093023255814,0.16279069767441862,0,0.0,,2026,2026
Shane Lancaster,Alcorn St.,12,8,6,2,8,0,22,16,22,1,0,0,shane lancaster,G,Jr,11,8,19,0.5789473684210527,0.5454545454545454,20,0.6,0.5,10,0.2,0.0,30,0.4666666666666667,0.42857142857142855,38,0.5789473684210527,1.0,0.7777777777777778,68,0.29411764705882354,0.14705882352941177,0.5588235294117647,0.4411764705882353,1,0.014705882352941176,1.0,2026,2026
Ernest Shelton,Merrimack,12,9,7,2,5,2,34,60,30,2,1,1,ernest shelton,G,Jr,10,8,18,0.5555555555555556,0.6,21,0.5714285714285714,0.5833333333333334,7,0.2857142857142857,1.0,28,0.5,0.6428571428571429,94,0.3617021276595745,0.8823529411764706,0.8125,122,0.1721311475409836,0.05737704918032787,0.7704918032786885,0.22950819672131148,3,0.02459016393442623,0.6666666666666666,2026,2026
AJ Rohosy,Stanford,24,20,12,12,11,7,0,0,0,3,2,2,aj rohosy,C,Sr,21,18,39,0.5384615384615384,0.47619047619047616,44,0.5454545454545454,0.5,23,0.5217391304347826,0.5833333333333334,67,0.5373134328358209,0.5277777777777778,0,,,0.5277777777777778,67,0.6567164179104478,0.34328358208955223,0.0,1.0,5,0.07462686567164178,0.6,2026,2026
Evan Chatman,UAB,12,5,9,4,3,3,4,18,3,3,0,3,evan chatman,F,Jr,9,5,14,0.6428571428571429,0.6666666666666666,17,0.7058823529411765,0.75,7,0.5714285714285714,0.75,24,0.6666666666666666,0.75,22,0.18181818181818182,0.75,0.75,46,0.3695652173913043,0.15217391304347827,0.4782608695652174,0.5217391304347826,3,0.06521739130434782,1.0,2026,2026
EJ Horton,North Texas,1,3,0,0,0,0,3,7,3,0,0,0,ej horton,G,Fr,1,3,4,0.25,0.0,4,0.25,0.0,0,,,4,0.25,0.0,10,0.3,1.0,0.75,14,0.2857142857142857,0.0,0.7142857142857143,0.2857142857142857,0,0.0,,2026,2026
Makhi Leach,Bowling Green,3,2,2,1,0,0,1,6,1,0,1,0,makhi leach,G,Fr,3,1,4,0.75,0.6666666666666666,5,0.6,0.6666666666666666,1,1.0,0.0,6,0.6666666666666666,0.5,7,0.14285714285714285,1.0,0.6,13,0.38461538461538464,0.07692307692307693,0.5384615384615384,0.46153846153846156,1,0.07692307692307693,0.0,2026,2026
Zane Nelson,Denver,7,7,1,5,12,0,14,11,9,0,0,0,zane nelson,G,Sr,7,7,14,0.5,0.14285714285714285,14,0.5,0.14285714285714285,17,0.29411764705882354,0.0,31,0.3870967741935484,0.08333333333333333,25,0.56,0.6428571428571429,0.38461538461538464,56,0.25,0.30357142857142855,0.44642857142857145,0.5535714285714286,0,0.0,,2026,2026
Vangelis Zougris,Louisville,4,6,4,0,0,0,0,0,0,2,0,2,vangelis zougris,C,Jr,2,6,8,0.25,1.0,10,0.4,1.0,0,,,10,0.4,1.0,0,,,1.0,10,1.0,0.0,0.0,1.0,2,0.2,1.0,2026,2026
Jamarion Davis-Fleming,Mississippi St.,12,3,8,1,2,1,0,0,0,7,0,5,jamarion davis-fleming,C,Fr,5,3,8,0.625,0.6,15,0.8,0.6666666666666666,3,0.3333333333333333,1.0,18,0.7222222222222222,0.6923076923076923,0,,,0.6923076923076923,18,0.8333333333333334,0.16666666666666666,0.0,1.0,7,0.3888888888888889,1.0,2026,2026
CJ Ingram II,Florida,2,2,1,0,0,0,2,4,2,1,0,1,cj ingram ii,G,Fr,1,2,3,0.3333333333333333,0.0,4,0.5,0.5,0,,,4,0.5,0.5,6,0.3333333333333333,1.0,0.75,10,0.4,0.0,0.6,0.4,1,0.1,1.0,2026,2026
Adam Harakow,Wyoming,9,8,4,0,0,0,10,10,10,0,0,0,adam harakow,G,Jr,9,8,17,0.5294117647058824,0.4444444444444444,17,0.5294117647058824,0.4444444444444444,0,,,17,0.5294117647058824,0.4444444444444444,20,0.5,1.0,0.7368421052631579,37,0.4594594594594595,0.0,0.5405405405405406,0.4594594594594595,0,0.0,,2026,2026
Nathan Claerbaut,Central Michigan,21,10,12,16,12,10,0,3,0,4,0,4,nathan claerbaut,C,Sr,17,10,27,0.6296296296296297,0.47058823529411764,31,0.6774193548387096,0.5714285714285714,28,0.5714285714285714,0.625,59,0.6271186440677966,0.5945945945945946,3,0.0,,0.5945945945945946,62,0.5,0.45161290322580644,0.04838709677419355,0.9516129032258065,4,0.06451612903225806,1.0,2026,2026
Kenyon Aguino,Montana,16,10,13,11,4,7,1,8,1,0,0,0,kenyon aguino,G,Fr,16,10,26,0.6153846153846154,0.8125,26,0.6153846153846154,0.8125,15,0.7333333333333333,0.6363636363636364,41,0.6585365853658537,0.7407407407407407,9,0.1111111111111111,1.0,0.75,50,0.52,0.3,0.18,0.82,0,0.0,,2026,2026
Myles Parker,Marist,4,0,3,1,2,0,8,10,8,1,0,0,myles parker,F,Fr,3,0,3,1.0,1.0,4,1.0,0.75,3,0.3333333333333333,0.0,7,0.7142857142857143,0.6,18,0.4444444444444444,1.0,0.8461538461538461,25,0.16,0.12,0.72,0.28,1,0.04,1.0,2026,2026
Filip Jovic,Auburn,24,11,12,0,0,0,0,2,0,7,1,5,filip jovic,C,Fr,17,10,27,0.6296296296296297,0.4117647058823529,35,0.6857142857142857,0.5,0,,,35,0.6857142857142857,0.5,2,0.0,,0.5,37,0.9459459459459459,0.0,0.05405405405405406,0.9459459459459459,8,0.21621621621621623,0.875,2026,2026
Kaden Magwood,Auburn,5,3,2,7,7,3,5,13,2,1,0,0,kaden magwood,G,Fr,4,3,7,0.5714285714285714,0.5,8,0.625,0.4,14,0.5,0.42857142857142855,22,0.5454545454545454,0.4166666666666667,18,0.2777777777777778,0.4,0.4117647058823529,40,0.2,0.35,0.45,0.55,1,0.025,1.0,2026,2026
Emmanuel Kanga,George Mason,9,6,4,0,1,0,0,0,0,0,2,0,emmanuel kanga,C,Fr,9,4,13,0.6923076923076923,0.4444444444444444,15,0.6,0.4444444444444444,1,0.0,,16,0.5625,0.4444444444444444,0,,,0.4444444444444444,16,0.9375,0.0625,0.0,1.0,2,0.125,0.0,2026,2026
Jalen Haynes,Southern Illinois,15,3,7,3,2,1,1,13,1,2,0,0,jalen haynes,G,Fr,13,3,16,0.8125,0.5384615384615384,18,0.8333333333333334,0.4666666666666667,5,0.6,0.3333333333333333,23,0.782608695652174,0.4444444444444444,14,0.07142857142857142,1.0,0.47368421052631576,37,0.4864864864864865,0.13513513513513514,0.3783783783783784,0.6216216216216216,2,0.05405405405405406,1.0,2026,2026
Jack Smiley,Belmont,8,0,4,0,4,0,10,6,7,0,0,0,jack smiley,G,Fr,8,0,8,1.0,0.5,8,1.0,0.5,4,0.0,,12,0.6666666666666666,0.5,16,0.625,0.7,0.6111111111111112,28,0.2857142857142857,0.14285714285714285,0.5714285714285714,0.42857142857142855,0,0.0,,2026,2026
DJ Armstrong,UMBC,4,1,2,4,6,0,19,23,15,0,0,0,dj armstrong,G,Sr,4,1,5,0.8,0.5,5,0.8,0.5,10,0.4,0.0,15,0.5333333333333333,0.25,42,0.4523809523809524,0.7894736842105263,0.6296296296296297,57,0.08771929824561403,0.17543859649122806,0.7368421052631579,0.2631578947368421,0,0.0,,2026,2026
Malachi Moreno,Kentucky,30,18,25,1,4,0,0,1,0,20,2,19,malachi moreno,C,Fr,10,16,26,0.38461538461538464,0.6,48,0.625,0.8333333333333334,5,0.2,0.0,53,0.5849056603773585,0.8064516129032258,1,0.0,,0.8064516129032258,54,0.8888888888888888,0.09259259259259259,0.018518518518518517,0.9814814814814815,22,0.4074074074074074,0.9090909090909091,2026,2026
Andrija Jelavic,Kentucky,14,3,9,4,5,1,4,19,4,4,0,4,andrija jelavic,F,Fr,10,3,13,0.7692307692307693,0.5,17,0.8235294117647058,0.6428571428571429,9,0.4444444444444444,0.25,26,0.6923076923076923,0.5555555555555556,23,0.17391304347826086,1.0,0.6363636363636364,49,0.3469387755102041,0.1836734693877551,0.46938775510204084,0.5306122448979592,4,0.08163265306122448,1.0,2026,2026
Jasper Johnson,Kentucky,9,4,3,2,9,0,11,21,8,0,0,0,jasper johnson,G,Fr,9,4,13,0.6923076923076923,0.3333333333333333,13,0.6923076923076923,0.3333333333333333,11,0.18181818181818182,0.0,24,0.4583333333333333,0.2727272727272727,32,0.34375,0.7272727272727273,0.5,56,0.23214285714285715,0.19642857142857142,0.5714285714285714,0.42857142857142855,0,0.0,,2026,2026
Julien Gomez,UT Rio Grande Valley,4,1,0,1,4,0,3,4,3,0,0,0,julien gomez,G,Fr,4,1,5,0.8,0.0,5,0.8,0.0,5,0.2,0.0,10,0.5,0.0,7,0.42857142857142855,1.0,0.375,17,0.29411764705882354,0.29411764705882354,0.4117647058823529,0.5882352941176471,0,0.0,,2026,2026
Ty'Reek Coleman,Illinois St.,18,9,3,6,7,0,12,15,9,1,0,0,ty'reek coleman,G,Fr,17,9,26,0.6538461538461539,0.17647058823529413,27,0.6666666666666666,0.16666666666666666,13,0.46153846153846156,0.0,40,0.6,0.125,27,0.4444444444444444,0.75,0.3333333333333333,67,0.40298507462686567,0.19402985074626866,0.40298507462686567,0.5970149253731343,1,0.014925373134328358,1.0,2026,2026
Jared Turner,Old Dominion,2,3,0,1,1,1,14,20,14,0,0,0,jared turner,F,Jr,2,3,5,0.4,0.0,5,0.4,0.0,2,0.5,1.0,7,0.42857142857142855,0.3333333333333333,34,0.4117647058823529,1.0,0.8823529411764706,41,0.12195121951219512,0.04878048780487805,0.8292682926829268,0.17073170731707318,0,0.0,,2026,2026
Elijah Perryman,Utah St.,8,9,3,1,0,0,3,6,3,2,0,1,elijah perryman,G,Fr,6,9,15,0.4,0.3333333333333333,17,0.47058823529411764,0.375,1,1.0,0.0,18,0.5,0.3333333333333333,9,0.3333333333333333,1.0,0.5,27,0.6296296296296297,0.037037037037037035,0.3333333333333333,0.6666666666666666,2,0.07407407407407407,1.0,2026,2026
Ian Platteeuw,Davidson,9,4,3,1,4,0,0,1,0,2,0,1,ian platteeuw,F,Fr,7,4,11,0.6363636363636364,0.2857142857142857,13,0.6923076923076923,0.3333333333333333,5,0.2,0.0,18,0.5555555555555556,0.3,1,0.0,,0.3,19,0.6842105263157895,0.2631578947368421,0.05263157894736842,0.9473684210526315,2,0.10526315789473684,1.0,2026,2026
Devin Brown,Davidson,7,3,1,2,3,0,7,13,3,1,0,1,devin brown,G,Fr,6,3,9,0.6666666666666666,0.0,10,0.7,0.14285714285714285,5,0.4,0.0,15,0.6,0.1111111111111111,20,0.35,0.42857142857142855,0.25,35,0.2857142857142857,0.14285714285714285,0.5714285714285714,0.42857142857142855,1,0.02857142857142857,1.0,2026,2026
David Mirkovic,Illinois,28,13,9,5,11,2,10,24,7,0,0,0,david mirkovic,F,Fr,28,13,41,0.6829268292682927,0.32142857142857145,41,0.6829268292682927,0.32142857142857145,16,0.3125,0.4,57,0.5789473684210527,0.3333333333333333,34,0.29411764705882354,0.7,0.4186046511627907,91,0.45054945054945056,0.17582417582417584,0.37362637362637363,0.6263736263736264,0,0.0,,2026,2026
Leo Beath,UC San Diego,28,9,9,9,14,1,17,18,15,5,0,4,leo beath,F,Jr,23,9,32,0.71875,0.21739130434782608,37,0.7567567567567568,0.32142857142857145,23,0.391304347826087,0.1111111111111111,60,0.6166666666666667,0.2702702702702703,35,0.4857142857142857,0.8823529411764706,0.46296296296296297,95,0.3894736842105263,0.24210526315789474,0.3684210526315789,0.631578947368421,5,0.05263157894736842,1.0,2026,2026
JJ Harper,Liberty,18,9,12,0,0,0,6,7,6,6,0,4,jj harper,G,Sr,12,9,21,0.5714285714285714,0.6666666666666666,27,0.6666666666666666,0.6666666666666666,0,,,27,0.6666666666666666,0.6666666666666666,13,0.46153846153846156,1.0,0.75,40,0.675,0.0,0.325,0.675,6,0.15,1.0,2026,2026
Tavarus Webb,Georgia Southern,38,23,9,6,4,0,10,23,9,1,0,0,tavarus webb,G,Sr,37,23,60,0.6166666666666667,0.24324324324324326,61,0.6229508196721312,0.23684210526315788,10,0.6,0.0,71,0.6197183098591549,0.20454545454545456,33,0.30303030303030304,0.9,0.3333333333333333,104,0.5865384615384616,0.09615384615384616,0.3173076923076923,0.6826923076923077,1,0.009615384615384616,1.0,2026,2026
Collin Parker,Austin Peay,18,10,3,11,17,6,17,15,16,0,0,0,collin parker,F,Sr,18,10,28,0.6428571428571429,0.16666666666666666,28,0.6428571428571429,0.16666666666666666,28,0.39285714285714285,0.5454545454545454,56,0.5178571428571429,0.3103448275862069,32,0.53125,0.9411764705882353,0.5434782608695652,88,0.3181818181818182,0.3181818181818182,0.36363636363636365,0.6363636363636364,0,0.0,,2026,2026
Nasir Meyer,Wyoming,13,10,3,5,7,1,8,19,8,0,0,0,nasir meyer,G,Fr,13,10,23,0.5652173913043478,0.23076923076923078,23,0.5652173913043478,0.23076923076923078,12,0.4166666666666667,0.2,35,0.5142857142857142,0.2222222222222222,27,0.2962962962962963,1.0,0.46153846153846156,62,0.3709677419354839,0.1935483870967742,0.43548387096774194,0.5645161290322581,0,0.0,,2026,2026
Filip Brankovic,UT Rio Grande Valley,10,6,6,7,14,1,8,6,8,0,0,0,filip brankovic,F,Jr,10,6,16,0.625,0.6,16,0.625,0.6,21,0.3333333333333333,0.14285714285714285,37,0.4594594594594595,0.4117647058823529,14,0.5714285714285714,1.0,0.6,51,0.3137254901960784,0.4117647058823529,0.27450980392156865,0.7254901960784313,0,0.0,,2026,2026
Trey Simpson,Kennesaw St.,8,1,1,1,2,0,7,17,7,2,0,0,trey simpson,F,Fr,6,1,7,0.8571428571428571,0.16666666666666666,9,0.8888888888888888,0.125,3,0.3333333333333333,0.0,12,0.75,0.1111111111111111,24,0.2916666666666667,1.0,0.5,36,0.25,0.08333333333333333,0.6666666666666666,0.3333333333333333,2,0.05555555555555555,1.0,2026,2026
Xavier Edmonds,TCU,14,7,11,8,5,4,1,4,1,1,0,0,xavier edmonds,C,Jr,13,7,20,0.65,0.8461538461538461,21,0.6666666666666666,0.7857142857142857,13,0.6153846153846154,0.5,34,0.6470588235294118,0.6818181818181818,5,0.2,1.0,0.6956521739130435,39,0.5384615384615384,0.3333333333333333,0.1282051282051282,0.8717948717948718,1,0.02564102564102564,1.0,2026,2026
TJ Robinson,Saint Peter's,16,24,0,6,4,1,6,15,5,0,0,0,tj robinson,G,Fr,16,24,40,0.4,0.0,40,0.4,0.0,10,0.6,0.16666666666666666,50,0.44,0.045454545454545456,21,0.2857142857142857,0.8333333333333334,0.21428571428571427,71,0.5633802816901409,0.14084507042253522,0.29577464788732394,0.704225352112676,0,0.0,,2026,2026
Bol Agu,Saint Peter's,2,1,1,5,3,2,2,7,2,0,0,0,bol agu,F,Jr,2,1,3,0.6666666666666666,0.5,3,0.6666666666666666,0.5,8,0.625,0.4,11,0.6363636363636364,0.42857142857142855,9,0.2222222222222222,1.0,0.5555555555555556,20,0.15,0.4,0.45,0.55,0,0.0,,2026,2026
Xavion Staton,BYU,2,1,2,0,0,0,0,0,0,1,0,1,xavion staton,C,Fr,1,1,2,0.5,1.0,3,0.6666666666666666,1.0,0,,,3,0.6666666666666666,1.0,0,,,1.0,3,1.0,0.0,0.0,1.0,1,0.3333333333333333,1.0,2026,2026
Brayden Shorter,Murray St.,2,0,0,1,0,0,23,42,23,0,0,0,brayden shorter,F,Jr,2,0,2,1.0,0.0,2,1.0,0.0,1,1.0,0.0,3,1.0,0.0,65,0.35384615384615387,1.0,0.8846153846153846,68,0.029411764705882353,0.014705882352941176,0.9558823529411765,0.04411764705882353,0,0.0,,2026,2026
Roor Akhuar,Fordham,6,2,3,1,1,1,4,6,4,3,0,2,roor akhuar,F,Fr,3,2,5,0.6,0.3333333333333333,8,0.75,0.5,2,0.5,1.0,10,0.7,0.5714285714285714,10,0.4,1.0,0.7272727272727273,20,0.4,0.1,0.5,0.5,3,0.15,1.0,2026,2026
Trevian Carson,North Dakota St.,12,14,8,9,8,3,12,21,12,1,0,0,trevian carson,G,Jr,11,14,25,0.44,0.7272727272727273,26,0.46153846153846156,0.6666666666666666,17,0.5294117647058824,0.3333333333333333,43,0.4883720930232558,0.5238095238095238,33,0.36363636363636365,1.0,0.696969696969697,76,0.34210526315789475,0.2236842105263158,0.4342105263157895,0.5657894736842105,1,0.013157894736842105,1.0,2026,2026
Noah Meeusen,Arizona St.,4,0,1,0,1,0,6,10,4,0,0,0,noah meeusen,G,So,4,0,4,1.0,0.25,4,1.0,0.25,1,0.0,,5,0.8,0.25,16,0.375,0.6666666666666666,0.5,21,0.19047619047619047,0.047619047619047616,0.7619047619047619,0.23809523809523808,0,0.0,,2026,2026
Joseph Locandro,Maryland Eastern Shore,16,10,12,8,14,5,20,17,19,0,0,0,joseph locandro,F,Sr,16,10,26,0.6153846153846154,0.75,26,0.6153846153846154,0.75,22,0.36363636363636365,0.625,48,0.5,0.7083333333333334,37,0.5405405405405406,0.95,0.8181818181818182,85,0.3058823529411765,0.25882352941176473,0.43529411764705883,0.5647058823529412,0,0.0,,2026,2026
Tristan Smith,Northern Iowa,32,21,17,0,3,0,2,5,2,8,0,6,tristan smith,F,Sr,24,21,45,0.5333333333333333,0.4583333333333333,53,0.6037735849056604,0.53125,3,0.0,,56,0.5714285714285714,0.53125,7,0.2857142857142857,1.0,0.5588235294117647,63,0.8412698412698413,0.047619047619047616,0.1111111111111111,0.8888888888888888,8,0.12698412698412698,1.0,2026,2026
Nolan Groves,Texas Tech,0,2,0,1,1,1,4,10,4,0,0,0,nolan groves,G,Fr,0,2,2,0.0,,2,0.0,,2,0.5,1.0,4,0.25,1.0,14,0.2857142857142857,1.0,1.0,18,0.1111111111111111,0.1111111111111111,0.7777777777777778,0.2222222222222222,0,0.0,,2026,2026
Chaze Harris,South Alabama,42,36,6,7,11,1,0,5,0,3,1,3,chaze harris,G,Sr,39,35,74,0.527027027027027,0.07692307692307693,78,0.5384615384615384,0.14285714285714285,18,0.3888888888888889,0.14285714285714285,96,0.5104166666666666,0.14285714285714285,5,0.0,,0.14285714285714285,101,0.7722772277227723,0.1782178217821782,0.04950495049504951,0.9504950495049505,4,0.039603960396039604,0.75,2026,2026
Tomislav Buljan,New Mexico,31,17,18,3,6,1,2,6,2,11,2,9,tomislav buljan,F,Fr,20,15,35,0.5714285714285714,0.45,48,0.6458333333333334,0.5806451612903226,9,0.3333333333333333,0.3333333333333333,57,0.5964912280701754,0.5588235294117647,8,0.25,1.0,0.5833333333333334,65,0.7384615384615385,0.13846153846153847,0.12307692307692308,0.8769230769230769,13,0.2,0.8461538461538461,2026,2026
Tasman Goodrick,Siena,33,16,24,2,2,2,0,1,0,7,1,7,tasman goodrick,C,Jr,26,15,41,0.6341463414634146,0.6538461538461539,49,0.673469387755102,0.7272727272727273,4,0.5,1.0,53,0.660377358490566,0.7428571428571429,1,0.0,,0.7428571428571429,54,0.9074074074074074,0.07407407407407407,0.018518518518518517,0.9814814814814815,8,0.14814814814814814,0.875,2026,2026
Brian Sumpter,Wofford,23,12,19,0,1,0,0,5,0,10,0,9,brian sumpter,C,Fr,13,12,25,0.52,0.7692307692307693,35,0.6571428571428571,0.8260869565217391,1,0.0,,36,0.6388888888888888,0.8260869565217391,5,0.0,,0.8260869565217391,41,0.8536585365853658,0.024390243902439025,0.12195121951219512,0.8780487804878049,10,0.24390243902439024,1.0,2026,2026
Griffen Goodbary,Drake,6,7,3,0,0,0,3,8,3,2,2,2,griffen goodbary,F,Fr,4,5,9,0.4444444444444444,0.25,13,0.46153846153846156,0.5,0,,,13,0.46153846153846156,0.5,11,0.2727272727272727,1.0,0.6666666666666666,24,0.5416666666666666,0.0,0.4583333333333333,0.5416666666666666,4,0.16666666666666666,0.5,2026,2026
Johnny Radford,Eastern Washington,3,5,2,3,5,1,15,29,12,0,0,0,johnny radford,G,Sr,3,5,8,0.375,0.6666666666666666,8,0.375,0.6666666666666666,8,0.375,0.3333333333333333,16,0.375,0.5,44,0.3409090909090909,0.8,0.7142857142857143,60,0.13333333333333333,0.13333333333333333,0.7333333333333333,0.26666666666666666,0,0.0,,2026,2026
Amare Bynum,Ohio St.,17,5,10,2,6,2,6,12,6,8,0,5,amare bynum,F,Fr,9,5,14,0.6428571428571429,0.5555555555555556,22,0.7727272727272727,0.5882352941176471,8,0.25,1.0,30,0.6333333333333333,0.631578947368421,18,0.3333333333333333,1.0,0.72,48,0.4583333333333333,0.16666666666666666,0.375,0.625,8,0.16666666666666666,1.0,2026,2026
Assane Mandian,UNC Greensboro,3,3,2,1,2,1,8,12,6,0,0,0,assane mandian,G,Fr,3,3,6,0.5,0.6666666666666666,6,0.5,0.6666666666666666,3,0.3333333333333333,1.0,9,0.4444444444444444,0.75,20,0.4,0.75,0.75,29,0.20689655172413793,0.10344827586206896,0.6896551724137931,0.3103448275862069,0,0.0,,2026,2026
Michael Cooper,Wright St.,8,10,1,17,10,5,16,23,8,0,0,0,michael cooper,G,Fr,8,10,18,0.4444444444444444,0.125,18,0.4444444444444444,0.125,27,0.6296296296296297,0.29411764705882354,45,0.5555555555555556,0.24,39,0.41025641025641024,0.5,0.34146341463414637,84,0.21428571428571427,0.32142857142857145,0.4642857142857143,0.5357142857142857,0,0.0,,2026,2026
Tate Darner,Chattanooga,7,5,6,1,3,0,12,17,12,0,0,0,tate darner,G,Fr,7,5,12,0.5833333333333334,0.8571428571428571,12,0.5833333333333334,0.8571428571428571,4,0.25,0.0,16,0.5,0.75,29,0.41379310344827586,1.0,0.9,45,0.26666666666666666,0.08888888888888889,0.6444444444444445,0.35555555555555557,0,0.0,,2026,2026
Andy Johnson,Illinois Chicago,7,12,4,4,15,3,14,23,10,1,2,0,andy johnson,G,Fr,6,10,16,0.375,0.6666666666666666,19,0.3684210526315789,0.5714285714285714,19,0.21052631578947367,0.75,38,0.2894736842105263,0.6363636363636364,37,0.3783783783783784,0.7142857142857143,0.68,75,0.25333333333333335,0.25333333333333335,0.49333333333333335,0.5066666666666667,3,0.04,0.3333333333333333,2026,2026
Rashund Washington Jr,Illinois Chicago,20,5,4,2,0,1,5,16,4,6,0,2,rashund washington jr,F,Fr,14,5,19,0.7368421052631579,0.14285714285714285,25,0.8,0.2,2,1.0,0.5,27,0.8148148148148148,0.22727272727272727,21,0.23809523809523808,0.8,0.3333333333333333,48,0.5208333333333334,0.041666666666666664,0.4375,0.5625,6,0.125,1.0,2026,2026
Johann Grünloh,Virginia,24,6,16,2,5,1,6,12,6,13,1,11,johann grünloh,C,Fr,11,5,16,0.6875,0.45454545454545453,30,0.8,0.6666666666666666,7,0.2857142857142857,0.5,37,0.7027027027027027,0.6538461538461539,18,0.3333333333333333,1.0,0.71875,55,0.5454545454545454,0.12727272727272726,0.32727272727272727,0.6727272727272727,14,0.2545454545454545,0.9285714285714286,2026,2026
Austin Williford,Saint Joseph's,5,3,2,4,4,1,4,8,3,0,0,0,austin williford,F,Fr,5,3,8,0.625,0.4,8,0.625,0.4,8,0.5,0.25,16,0.5625,0.3333333333333333,12,0.3333333333333333,0.75,0.46153846153846156,28,0.2857142857142857,0.2857142857142857,0.42857142857142855,0.5714285714285714,0,0.0,,2026,2026
Jalen Haralson,Notre Dame,34,15,11,13,19,2,0,7,0,7,0,7,jalen haralson,F,Fr,27,15,42,0.6428571428571429,0.14814814814814814,49,0.6938775510204082,0.3235294117647059,32,0.40625,0.15384615384615385,81,0.5802469135802469,0.2765957446808511,7,0.0,,0.2765957446808511,88,0.5568181818181818,0.36363636363636365,0.07954545454545454,0.9204545454545454,7,0.07954545454545454,1.0,2026,2026
Jake Hall,New Mexico,8,0,2,5,8,1,21,35,18,0,0,0,jake hall,G,Fr,8,0,8,1.0,0.25,8,1.0,0.25,13,0.38461538461538464,0.2,21,0.6190476190476191,0.23076923076923078,56,0.375,0.8571428571428571,0.6176470588235294,77,0.1038961038961039,0.16883116883116883,0.7272727272727273,0.2727272727272727,0,0.0,,2026,2026
Ruben Dominguez,Texas A&M,2,1,1,2,2,1,37,38,37,0,0,0,ruben dominguez,G,So,2,1,3,0.6666666666666666,0.5,3,0.6666666666666666,0.5,4,0.5,0.5,7,0.5714285714285714,0.5,75,0.49333333333333335,1.0,0.9512195121951219,82,0.036585365853658534,0.04878048780487805,0.9146341463414634,0.08536585365853659,0,0.0,,2026,2026
Michael Simcoe,UC Santa Barbara,11,4,9,0,1,0,1,4,1,4,1,4,michael simcoe,F,Fr,7,3,10,0.7,0.7142857142857143,15,0.7333333333333333,0.8181818181818182,1,0.0,,16,0.6875,0.8181818181818182,5,0.2,1.0,0.8333333333333334,21,0.7142857142857143,0.047619047619047616,0.23809523809523808,0.7619047619047619,5,0.23809523809523808,0.8,2026,2026
Yaak Yaak,Oregon St.,3,1,2,2,2,2,1,1,1,2,1,2,yaak yaak,F,Jr,1,0,1,1.0,0.0,4,0.75,0.6666666666666666,4,0.5,1.0,8,0.625,0.8,2,0.5,1.0,0.8333333333333334,10,0.4,0.4,0.2,0.8,3,0.3,0.6666666666666666,2026,2026
Isaac Taveras,Southern Miss,40,26,17,7,9,1,4,8,3,6,0,3,isaac taveras,G,Jr,34,26,60,0.5666666666666667,0.4117647058823529,66,0.6060606060606061,0.425,16,0.4375,0.14285714285714285,82,0.573170731707317,0.3829787234042553,12,0.3333333333333333,0.75,0.4117647058823529,94,0.7021276595744681,0.1702127659574468,0.1276595744680851,0.8723404255319149,6,0.06382978723404255,1.0,2026,2026
Timofei Rudovskii,Bryant,14,7,5,4,7,0,17,32,15,3,0,2,timofei rudovskii,F,Fr,11,7,18,0.6111111111111112,0.2727272727272727,21,0.6666666666666666,0.35714285714285715,11,0.36363636363636365,0.0,32,0.5625,0.2777777777777778,49,0.3469387755102041,0.8823529411764706,0.5714285714285714,81,0.25925925925925924,0.13580246913580246,0.6049382716049383,0.3950617283950617,3,0.037037037037037035,1.0,2026,2026
"Owen Bronston, Jr.",South Carolina St.,10,8,2,8,18,4,23,36,23,1,0,0,"owen bronston, jr.",G,Jr,9,8,17,0.5294117647058824,0.2222222222222222,18,0.5555555555555556,0.2,26,0.3076923076923077,0.5,44,0.4090909090909091,0.3333333333333333,59,0.3898305084745763,1.0,0.7073170731707317,103,0.17475728155339806,0.2524271844660194,0.5728155339805825,0.42718446601941745,1,0.009708737864077669,1.0,2026,2026
Darius Acuff Jr.,Arkansas,21,11,7,15,27,3,21,29,16,3,1,2,darius acuff jr.,G,Fr,18,10,28,0.6428571428571429,0.2777777777777778,32,0.65625,0.3333333333333333,42,0.35714285714285715,0.2,74,0.4864864864864865,0.2777777777777778,50,0.42,0.7619047619047619,0.45614035087719296,124,0.25806451612903225,0.3387096774193548,0.4032258064516129,0.5967741935483871,4,0.03225806451612903,0.75,2026,2026
